solid horizontal-hub
facet normal 0.187381314585701 0.982287250728693 -6.16297582203915e-033
outer loop
vertex 21.2476262917141 34.6457450145736 -70.6005869886967
vertex 20.0066646712855 34.8422940262894 -72.1005869886967
vertex 20.0066646712855 34.8422940262894 -70.6005869886967
endloop
endfacet
facet normal 0.125333233564279 0.992114701314481 0.0
outer loop
vertex 20.0066646712855 34.8422940262894 -72.1005869886967
vertex 21.2476262917141 34.6457450145736 -70.6005869886967
vertex 21.2476262917141 34.6457450145736 -72.1005869886967
endloop
endfacet
facet normal -0.0627905195293428 0.99802672842827 6.16297582203916e-033
outer loop
vertex 16.2441896094132 34.9605345685652 -72.1005869886967
vertex 14.9933353287134 34.8422940262893 -70.6005869886967
vertex 16.2441896094132 34.9605345685652 -70.6005869886967
endloop
endfacet
facet normal -0.125333233564331 0.992114701314475 -1.23259516440783e-032
outer loop
vertex 14.9933353287134 34.8422940262893 -70.6005869886967
vertex 16.2441896094132 34.9605345685652 -72.1005869886967
vertex 14.9933353287134 34.8422940262893 -72.1005869886967
endloop
endfacet
facet normal 0.99802672842827 0.0627905195293312 0.0
outer loop
vertex 37.4605345685654 16.2558103905864 -72.1005869886967
vertex 37.5 15.0000000000002 -70.6005869886967
vertex 37.5 15.0000000000002 -72.1005869886967
endloop
endfacet
facet normal 1.0 1.79834251220416e-014 1.4791141972894e-031
outer loop
vertex 37.5 15.0000000000002 -70.6005869886967
vertex 37.4605345685654 16.2558103905864 -72.1005869886967
vertex 37.4605345685654 16.2558103905864 -70.6005869886967
endloop
endfacet
facet normal 0.770513242775776 0.637423989748705 0.0
outer loop
vertex 32.9102648555155 27.7484797949739 -72.1005869886967
vertex 33.6803398874987 26.7557050458496 -70.6005869886967
vertex 33.6803398874987 26.7557050458496 -72.1005869886967
endloop
endfacet
facet normal 0.809016994374937 0.587785252292488 -2.46519032881566e-032
outer loop
vertex 33.6803398874987 26.7557050458496 -70.6005869886967
vertex 32.9102648555155 27.7484797949739 -72.1005869886967
vertex 32.9102648555155 27.7484797949739 -70.6005869886967
endloop
endfacet
facet normal 0.876306680043854 0.481753674101733 0.0
outer loop
vertex 35.0261336008771 24.6350734820344 -72.1005869886967
vertex 35.5965410493202 23.5155858313016 -70.6005869886967
vertex 35.5965410493202 23.5155858313016 -72.1005869886967
endloop
endfacet
facet normal 0.904827052466011 0.425779291565091 -4.93038065763132e-032
outer loop
vertex 35.5965410493202 23.5155858313016 -70.6005869886967
vertex 35.0261336008771 24.6350734820344 -72.1005869886967
vertex 35.0261336008771 24.6350734820344 -70.6005869886967
endloop
endfacet
facet normal -0.24868988716488 0.968583161128625 0.0
outer loop
vertex 12.5262022567024 34.3716632225723 -72.1005869886967
vertex 11.3196601125006 34.0211303259027 -70.6005869886967
vertex 12.5262022567024 34.3716632225723 -70.6005869886967
endloop
endfacet
facet normal -0.30901699437497 0.951056516295146 -1.23259516440783e-032
outer loop
vertex 11.3196601125006 34.0211303259027 -70.6005869886967
vertex 12.5262022567024 34.3716632225723 -72.1005869886967
vertex 11.3196601125006 34.0211303259027 -72.1005869886967
endloop
endfacet
facet normal 0.728968627421398 0.684547105928703 4.93038065763132e-032
outer loop
vertex 32.079372548428 28.6909421185738 -72.1005869886967
vertex 31.1909421185735 29.5793725484283 -70.6005869886967
vertex 32.079372548428 28.6909421185738 -70.6005869886967
endloop
endfacet
facet normal 0.684547105928676 0.728968627421424 0.0
outer loop
vertex 31.1909421185735 29.5793725484283 -70.6005869886967
vertex 32.079372548428 28.6909421185738 -72.1005869886967
vertex 31.1909421185735 29.5793725484283 -72.1005869886967
endloop
endfacet
facet normal 0.982287250728685 0.187381314585744 9.86076131526265e-032
outer loop
vertex 37.1457450145737 18.7476262917147 -72.1005869886967
vertex 37.3422940262895 17.5066646712862 -70.6005869886967
vertex 37.3422940262895 17.5066646712862 -72.1005869886967
endloop
endfacet
facet normal 0.992114701314476 0.125333233564321 1.4791141972894e-031
outer loop
vertex 37.3422940262895 17.5066646712862 -70.6005869886967
vertex 37.1457450145737 18.7476262917147 -72.1005869886967
vertex 37.1457450145737 18.7476262917147 -70.6005869886967
endloop
endfacet
facet normal 0.904827052466011 0.425779291565091 -4.93038065763132e-032
outer loop
vertex 35.5965410493202 23.5155858313016 -72.1005869886967
vertex 36.0955297177649 22.3624910536937 -70.6005869886967
vertex 36.0955297177649 22.3624910536937 -72.1005869886967
endloop
endfacet
facet normal 0.929776485888244 0.368124552684696 4.93038065763132e-032
outer loop
vertex 36.0955297177649 22.3624910536937 -70.6005869886967
vertex 35.5965410493202 23.5155858313016 -72.1005869886967
vertex 35.5965410493202 23.5155858313016 -70.6005869886967
endloop
endfacet
facet normal -2.91208621600226e-014 1.0 -6.13345190224349e-035
outer loop
vertex 17.4999999999995 34.9999999999998 -72.1005869886967
vertex 16.2441896094132 34.9605345685652 -70.6005869886967
vertex 17.4999999999995 34.9999999999998 -70.6005869886967
endloop
endfacet
facet normal -0.0627905195293428 0.99802672842827 6.16297582203916e-033
outer loop
vertex 16.2441896094132 34.9605345685652 -70.6005869886967
vertex 17.4999999999995 34.9999999999998 -72.1005869886967
vertex 16.2441896094132 34.9605345685652 -72.1005869886967
endloop
endfacet
facet normal 0.929776485888244 0.368124552684696 4.93038065763132e-032
outer loop
vertex 36.0955297177649 22.3624910536937 -72.1005869886967
vertex 36.5211303259029 21.1803398874991 -70.6005869886967
vertex 36.5211303259029 21.1803398874991 -72.1005869886967
endloop
endfacet
facet normal 0.951056516295147 0.309016994374967 0.0
outer loop
vertex 36.5211303259029 21.1803398874991 -70.6005869886967
vertex 36.0955297177649 22.3624910536937 -72.1005869886967
vertex 36.0955297177649 22.3624910536937 -70.6005869886967
endloop
endfacet
facet normal 0.968583161128626 0.248689887164876 4.93038065763132e-032
outer loop
vertex 36.8716632225725 19.9737977432973 -72.1005869886967
vertex 37.1457450145737 18.7476262917147 -70.6005869886967
vertex 37.1457450145737 18.7476262917147 -72.1005869886967
endloop
endfacet
facet normal 0.982287250728685 0.187381314585744 9.86076131526265e-032
outer loop
vertex 37.1457450145737 18.7476262917147 -70.6005869886967
vertex 36.8716632225725 19.9737977432973 -72.1005869886967
vertex 36.8716632225725 19.9737977432973 -70.6005869886967
endloop
endfacet
facet normal 0.684547105928676 0.728968627421424 0.0
outer loop
vertex 31.1909421185735 29.5793725484283 -72.1005869886967
vertex 30.2484797949735 30.4102648555158 -70.6005869886967
vertex 31.1909421185735 29.5793725484283 -70.6005869886967
endloop
endfacet
facet normal 0.637423989748675 0.770513242775802 0.0
outer loop
vertex 30.2484797949735 30.4102648555158 -70.6005869886967
vertex 31.1909421185735 29.5793725484283 -72.1005869886967
vertex 30.2484797949735 30.4102648555158 -72.1005869886967
endloop
endfacet
facet normal 0.637423989748675 0.770513242775802 0.0
outer loop
vertex 30.2484797949735 30.4102648555158 -72.1005869886967
vertex 29.2557050458491 31.180339887499 -70.6005869886967
vertex 30.2484797949735 30.4102648555158 -70.6005869886967
endloop
endfacet
facet normal 0.587785252292457 0.809016994374959 4.93038065763132e-032
outer loop
vertex 29.2557050458491 31.180339887499 -70.6005869886967
vertex 30.2484797949735 30.4102648555158 -72.1005869886967
vertex 29.2557050458491 31.180339887499 -72.1005869886967
endloop
endfacet
facet normal 0.992114701314476 0.125333233564321 1.4791141972894e-031
outer loop
vertex 37.3422940262895 17.5066646712862 -72.1005869886967
vertex 37.4605345685654 16.2558103905864 -70.6005869886967
vertex 37.4605345685654 16.2558103905864 -72.1005869886967
endloop
endfacet
facet normal 0.99802672842827 0.0627905195293312 0.0
outer loop
vertex 37.4605345685654 16.2558103905864 -70.6005869886967
vertex 37.3422940262895 17.5066646712862 -72.1005869886967
vertex 37.3422940262895 17.5066646712862 -70.6005869886967
endloop
endfacet
facet normal 0.587785252292457 0.809016994374959 4.93038065763132e-032
outer loop
vertex 29.2557050458491 31.180339887499 -72.1005869886967
vertex 28.2165358995796 31.8865585100403 -70.6005869886967
vertex 29.2557050458491 31.180339887499 -70.6005869886967
endloop
endfacet
facet normal 0.535826794978982 0.844327925502025 0.0
outer loop
vertex 28.2165358995796 31.8865585100403 -70.6005869886967
vertex 29.2557050458491 31.180339887499 -72.1005869886967
vertex 28.2165358995796 31.8865585100403 -72.1005869886967
endloop
endfacet
facet normal 0.368124552684661 0.929776485888258 1.23259516440783e-032
outer loop
vertex 24.8624910536932 33.595529717765 -72.1005869886967
vertex 23.6803398874986 34.021130325903 -70.6005869886967
vertex 24.8624910536932 33.595529717765 -70.6005869886967
endloop
endfacet
facet normal 0.309016994374931 0.951056516295159 -2.46519032881566e-032
outer loop
vertex 23.6803398874986 34.021130325903 -70.6005869886967
vertex 24.8624910536932 33.595529717765 -72.1005869886967
vertex 23.6803398874986 34.021130325903 -72.1005869886967
endloop
endfacet
facet normal -0.982287250728686 -0.187381314585742 -4.93038065763132e-032
outer loop
vertex -2.14574501457371 11.2523737082849 -70.6005869886967
vertex -1.87166322257254 10.0262022567024 -72.1005869886967
vertex -1.87166322257254 10.0262022567024 -70.6005869886967
endloop
endfacet
facet normal -0.968583161128627 -0.248689887164871 0.0
outer loop
vertex -1.87166322257254 10.0262022567024 -72.1005869886967
vertex -2.14574501457371 11.2523737082849 -70.6005869886967
vertex -2.14574501457371 11.2523737082849 -72.1005869886967
endloop
endfacet
facet normal -0.535826794979019 0.844327925502001 0.0
outer loop
vertex 6.78346410041966 31.8865585100398 -72.1005869886967
vertex 5.74429495415015 31.1803398874984 -70.6005869886967
vertex 6.78346410041966 31.8865585100398 -70.6005869886967
endloop
endfacet
facet normal -0.587785252292492 0.809016994374934 2.46519032881566e-032
outer loop
vertex 5.74429495415015 31.1803398874984 -70.6005869886967
vertex 6.78346410041966 31.8865585100398 -72.1005869886967
vertex 5.74429495415015 31.1803398874984 -72.1005869886967
endloop
endfacet
facet normal 0.951056516295147 0.309016994374967 0.0
outer loop
vertex 36.5211303259029 21.1803398874991 -72.1005869886967
vertex 36.8716632225725 19.9737977432973 -70.6005869886967
vertex 36.8716632225725 19.9737977432973 -72.1005869886967
endloop
endfacet
facet normal 0.968583161128626 0.248689887164876 4.93038065763132e-032
outer loop
vertex 36.8716632225725 19.9737977432973 -70.6005869886967
vertex 36.5211303259029 21.1803398874991 -72.1005869886967
vertex 36.5211303259029 21.1803398874991 -70.6005869886967
endloop
endfacet
facet normal -0.951056516295148 -0.309016994374964 4.93038065763132e-032
outer loop
vertex -1.52113032590297 8.81966011250052 -70.6005869886967
vertex -1.09552971776491 7.63750894630592 -72.1005869886967
vertex -1.09552971776491 7.63750894630592 -70.6005869886967
endloop
endfacet
facet normal -0.929776485888246 -0.368124552684693 -4.93038065763132e-032
outer loop
vertex -1.09552971776491 7.63750894630592 -72.1005869886967
vertex -1.52113032590297 8.81966011250052 -70.6005869886967
vertex -1.52113032590297 8.81966011250052 -72.1005869886967
endloop
endfacet
facet normal -0.7289686274214 -0.6845471059287 4.93038065763132e-032
outer loop
vertex 2.92062745157198 1.30905788142578 -72.1005869886967
vertex 3.80905788142645 0.42062745157134 -70.6005869886967
vertex 2.92062745157198 1.30905788142578 -70.6005869886967
endloop
endfacet
facet normal -0.684547105928677 -0.728968627421422 7.39557098644699e-032
outer loop
vertex 3.80905788142645 0.42062745157134 -70.6005869886967
vertex 2.92062745157198 1.30905788142578 -72.1005869886967
vertex 3.80905788142645 0.42062745157134 -72.1005869886967
endloop
endfacet
facet normal 0.481753674101699 0.876306680043873 -2.46519032881566e-032
outer loop
vertex 27.135073482034 32.5261336008772 -72.1005869886967
vertex 26.0155858313011 33.0965410493203 -70.6005869886967
vertex 27.135073482034 32.5261336008772 -70.6005869886967
endloop
endfacet
facet normal 0.425779291565054 0.904827052466029 0.0
outer loop
vertex 26.0155858313011 33.0965410493203 -70.6005869886967
vertex 27.135073482034 32.5261336008772 -72.1005869886967
vertex 26.0155858313011 33.0965410493203 -72.1005869886967
endloop
endfacet
facet normal 0.425779291565054 0.904827052466029 0.0
outer loop
vertex 26.0155858313011 33.0965410493203 -72.1005869886967
vertex 24.8624910536932 33.595529717765 -70.6005869886967
vertex 26.0155858313011 33.0965410493203 -70.6005869886967
endloop
endfacet
facet normal 0.368124552684661 0.929776485888258 0.0
outer loop
vertex 24.8624910536932 33.595529717765 -70.6005869886967
vertex 26.0155858313011 33.0965410493203 -72.1005869886967
vertex 24.8624910536932 33.595529717765 -72.1005869886967
endloop
endfacet
facet normal 0.0627905195292868 0.998026728428273 0.0
outer loop
vertex 18.7558103905857 34.9605345685653 -72.1005869886967
vertex 17.4999999999995 34.9999999999998 -70.6005869886967
vertex 18.7558103905857 34.9605345685653 -70.6005869886967
endloop
endfacet
facet normal -2.93462626715055e-014 1.0 -4.90676152178078e-034
outer loop
vertex 17.4999999999995 34.9999999999998 -70.6005869886967
vertex 18.7558103905857 34.9605345685653 -72.1005869886967
vertex 17.4999999999995 34.9999999999998 -72.1005869886967
endloop
endfacet
facet normal 0.535826794978982 0.844327925502025 0.0
outer loop
vertex 28.2165358995796 31.8865585100403 -72.1005869886967
vertex 27.135073482034 32.5261336008772 -70.6005869886967
vertex 28.2165358995796 31.8865585100403 -70.6005869886967
endloop
endfacet
facet normal 0.481753674101699 0.876306680043873 -2.46519032881566e-032
outer loop
vertex 27.135073482034 32.5261336008772 -70.6005869886967
vertex 28.2165358995796 31.8865585100403 -72.1005869886967
vertex 27.135073482034 32.5261336008772 -72.1005869886967
endloop
endfacet
facet normal -0.187381314585752 0.982287250728684 -1.23259516440783e-032
outer loop
vertex 13.752373708285 34.6457450145735 -72.1005869886967
vertex 12.5262022567024 34.3716632225723 -70.6005869886967
vertex 13.752373708285 34.6457450145735 -70.6005869886967
endloop
endfacet
facet normal -0.24868988716488 0.968583161128625 0.0
outer loop
vertex 12.5262022567024 34.3716632225723 -70.6005869886967
vertex 13.752373708285 34.6457450145735 -72.1005869886967
vertex 12.5262022567024 34.3716632225723 -72.1005869886967
endloop
endfacet
facet normal 0.728968627421398 0.684547105928703 4.93038065763132e-032
outer loop
vertex 32.079372548428 28.6909421185738 -72.1005869886967
vertex 32.9102648555155 27.7484797949739 -70.6005869886967
vertex 32.9102648555155 27.7484797949739 -72.1005869886967
endloop
endfacet
facet normal 0.770513242775776 0.637423989748705 0.0
outer loop
vertex 32.9102648555155 27.7484797949739 -70.6005869886967
vertex 32.079372548428 28.6909421185738 -72.1005869886967
vertex 32.079372548428 28.6909421185738 -70.6005869886967
endloop
endfacet
facet normal 0.809016994374937 0.587785252292488 -2.46519032881566e-032
outer loop
vertex 33.6803398874987 26.7557050458496 -72.1005869886967
vertex 34.3865585100401 25.71653589958 -70.6005869886967
vertex 34.3865585100401 25.71653589958 -72.1005869886967
endloop
endfacet
facet normal 0.844327925502006 0.535826794979012 0.0
outer loop
vertex 34.3865585100401 25.71653589958 -70.6005869886967
vertex 33.6803398874987 26.7557050458496 -72.1005869886967
vertex 33.6803398874987 26.7557050458496 -70.6005869886967
endloop
endfacet
facet normal 0.248689887164835 0.968583161128636 0.0
outer loop
vertex 22.4737977432967 34.3716632225725 -72.1005869886967
vertex 21.2476262917141 34.6457450145736 -70.6005869886967
vertex 22.4737977432967 34.3716632225725 -70.6005869886967
endloop
endfacet
facet normal 0.187381314585701 0.982287250728693 -6.16297582203915e-033
outer loop
vertex 21.2476262917141 34.6457450145736 -70.6005869886967
vertex 22.4737977432967 34.3716632225725 -72.1005869886967
vertex 21.2476262917141 34.6457450145736 -72.1005869886967
endloop
endfacet
facet normal 0.844327925502006 0.535826794979012 0.0
outer loop
vertex 34.3865585100401 25.71653589958 -72.1005869886967
vertex 35.0261336008771 24.6350734820344 -70.6005869886967
vertex 35.0261336008771 24.6350734820344 -72.1005869886967
endloop
endfacet
facet normal 0.876306680043854 0.481753674101733 0.0
outer loop
vertex 35.0261336008771 24.6350734820344 -70.6005869886967
vertex 34.3865585100401 25.71653589958 -72.1005869886967
vertex 34.3865585100401 25.71653589958 -70.6005869886967
endloop
endfacet
facet normal 0.309016994374932 0.951056516295159 -2.46519032881566e-032
outer loop
vertex 23.6803398874986 34.021130325903 -72.1005869886967
vertex 22.4737977432967 34.3716632225725 -70.6005869886967
vertex 23.6803398874986 34.021130325903 -70.6005869886967
endloop
endfacet
facet normal 0.248689887164836 0.968583161128636 0.0
outer loop
vertex 22.4737977432967 34.3716632225725 -70.6005869886967
vertex 23.6803398874986 34.021130325903 -72.1005869886967
vertex 22.4737977432967 34.3716632225725 -72.1005869886967
endloop
endfacet
facet normal -0.30901699437497 0.951056516295146 -1.23259516440783e-032
outer loop
vertex 11.3196601125006 34.0211303259027 -72.1005869886967
vertex 10.137508946306 33.5955297177646 -70.6005869886967
vertex 11.3196601125006 34.0211303259027 -70.6005869886967
endloop
endfacet
facet normal -0.368124552684701 0.929776485888242 0.0
outer loop
vertex 10.137508946306 33.5955297177646 -70.6005869886967
vertex 11.3196601125006 34.0211303259027 -72.1005869886967
vertex 10.137508946306 33.5955297177646 -72.1005869886967
endloop
endfacet
facet normal -0.929776485888246 -0.368124552684693 -4.93038065763132e-032
outer loop
vertex -1.09552971776491 7.63750894630592 -70.6005869886967
vertex -0.596541049320256 6.48441416869804 -72.1005869886967
vertex -0.596541049320256 6.48441416869804 -70.6005869886967
endloop
endfacet
facet normal -0.904827052466013 -0.425779291565087 -1.4791141972894e-031
outer loop
vertex -0.596541049320256 6.48441416869804 -72.1005869886967
vertex -1.09552971776491 7.63750894630592 -70.6005869886967
vertex -1.09552971776491 7.63750894630592 -72.1005869886967
endloop
endfacet
facet normal -0.637423989748707 0.770513242775775 2.46519032881566e-032
outer loop
vertex 4.75152020502584 30.4102648555153 -72.1005869886967
vertex 3.80905788142588 29.5793725484277 -70.6005869886967
vertex 4.75152020502584 30.4102648555153 -70.6005869886967
endloop
endfacet
facet normal -0.684547105928705 0.728968627421396 2.46519032881566e-032
outer loop
vertex 3.80905788142588 29.5793725484277 -70.6005869886967
vertex 4.75152020502584 30.4102648555153 -72.1005869886967
vertex 3.80905788142588 29.5793725484277 -72.1005869886967
endloop
endfacet
facet normal -0.876306680043874 0.481753674101696 4.93038065763132e-032
outer loop
vertex -0.026133600877481 24.6350734820337 -70.6005869886967
vertex -0.596541049320572 23.5155858313009 -72.1005869886967
vertex -0.596541049320572 23.5155858313009 -70.6005869886967
endloop
endfacet
facet normal -0.904827052466028 0.425779291565054 0.0
outer loop
vertex -0.596541049320572 23.5155858313009 -72.1005869886967
vertex -0.026133600877481 24.6350734820337 -70.6005869886967
vertex -0.026133600877481 24.6350734820337 -72.1005869886967
endloop
endfacet
facet normal -0.904827052466028 0.425779291565054 0.0
outer loop
vertex -0.596541049320572 23.5155858313009 -70.6005869886967
vertex -1.09552971776518 22.362491053693 -72.1005869886967
vertex -1.09552971776518 22.362491053693 -70.6005869886967
endloop
endfacet
facet normal -0.929776485888259 0.368124552684658 0.0
outer loop
vertex -1.09552971776518 22.362491053693 -72.1005869886967
vertex -0.596541049320572 23.5155858313009 -70.6005869886967
vertex -0.596541049320572 23.5155858313009 -72.1005869886967
endloop
endfacet
facet normal -0.844327925502006 -0.53582679497901 0.0
outer loop
vertex 0.613441489959861 4.28346410041959 -70.6005869886967
vertex 1.31966011250123 3.24429495415007 -72.1005869886967
vertex 1.31966011250123 3.24429495415007 -70.6005869886967
endloop
endfacet
facet normal -0.809016994374939 -0.587785252292485 -4.93038065763132e-032
outer loop
vertex 1.31966011250123 3.24429495415007 -72.1005869886967
vertex 0.613441489959861 4.28346410041959 -70.6005869886967
vertex 0.613441489959861 4.28346410041959 -72.1005869886967
endloop
endfacet
facet normal -0.876306680043856 -0.48175367410173 -9.86076131526265e-032
outer loop
vertex -0.0261336008771201 5.3649265179652 -70.6005869886967
vertex 0.613441489959861 4.28346410041959 -72.1005869886967
vertex 0.613441489959861 4.28346410041959 -70.6005869886967
endloop
endfacet
facet normal -0.844327925502006 -0.53582679497901 0.0
outer loop
vertex 0.613441489959861 4.28346410041959 -72.1005869886967
vertex -0.0261336008771201 5.3649265179652 -70.6005869886967
vertex -0.0261336008771201 5.3649265179652 -72.1005869886967
endloop
endfacet
facet normal -0.968583161128636 0.248689887164835 0.0
outer loop
vertex -1.87166322257273 19.9737977432965 -70.6005869886967
vertex -2.14574501457385 18.7476262917139 -72.1005869886967
vertex -2.14574501457385 18.7476262917139 -70.6005869886967
endloop
endfacet
facet normal -0.982287250728693 0.187381314585705 -4.93038065763132e-032
outer loop
vertex -2.14574501457385 18.7476262917139 -72.1005869886967
vertex -1.87166322257273 19.9737977432965 -70.6005869886967
vertex -1.87166322257273 19.9737977432965 -72.1005869886967
endloop
endfacet
facet normal -0.982287250728693 0.187381314585705 -4.93038065763132e-032
outer loop
vertex -2.14574501457385 18.7476262917139 -70.6005869886967
vertex -2.34229402628961 17.5066646712855 -72.1005869886967
vertex -2.34229402628961 17.5066646712855 -70.6005869886967
endloop
endfacet
facet normal -0.99211470131448 0.125333233564286 0.0
outer loop
vertex -2.34229402628961 17.5066646712855 -72.1005869886967
vertex -2.14574501457385 18.7476262917139 -70.6005869886967
vertex -2.14574501457385 18.7476262917139 -72.1005869886967
endloop
endfacet
facet normal -0.844327925502027 0.535826794978978 4.93038065763132e-032
outer loop
vertex 0.61344148995946 25.7165358995794 -70.6005869886967
vertex -0.026133600877481 24.6350734820337 -72.1005869886967
vertex -0.026133600877481 24.6350734820337 -70.6005869886967
endloop
endfacet
facet normal -0.876306680043874 0.481753674101696 4.93038065763132e-032
outer loop
vertex -0.026133600877481 24.6350734820337 -72.1005869886967
vertex 0.61344148995946 25.7165358995794 -70.6005869886967
vertex 0.61344148995946 25.7165358995794 -72.1005869886967
endloop
endfacet
facet normal -0.481753674101737 0.876306680043851 2.46519032881566e-032
outer loop
vertex 7.86492651796526 32.5261336008768 -72.1005869886967
vertex 6.78346410041966 31.8865585100398 -70.6005869886967
vertex 7.86492651796526 32.5261336008768 -70.6005869886967
endloop
endfacet
facet normal -0.535826794979019 0.844327925502001 0.0
outer loop
vertex 6.78346410041966 31.8865585100398 -70.6005869886967
vertex 7.86492651796526 32.5261336008768 -72.1005869886967
vertex 6.78346410041966 31.8865585100398 -72.1005869886967
endloop
endfacet
facet normal -0.968583161128627 -0.248689887164871 0.0
outer loop
vertex -1.87166322257254 10.0262022567024 -70.6005869886967
vertex -1.52113032590297 8.81966011250052 -72.1005869886967
vertex -1.52113032590297 8.81966011250052 -70.6005869886967
endloop
endfacet
facet normal -0.951056516295148 -0.309016994374964 4.93038065763132e-032
outer loop
vertex -1.52113032590297 8.81966011250052 -72.1005869886967
vertex -1.87166322257254 10.0262022567024 -70.6005869886967
vertex -1.87166322257254 10.0262022567024 -72.1005869886967
endloop
endfacet
facet normal -0.998026728428273 0.0627905195292946 -4.93038065763132e-032
outer loop
vertex -2.46053456856546 16.2558103905857 -70.6005869886967
vertex -2.5 14.9999999999994 -72.1005869886967
vertex -2.5 14.9999999999994 -70.6005869886967
endloop
endfacet
facet normal -1.0 -1.79767956952333e-014 -4.93038065763132e-032
outer loop
vertex -2.5 14.9999999999994 -72.1005869886967
vertex -2.46053456856546 16.2558103905857 -70.6005869886967
vertex -2.46053456856546 16.2558103905857 -72.1005869886967
endloop
endfacet
facet normal -0.904827052466013 -0.425779291565087 -1.4791141972894e-031
outer loop
vertex -0.596541049320256 6.48441416869804 -70.6005869886967
vertex -0.0261336008771201 5.3649265179652 -72.1005869886967
vertex -0.0261336008771201 5.3649265179652 -70.6005869886967
endloop
endfacet
facet normal -0.876306680043856 -0.48175367410173 -9.86076131526265e-032
outer loop
vertex -0.0261336008771201 5.3649265179652 -72.1005869886967
vertex -0.596541049320256 6.48441416869804 -70.6005869886967
vertex -0.596541049320256 6.48441416869804 -72.1005869886967
endloop
endfacet
facet normal -0.998026728428271 -0.0627905195293316 -4.93038065763132e-032
outer loop
vertex -2.46053456856541 13.7441896094132 -70.6005869886967
vertex -2.34229402628951 12.4933353287133 -72.1005869886967
vertex -2.34229402628951 12.4933353287133 -70.6005869886967
endloop
endfacet
facet normal -0.992114701314476 -0.125333233564323 0.0
outer loop
vertex -2.34229402628951 12.4933353287133 -72.1005869886967
vertex -2.46053456856541 13.7441896094132 -70.6005869886967
vertex -2.46053456856541 13.7441896094132 -72.1005869886967
endloop
endfacet
facet normal -0.125333233564331 0.992114701314475 -1.23259516440783e-032
outer loop
vertex 14.9933353287134 34.8422940262893 -72.1005869886967
vertex 13.752373708285 34.6457450145735 -70.6005869886967
vertex 14.9933353287134 34.8422940262893 -70.6005869886967
endloop
endfacet
facet normal -0.187381314585752 0.982287250728684 -1.23259516440783e-032
outer loop
vertex 13.752373708285 34.6457450145735 -70.6005869886967
vertex 14.9933353287134 34.8422940262893 -72.1005869886967
vertex 13.752373708285 34.6457450145735 -72.1005869886967
endloop
endfacet
facet normal -0.99211470131448 0.125333233564286 0.0
outer loop
vertex -2.34229402628961 17.5066646712855 -70.6005869886967
vertex -2.46053456856546 16.2558103905857 -72.1005869886967
vertex -2.46053456856546 16.2558103905857 -70.6005869886967
endloop
endfacet
facet normal -0.998026728428273 0.0627905195292946 -4.93038065763132e-032
outer loop
vertex -2.46053456856546 16.2558103905857 -72.1005869886967
vertex -2.34229402628961 17.5066646712855 -70.6005869886967
vertex -2.34229402628961 17.5066646712855 -72.1005869886967
endloop
endfacet
facet normal -0.929776485888259 0.368124552684658 0.0
outer loop
vertex -1.09552971776518 22.362491053693 -70.6005869886967
vertex -1.5211303259032 21.1803398874983 -72.1005869886967
vertex -1.5211303259032 21.1803398874983 -70.6005869886967
endloop
endfacet
facet normal -0.95105651629516 0.309016994374928 -4.93038065763132e-032
outer loop
vertex -1.5211303259032 21.1803398874983 -72.1005869886967
vertex -1.09552971776518 22.362491053693 -70.6005869886967
vertex -1.09552971776518 22.362491053693 -72.1005869886967
endloop
endfacet
facet normal -0.80901699437496 0.587785252292456 2.46519032881566e-032
outer loop
vertex 1.31966011250079 26.7557050458489 -70.6005869886967
vertex 0.61344148995946 25.7165358995794 -72.1005869886967
vertex 0.61344148995946 25.7165358995794 -70.6005869886967
endloop
endfacet
facet normal -0.844327925502027 0.535826794978978 4.93038065763132e-032
outer loop
vertex 0.61344148995946 25.7165358995794 -72.1005869886967
vertex 1.31966011250079 26.7557050458489 -70.6005869886967
vertex 1.31966011250079 26.7557050458489 -72.1005869886967
endloop
endfacet
facet normal -0.684547105928705 0.728968627421396 2.46519032881566e-032
outer loop
vertex 3.80905788142588 29.5793725484277 -70.6005869886967
vertex 2.92062745157145 28.6909421185732 -72.1005869886967
vertex 2.92062745157145 28.6909421185732 -70.6005869886967
endloop
endfacet
facet normal -0.728968627421427 0.684547105928672 -7.39557098644699e-032
outer loop
vertex 2.92062745157145 28.6909421185732 -72.1005869886967
vertex 3.80905788142588 29.5793725484277 -70.6005869886967
vertex 3.80905788142588 29.5793725484277 -72.1005869886967
endloop
endfacet
facet normal -0.425779291565094 0.904827052466009 0.0
outer loop
vertex 8.98441416869809 33.09654104932 -72.1005869886967
vertex 7.86492651796526 32.5261336008768 -70.6005869886967
vertex 8.98441416869809 33.09654104932 -70.6005869886967
endloop
endfacet
facet normal -0.481753674101737 0.876306680043851 2.46519032881566e-032
outer loop
vertex 7.86492651796526 32.5261336008768 -70.6005869886967
vertex 8.98441416869809 33.09654104932 -72.1005869886967
vertex 7.86492651796526 32.5261336008768 -72.1005869886967
endloop
endfacet
facet normal -0.728968627421427 0.684547105928672 -7.39557098644699e-032
outer loop
vertex 2.92062745157145 28.6909421185732 -70.6005869886967
vertex 2.08973514448392 27.7484797949732 -72.1005869886967
vertex 2.08973514448392 27.7484797949732 -70.6005869886967
endloop
endfacet
facet normal -0.770513242775804 0.637423989748671 -2.46519032881566e-032
outer loop
vertex 2.08973514448392 27.7484797949732 -72.1005869886967
vertex 2.92062745157145 28.6909421185732 -70.6005869886967
vertex 2.92062745157145 28.6909421185732 -72.1005869886967
endloop
endfacet
facet normal -0.587785252292492 0.809016994374934 2.46519032881566e-032
outer loop
vertex 5.74429495415015 31.1803398874984 -72.1005869886967
vertex 4.75152020502584 30.4102648555153 -70.6005869886967
vertex 5.74429495415015 31.1803398874984 -70.6005869886967
endloop
endfacet
facet normal -0.637423989748707 0.770513242775775 2.46519032881566e-032
outer loop
vertex 4.75152020502584 30.4102648555153 -70.6005869886967
vertex 5.74429495415015 31.1803398874984 -72.1005869886967
vertex 4.75152020502584 30.4102648555153 -72.1005869886967
endloop
endfacet
facet normal -0.95105651629516 0.309016994374928 -4.93038065763132e-032
outer loop
vertex -1.5211303259032 21.1803398874983 -70.6005869886967
vertex -1.87166322257273 19.9737977432965 -72.1005869886967
vertex -1.87166322257273 19.9737977432965 -70.6005869886967
endloop
endfacet
facet normal -0.968583161128636 0.248689887164835 0.0
outer loop
vertex -1.87166322257273 19.9737977432965 -72.1005869886967
vertex -1.5211303259032 21.1803398874983 -70.6005869886967
vertex -1.5211303259032 21.1803398874983 -72.1005869886967
endloop
endfacet
facet normal -0.809016994374939 -0.587785252292485 -4.93038065763132e-032
outer loop
vertex 1.31966011250123 3.24429495415007 -70.6005869886967
vertex 2.08973514448441 2.25152020502575 -72.1005869886967
vertex 2.08973514448441 2.25152020502575 -70.6005869886967
endloop
endfacet
facet normal -0.77051324277578 -0.637423989748701 -2.46519032881566e-032
outer loop
vertex 2.08973514448441 2.25152020502575 -72.1005869886967
vertex 1.31966011250123 3.24429495415007 -70.6005869886967
vertex 1.31966011250123 3.24429495415007 -72.1005869886967
endloop
endfacet
facet normal 0.481753674101731 -0.876306680043855 -2.46519032881566e-032
outer loop
vertex 27.1350734820346 -2.52613360087732 -72.1005869886967
vertex 28.2165358995802 -1.88655851004033 -70.6005869886967
vertex 27.1350734820346 -2.52613360087732 -70.6005869886967
endloop
endfacet
facet normal 0.535826794979012 -0.844327925502005 0.0
outer loop
vertex 28.2165358995802 -1.88655851004033 -70.6005869886967
vertex 27.1350734820346 -2.52613360087732 -72.1005869886967
vertex 28.2165358995802 -1.88655851004033 -72.1005869886967
endloop
endfacet
facet normal -0.368124552684701 0.929776485888242 0.0
outer loop
vertex 10.137508946306 33.5955297177646 -72.1005869886967
vertex 8.98441416869809 33.09654104932 -70.6005869886967
vertex 10.137508946306 33.5955297177646 -70.6005869886967
endloop
endfacet
facet normal -0.425779291565094 0.904827052466009 0.0
outer loop
vertex 8.98441416869809 33.09654104932 -70.6005869886967
vertex 10.137508946306 33.5955297177646 -72.1005869886967
vertex 8.98441416869809 33.09654104932 -72.1005869886967
endloop
endfacet
facet normal -0.77051324277578 -0.637423989748701 -2.46519032881566e-032
outer loop
vertex 2.08973514448441 2.25152020502575 -70.6005869886967
vertex 2.92062745157198 1.30905788142578 -72.1005869886967
vertex 2.92062745157198 1.30905788142578 -70.6005869886967
endloop
endfacet
facet normal -0.7289686274214 -0.6845471059287 4.93038065763132e-032
outer loop
vertex 2.92062745157198 1.30905788142578 -72.1005869886967
vertex 2.08973514448441 2.25152020502575 -70.6005869886967
vertex 2.08973514448441 2.25152020502575 -72.1005869886967
endloop
endfacet
facet normal -1.0 -1.79767956952333e-014 -4.93038065763132e-032
outer loop
vertex -2.5 14.9999999999994 -70.6005869886967
vertex -2.46053456856541 13.7441896094132 -72.1005869886967
vertex -2.46053456856541 13.7441896094132 -70.6005869886967
endloop
endfacet
facet normal -0.998026728428271 -0.0627905195293316 -4.93038065763132e-032
outer loop
vertex -2.46053456856541 13.7441896094132 -72.1005869886967
vertex -2.5 14.9999999999994 -70.6005869886967
vertex -2.5 14.9999999999994 -72.1005869886967
endloop
endfacet
facet normal 0.125333233564279 0.992114701314481 0.0
outer loop
vertex 20.0066646712855 34.8422940262894 -72.1005869886967
vertex 18.7558103905857 34.9605345685653 -70.6005869886967
vertex 20.0066646712855 34.8422940262894 -70.6005869886967
endloop
endfacet
facet normal 0.0627905195292865 0.998026728428273 0.0
outer loop
vertex 18.7558103905857 34.9605345685653 -70.6005869886967
vertex 20.0066646712855 34.8422940262894 -72.1005869886967
vertex 18.7558103905857 34.9605345685653 -72.1005869886967
endloop
endfacet
facet normal -0.535826794978983 -0.844327925502024 -2.46519032881566e-032
outer loop
vertex 6.78346410042033 -1.88655851004068 -72.1005869886967
vertex 7.86492651796598 -2.52613360087764 -70.6005869886967
vertex 6.78346410042033 -1.88655851004068 -70.6005869886967
endloop
endfacet
facet normal -0.481753674101702 -0.876306680043871 0.0
outer loop
vertex 7.86492651796598 -2.52613360087764 -70.6005869886967
vertex 6.78346410042033 -1.88655851004068 -72.1005869886967
vertex 7.86492651796598 -2.52613360087764 -72.1005869886967
endloop
endfacet
facet normal -0.587785252292459 -0.809016994374958 0.0
outer loop
vertex 5.74429495415079 -1.18033988749935 -72.1005869886967
vertex 6.78346410042033 -1.88655851004068 -70.6005869886967
vertex 5.74429495415079 -1.18033988749935 -70.6005869886967
endloop
endfacet
facet normal -0.535826794978983 -0.844327925502024 -2.46519032881566e-032
outer loop
vertex 6.78346410042033 -1.88655851004068 -70.6005869886967
vertex 5.74429495415079 -1.18033988749935 -72.1005869886967
vertex 6.78346410042033 -1.88655851004068 -72.1005869886967
endloop
endfacet
facet normal -0.481753674101702 -0.876306680043871 0.0
outer loop
vertex 7.86492651796598 -2.52613360087764 -72.1005869886967
vertex 8.98441416869884 -3.09654104932074 -70.6005869886967
vertex 7.86492651796598 -2.52613360087764 -70.6005869886967
endloop
endfacet
facet normal -0.425779291565058 -0.904827052466026 -2.46519032881566e-032
outer loop
vertex 8.98441416869884 -3.09654104932074 -70.6005869886967
vertex 7.86492651796598 -2.52613360087764 -72.1005869886967
vertex 8.98441416869884 -3.09654104932074 -72.1005869886967
endloop
endfacet
facet normal 0.425779291565088 -0.904827052466013 0.0
outer loop
vertex 26.0155858313018 -3.09654104932046 -72.1005869886967
vertex 27.1350734820346 -2.52613360087732 -70.6005869886967
vertex 26.0155858313018 -3.09654104932046 -70.6005869886967
endloop
endfacet
facet normal 0.481753674101731 -0.876306680043855 -2.46519032881566e-032
outer loop
vertex 27.1350734820346 -2.52613360087732 -70.6005869886967
vertex 26.0155858313018 -3.09654104932046 -72.1005869886967
vertex 27.1350734820346 -2.52613360087732 -72.1005869886967
endloop
endfacet
facet normal 0.95105651629516 -0.309016994374929 -4.93038065763132e-032
outer loop
vertex 36.5211303259032 8.81966011250118 -72.1005869886967
vertex 36.0955297177652 7.63750894630657 -70.6005869886967
vertex 36.0955297177652 7.63750894630657 -72.1005869886967
endloop
endfacet
facet normal 0.929776485888258 -0.368124552684662 0.0
outer loop
vertex 36.0955297177652 7.63750894630657 -70.6005869886967
vertex 36.5211303259032 8.81966011250118 -72.1005869886967
vertex 36.5211303259032 8.81966011250118 -70.6005869886967
endloop
endfacet
facet normal -0.425779291565058 -0.904827052466026 -2.46519032881566e-032
outer loop
vertex 8.98441416869884 -3.09654104932074 -72.1005869886967
vertex 10.1375089463067 -3.59552971776536 -70.6005869886967
vertex 8.98441416869884 -3.09654104932074 -70.6005869886967
endloop
endfacet
facet normal -0.368124552684663 -0.929776485888257 1.23259516440783e-032
outer loop
vertex 10.1375089463067 -3.59552971776536 -70.6005869886967
vertex 8.98441416869884 -3.09654104932074 -72.1005869886967
vertex 10.1375089463067 -3.59552971776536 -72.1005869886967
endloop
endfacet
facet normal 0.125333233564321 -0.992114701314476 0.0
outer loop
vertex 20.0066646712864 -4.84229402628973 -72.1005869886967
vertex 21.2476262917148 -4.64574501457392 -70.6005869886967
vertex 20.0066646712864 -4.84229402628973 -70.6005869886967
endloop
endfacet
facet normal 0.187381314585741 -0.982287250728686 -6.16297582203916e-033
outer loop
vertex 21.2476262917148 -4.64574501457392 -70.6005869886967
vertex 20.0066646712864 -4.84229402628973 -72.1005869886967
vertex 21.2476262917148 -4.64574501457392 -72.1005869886967
endloop
endfacet
facet normal 0.637423989748703 -0.770513242775778 0.0
outer loop
vertex 30.2484797949741 -0.410264855515772 -72.1005869886967
vertex 31.190942118574 0.420627451571799 -70.6005869886967
vertex 30.2484797949741 -0.410264855515772 -70.6005869886967
endloop
endfacet
facet normal 0.684547105928702 -0.728968627421399 2.46519032881566e-032
outer loop
vertex 31.190942118574 0.420627451571799 -70.6005869886967
vertex 30.2484797949741 -0.410264855515772 -72.1005869886967
vertex 31.190942118574 0.420627451571799 -72.1005869886967
endloop
endfacet
facet normal 0.770513242775802 -0.637423989748675 -2.46519032881566e-032
outer loop
vertex 32.910264855516 2.25152020502627 -72.1005869886967
vertex 32.0793725484285 1.30905788142627 -70.6005869886967
vertex 32.0793725484285 1.30905788142627 -72.1005869886967
endloop
endfacet
facet normal 0.728968627421424 -0.684547105928675 0.0
outer loop
vertex 32.0793725484285 1.30905788142627 -70.6005869886967
vertex 32.910264855516 2.25152020502627 -72.1005869886967
vertex 32.910264855516 2.25152020502627 -70.6005869886967
endloop
endfacet
facet normal -0.248689887164839 -0.968583161128635 -1.23259516440783e-032
outer loop
vertex 12.5262022567032 -4.37166322257292 -72.1005869886967
vertex 13.7523737082858 -4.64574501457405 -70.6005869886967
vertex 12.5262022567032 -4.37166322257292 -70.6005869886967
endloop
endfacet
facet normal -0.187381314585708 -0.982287250728692 -6.16297582203916e-033
outer loop
vertex 13.7523737082858 -4.64574501457405 -70.6005869886967
vertex 12.5262022567032 -4.37166322257292 -72.1005869886967
vertex 13.7523737082858 -4.64574501457405 -72.1005869886967
endloop
endfacet
facet normal 0.535826794979012 -0.844327925502005 0.0
outer loop
vertex 28.2165358995802 -1.88655851004033 -72.1005869886967
vertex 29.2557050458497 -1.18033988749896 -70.6005869886967
vertex 28.2165358995802 -1.88655851004033 -70.6005869886967
endloop
endfacet
facet normal 0.587785252292487 -0.809016994374937 -4.93038065763132e-032
outer loop
vertex 29.2557050458497 -1.18033988749896 -70.6005869886967
vertex 28.2165358995802 -1.88655851004033 -72.1005869886967
vertex 29.2557050458497 -1.18033988749896 -72.1005869886967
endloop
endfacet
facet normal 0.187381314585741 -0.982287250728686 -6.16297582203916e-033
outer loop
vertex 21.2476262917148 -4.64574501457392 -70.6005869886967
vertex 22.4737977432974 -4.37166322257275 -72.1005869886967
vertex 22.4737977432974 -4.37166322257275 -70.6005869886967
endloop
endfacet
facet normal 0.248689887164871 -0.968583161128627 2.46519032881566e-032
outer loop
vertex 22.4737977432974 -4.37166322257275 -72.1005869886967
vertex 21.2476262917148 -4.64574501457392 -70.6005869886967
vertex 21.2476262917148 -4.64574501457392 -72.1005869886967
endloop
endfacet
facet normal -0.309016994374933 -0.951056516295158 1.23259516440783e-032
outer loop
vertex 11.3196601125014 -4.02113032590339 -72.1005869886967
vertex 12.5262022567032 -4.37166322257292 -70.6005869886967
vertex 11.3196601125014 -4.02113032590339 -70.6005869886967
endloop
endfacet
facet normal -0.248689887164839 -0.968583161128635 -1.23259516440783e-032
outer loop
vertex 12.5262022567032 -4.37166322257292 -70.6005869886967
vertex 11.3196601125014 -4.02113032590339 -72.1005869886967
vertex 12.5262022567032 -4.37166322257292 -72.1005869886967
endloop
endfacet
facet normal 1.70111091901543e-014 -1.0 3.06672595112875e-034
outer loop
vertex 17.5000000000004 -5.00000000000021 -72.1005869886967
vertex 18.7558103905866 -4.96053456856562 -70.6005869886967
vertex 17.5000000000003 -5.00000000000021 -70.6005869886967
endloop
endfacet
facet normal 0.0627905195293298 -0.998026728428271 0.0
outer loop
vertex 18.7558103905866 -4.96053456856562 -70.6005869886967
vertex 17.5000000000004 -5.00000000000021 -72.1005869886967
vertex 18.7558103905866 -4.96053456856562 -72.1005869886967
endloop
endfacet
facet normal 0.929776485888258 -0.368124552684662 0.0
outer loop
vertex 36.0955297177652 7.63750894630657 -72.1005869886967
vertex 35.5965410493205 6.48441416869866 -70.6005869886967
vertex 35.5965410493205 6.48441416869866 -72.1005869886967
endloop
endfacet
facet normal 0.904827052466027 -0.425779291565057 4.93038065763132e-032
outer loop
vertex 35.5965410493205 6.48441416869866 -70.6005869886967
vertex 36.0955297177652 7.63750894630657 -72.1005869886967
vertex 36.0955297177652 7.63750894630657 -70.6005869886967
endloop
endfacet
facet normal -0.770513242775804 0.637423989748671 -2.46519032881566e-032
outer loop
vertex 2.08973514448392 27.7484797949732 -70.6005869886967
vertex 1.31966011250079 26.7557050458489 -72.1005869886967
vertex 1.31966011250079 26.7557050458489 -70.6005869886967
endloop
endfacet
facet normal -0.80901699437496 0.587785252292456 2.46519032881566e-032
outer loop
vertex 1.31966011250079 26.7557050458489 -72.1005869886967
vertex 2.08973514448392 27.7484797949732 -70.6005869886967
vertex 2.08973514448392 27.7484797949732 -72.1005869886967
endloop
endfacet
facet normal 0.876306680043873 -0.481753674101698 1.97215226305253e-031
outer loop
vertex 35.0261336008774 5.3649265179658 -72.1005869886967
vertex 34.3865585100405 4.28346410042016 -70.6005869886967
vertex 34.3865585100405 4.28346410042016 -72.1005869886967
endloop
endfacet
facet normal 0.844327925502025 -0.535826794978982 1.4791141972894e-031
outer loop
vertex 34.3865585100405 4.28346410042016 -70.6005869886967
vertex 35.0261336008774 5.3649265179658 -72.1005869886967
vertex 35.0261336008774 5.3649265179658 -70.6005869886967
endloop
endfacet
facet normal -0.0627905195292961 -0.998026728428273 0.0
outer loop
vertex 16.2441896094141 -4.96053456856566 -72.1005869886967
vertex 17.5000000000003 -5.00000000000021 -70.6005869886967
vertex 16.2441896094141 -4.96053456856566 -70.6005869886967
endloop
endfacet
facet normal 1.67834988697353e-014 -1.0 4.6000889266686e-034
outer loop
vertex 17.5000000000003 -5.00000000000021 -70.6005869886967
vertex 16.2441896094141 -4.96053456856566 -72.1005869886967
vertex 17.5000000000004 -5.00000000000021 -72.1005869886967
endloop
endfacet
facet normal 0.844327925502025 -0.535826794978982 1.4791141972894e-031
outer loop
vertex 34.3865585100405 4.28346410042016 -72.1005869886967
vertex 33.6803398874992 3.24429495415062 -70.6005869886967
vertex 33.6803398874992 3.24429495415062 -72.1005869886967
endloop
endfacet
facet normal 0.809016994374958 -0.587785252292458 4.93038065763132e-032
outer loop
vertex 33.6803398874992 3.24429495415062 -70.6005869886967
vertex 34.3865585100405 4.28346410042016 -72.1005869886967
vertex 34.3865585100405 4.28346410042016 -70.6005869886967
endloop
endfacet
facet normal 0.904827052466027 -0.425779291565057 4.93038065763132e-032
outer loop
vertex 35.5965410493205 6.48441416869866 -72.1005869886967
vertex 35.0261336008774 5.3649265179658 -70.6005869886967
vertex 35.0261336008774 5.3649265179658 -72.1005869886967
endloop
endfacet
facet normal 0.876306680043873 -0.481753674101698 1.97215226305253e-031
outer loop
vertex 35.0261336008774 5.3649265179658 -70.6005869886967
vertex 35.5965410493205 6.48441416869866 -72.1005869886967
vertex 35.5965410493205 6.48441416869866 -70.6005869886967
endloop
endfacet
facet normal 0.309016994374964 -0.951056516295148 2.46519032881566e-032
outer loop
vertex 23.6803398874993 -4.02113032590318 -72.1005869886967
vertex 24.8624910536939 -3.59552971776511 -70.6005869886967
vertex 23.6803398874993 -4.02113032590318 -70.6005869886967
endloop
endfacet
facet normal 0.368124552684694 -0.929776485888245 1.23259516440783e-032
outer loop
vertex 24.8624910536939 -3.59552971776511 -70.6005869886967
vertex 23.6803398874993 -4.02113032590318 -72.1005869886967
vertex 24.8624910536939 -3.59552971776511 -72.1005869886967
endloop
endfacet
facet normal -0.992114701314476 -0.125333233564323 0.0
outer loop
vertex -2.34229402628951 12.4933353287133 -70.6005869886967
vertex -2.14574501457371 11.2523737082849 -72.1005869886967
vertex -2.14574501457371 11.2523737082849 -70.6005869886967
endloop
endfacet
facet normal -0.982287250728686 -0.187381314585742 -4.93038065763132e-032
outer loop
vertex -2.14574501457371 11.2523737082849 -72.1005869886967
vertex -2.34229402628951 12.4933353287133 -70.6005869886967
vertex -2.34229402628951 12.4933353287133 -72.1005869886967
endloop
endfacet
facet normal 0.368124552684694 -0.929776485888245 -1.23259516440783e-032
outer loop
vertex 24.8624910536939 -3.59552971776511 -72.1005869886967
vertex 26.0155858313018 -3.09654104932046 -70.6005869886967
vertex 24.8624910536939 -3.59552971776511 -70.6005869886967
endloop
endfacet
facet normal 0.425779291565088 -0.904827052466013 0.0
outer loop
vertex 26.0155858313018 -3.09654104932046 -70.6005869886967
vertex 24.8624910536939 -3.59552971776511 -72.1005869886967
vertex 26.0155858313018 -3.09654104932046 -72.1005869886967
endloop
endfacet
facet normal -0.684547105928677 -0.728968627421422 7.39557098644699e-032
outer loop
vertex 3.80905788142645 0.42062745157134 -72.1005869886967
vertex 4.75152020502645 -0.410264855516202 -70.6005869886967
vertex 3.80905788142645 0.42062745157134 -70.6005869886967
endloop
endfacet
facet normal -0.637423989748678 -0.770513242775799 7.39557098644699e-032
outer loop
vertex 4.75152020502645 -0.410264855516202 -70.6005869886967
vertex 3.80905788142645 0.42062745157134 -72.1005869886967
vertex 4.75152020502645 -0.410264855516202 -72.1005869886967
endloop
endfacet
facet normal -0.187381314585708 -0.982287250728692 -6.16297582203916e-033
outer loop
vertex 13.7523737082858 -4.64574501457405 -72.1005869886967
vertex 14.9933353287142 -4.84229402628981 -70.6005869886967
vertex 13.7523737082858 -4.64574501457405 -70.6005869886967
endloop
endfacet
facet normal -0.125333233564286 -0.99211470131448 0.0
outer loop
vertex 14.9933353287142 -4.84229402628981 -70.6005869886967
vertex 13.7523737082858 -4.64574501457405 -72.1005869886967
vertex 14.9933353287142 -4.84229402628981 -72.1005869886967
endloop
endfacet
facet normal 0.809016994374958 -0.587785252292458 4.93038065763132e-032
outer loop
vertex 33.6803398874992 3.24429495415062 -72.1005869886967
vertex 32.910264855516 2.25152020502627 -70.6005869886967
vertex 32.910264855516 2.25152020502627 -72.1005869886967
endloop
endfacet
facet normal 0.770513242775802 -0.637423989748675 -2.46519032881566e-032
outer loop
vertex 32.910264855516 2.25152020502627 -70.6005869886967
vertex 33.6803398874992 3.24429495415062 -72.1005869886967
vertex 33.6803398874992 3.24429495415062 -70.6005869886967
endloop
endfacet
facet normal -0.125333233564286 -0.99211470131448 0.0
outer loop
vertex 14.9933353287142 -4.84229402628981 -72.1005869886967
vertex 16.2441896094141 -4.96053456856566 -70.6005869886967
vertex 14.9933353287142 -4.84229402628981 -70.6005869886967
endloop
endfacet
facet normal -0.0627905195292961 -0.998026728428273 0.0
outer loop
vertex 16.2441896094141 -4.96053456856566 -70.6005869886967
vertex 14.9933353287142 -4.84229402628981 -72.1005869886967
vertex 16.2441896094141 -4.96053456856566 -72.1005869886967
endloop
endfacet
facet normal 0.0627905195293301 -0.998026728428271 -3.08148791101958e-033
outer loop
vertex 18.7558103905866 -4.96053456856562 -72.1005869886967
vertex 20.0066646712864 -4.84229402628973 -70.6005869886967
vertex 18.7558103905866 -4.96053456856562 -70.6005869886967
endloop
endfacet
facet normal 0.12533323356432 -0.992114701314476 -6.16297582203916e-033
outer loop
vertex 20.0066646712864 -4.84229402628973 -70.6005869886967
vertex 18.7558103905866 -4.96053456856562 -72.1005869886967
vertex 20.0066646712864 -4.84229402628973 -72.1005869886967
endloop
endfacet
facet normal 0.248689887164871 -0.968583161128627 2.46519032881566e-032
outer loop
vertex 22.4737977432974 -4.37166322257275 -72.1005869886967
vertex 23.6803398874993 -4.02113032590318 -70.6005869886967
vertex 22.4737977432974 -4.37166322257275 -70.6005869886967
endloop
endfacet
facet normal 0.309016994374964 -0.951056516295148 2.46519032881566e-032
outer loop
vertex 23.6803398874993 -4.02113032590318 -70.6005869886967
vertex 22.4737977432974 -4.37166322257275 -72.1005869886967
vertex 23.6803398874993 -4.02113032590318 -72.1005869886967
endloop
endfacet
facet normal 0.587785252292487 -0.809016994374937 -4.93038065763132e-032
outer loop
vertex 29.2557050458497 -1.18033988749896 -72.1005869886967
vertex 30.2484797949741 -0.410264855515772 -70.6005869886967
vertex 29.2557050458497 -1.18033988749896 -70.6005869886967
endloop
endfacet
facet normal 0.637423989748703 -0.770513242775778 0.0
outer loop
vertex 30.2484797949741 -0.410264855515772 -70.6005869886967
vertex 29.2557050458497 -1.18033988749896 -72.1005869886967
vertex 30.2484797949741 -0.410264855515772 -72.1005869886967
endloop
endfacet
facet normal 0.998026728428273 -0.0627905195292953 9.86076131526265e-032
outer loop
vertex 37.4605345685655 13.7441896094139 -72.1005869886967
vertex 37.3422940262896 12.4933353287141 -70.6005869886967
vertex 37.3422940262896 12.4933353287141 -72.1005869886967
endloop
endfacet
facet normal 0.99211470131448 -0.125333233564285 0.0
outer loop
vertex 37.3422940262896 12.4933353287141 -70.6005869886967
vertex 37.4605345685655 13.7441896094139 -72.1005869886967
vertex 37.4605345685655 13.7441896094139 -70.6005869886967
endloop
endfacet
facet normal 0.965925826289069 0.25881904510252 -7.78504005341519e-015
outer loop
vertex 22.3296291314453 16.2940952255124 -75.6005869886967
vertex 22.5 14.9999999999998 -72.1005869886967
vertex 22.5 14.9999999999998 -75.6005869886967
endloop
endfacet
facet normal 1.0 -1.79113308902503e-015 -8.05691220939313e-015
outer loop
vertex 22.5 14.9999999999998 -72.1005869886967
vertex 22.3296291314453 16.2940952255124 -75.6005869886967
vertex 22.3296291314454 16.2940952255124 -72.1005869886967
endloop
endfacet
facet normal -5.1684437394752e-016 1.0 -7.51745297804895e-019
outer loop
vertex 17.5 19.9999999999998 -75.6005869886967
vertex 16.2059047744874 19.8296291314451 -72.1005869886967
vertex 17.5 19.9999999999998 -72.1005869886967
endloop
endfacet
facet normal -0.25881904510252 0.965925826289069 2.08272144904129e-015
outer loop
vertex 16.2059047744874 19.8296291314451 -72.1005869886967
vertex 17.5 19.9999999999998 -75.6005869886967
vertex 16.2059047744874 19.8296291314451 -75.6005869886967
endloop
endfacet
facet normal 0.99211470131448 -0.125333233564285 0.0
outer loop
vertex 37.3422940262896 12.4933353287141 -72.1005869886967
vertex 37.1457450145738 11.2523737082857 -70.6005869886967
vertex 37.1457450145738 11.2523737082857 -72.1005869886967
endloop
endfacet
facet normal 0.982287250728692 -0.187381314585708 4.93038065763132e-032
outer loop
vertex 37.1457450145738 11.2523737082857 -70.6005869886967
vertex 37.3422940262896 12.4933353287141 -72.1005869886967
vertex 37.3422940262896 12.4933353287141 -70.6005869886967
endloop
endfacet
facet normal -0.368124552684663 -0.929776485888257 1.23259516440783e-032
outer loop
vertex 10.1375089463067 -3.59552971776536 -72.1005869886967
vertex 11.3196601125014 -4.02113032590339 -70.6005869886967
vertex 10.1375089463067 -3.59552971776536 -70.6005869886967
endloop
endfacet
facet normal -0.309016994374933 -0.951056516295158 1.23259516440783e-032
outer loop
vertex 11.3196601125014 -4.02113032590339 -70.6005869886967
vertex 10.1375089463067 -3.59552971776536 -72.1005869886967
vertex 11.3196601125014 -4.02113032590339 -72.1005869886967
endloop
endfacet
facet normal 0.0 0.0 1.0
outer loop
vertex 37.4605345685654 16.2558103905864 -70.6005869886967
vertex 37.4605345685655 13.7441896094139 -70.6005869886967
vertex 37.5 15.0000000000002 -70.6005869886967
endloop
endfacet
facet normal 0.0 0.0 1.0
outer loop
vertex 37.4605345685655 13.7441896094139 -70.6005869886967
vertex 37.4605345685654 16.2558103905864 -70.6005869886967
vertex 37.3422940262896 12.4933353287141 -70.6005869886967
endloop
endfacet
facet normal 0.0 0.0 1.0
outer loop
vertex 37.3422940262896 12.4933353287141 -70.6005869886967
vertex 37.4605345685654 16.2558103905864 -70.6005869886967
vertex 37.3422940262895 17.5066646712862 -70.6005869886967
endloop
endfacet
facet normal 0.0 0.0 1.0
outer loop
vertex 37.3422940262896 12.4933353287141 -70.6005869886967
vertex 37.3422940262895 17.5066646712862 -70.6005869886967
vertex 37.1457450145738 11.2523737082857 -70.6005869886967
endloop
endfacet
facet normal 0.0 0.0 1.0
outer loop
vertex 37.1457450145738 11.2523737082857 -70.6005869886967
vertex 37.3422940262895 17.5066646712862 -70.6005869886967
vertex 37.1457450145737 18.7476262917147 -70.6005869886967
endloop
endfacet
facet normal 0.0 0.0 1.0
outer loop
vertex 37.1457450145738 11.2523737082857 -70.6005869886967
vertex 37.1457450145737 18.7476262917147 -70.6005869886967
vertex 36.8716632225727 10.026202256703 -70.6005869886967
endloop
endfacet
facet normal 0.0 0.0 1.0
outer loop
vertex 36.8716632225727 10.026202256703 -70.6005869886967
vertex 37.1457450145737 18.7476262917147 -70.6005869886967
vertex 36.8716632225725 19.9737977432973 -70.6005869886967
endloop
endfacet
facet normal 0.0 0.0 1.0
outer loop
vertex 36.8716632225727 10.026202256703 -70.6005869886967
vertex 36.8716632225725 19.9737977432973 -70.6005869886967
vertex 36.5211303259032 8.81966011250118 -70.6005869886967
endloop
endfacet
facet normal 0.0 0.0 1.0
outer loop
vertex 36.5211303259032 8.81966011250118 -70.6005869886967
vertex 36.8716632225725 19.9737977432973 -70.6005869886967
vertex 36.5211303259029 21.1803398874991 -70.6005869886967
endloop
endfacet
facet normal 0.0 0.0 1.0
outer loop
vertex 36.5211303259032 8.81966011250118 -70.6005869886967
vertex 36.5211303259029 21.1803398874991 -70.6005869886967
vertex 36.0955297177652 7.63750894630657 -70.6005869886967
endloop
endfacet
facet normal 0.0 0.0 1.0
outer loop
vertex 36.0955297177652 7.63750894630657 -70.6005869886967
vertex 36.5211303259029 21.1803398874991 -70.6005869886967
vertex 36.0955297177649 22.3624910536937 -70.6005869886967
endloop
endfacet
facet normal 0.0 0.0 1.0
outer loop
vertex 36.0955297177652 7.63750894630657 -70.6005869886967
vertex 36.0955297177649 22.3624910536937 -70.6005869886967
vertex 35.5965410493205 6.48441416869866 -70.6005869886967
endloop
endfacet
facet normal 0.0 0.0 1.0
outer loop
vertex 35.5965410493205 6.48441416869866 -70.6005869886967
vertex 36.0955297177649 22.3624910536937 -70.6005869886967
vertex 35.5965410493202 23.5155858313016 -70.6005869886967
endloop
endfacet
facet normal 0.0 0.0 1.0
outer loop
vertex 35.5965410493205 6.48441416869866 -70.6005869886967
vertex 35.5965410493202 23.5155858313016 -70.6005869886967
vertex 35.0261336008774 5.3649265179658 -70.6005869886967
endloop
endfacet
facet normal 0.0 0.0 1.0
outer loop
vertex 35.0261336008774 5.3649265179658 -70.6005869886967
vertex 35.5965410493202 23.5155858313016 -70.6005869886967
vertex 35.0261336008771 24.6350734820344 -70.6005869886967
endloop
endfacet
facet normal 0.0 0.0 1.0
outer loop
vertex 35.0261336008774 5.3649265179658 -70.6005869886967
vertex 35.0261336008771 24.6350734820344 -70.6005869886967
vertex 34.3865585100405 4.28346410042016 -70.6005869886967
endloop
endfacet
facet normal 0.0 0.0 1.0
outer loop
vertex 34.3865585100405 4.28346410042016 -70.6005869886967
vertex 35.0261336008771 24.6350734820344 -70.6005869886967
vertex 34.3865585100401 25.71653589958 -70.6005869886967
endloop
endfacet
facet normal 0.0 0.0 1.0
outer loop
vertex 34.3865585100405 4.28346410042016 -70.6005869886967
vertex 34.3865585100401 25.71653589958 -70.6005869886967
vertex 33.6803398874992 3.24429495415062 -70.6005869886967
endloop
endfacet
facet normal 0.0 0.0 1.0
outer loop
vertex 33.6803398874992 3.24429495415062 -70.6005869886967
vertex 34.3865585100401 25.71653589958 -70.6005869886967
vertex 33.6803398874987 26.7557050458496 -70.6005869886967
endloop
endfacet
facet normal 0.0 0.0 1.0
outer loop
vertex 33.6803398874992 3.24429495415062 -70.6005869886967
vertex 33.6803398874987 26.7557050458496 -70.6005869886967
vertex 32.910264855516 2.25152020502627 -70.6005869886967
endloop
endfacet
facet normal 0.0 0.0 1.0
outer loop
vertex 32.910264855516 2.25152020502627 -70.6005869886967
vertex 33.6803398874987 26.7557050458496 -70.6005869886967
vertex 32.9102648555155 27.7484797949739 -70.6005869886967
endloop
endfacet
facet normal 0.0 0.0 1.0
outer loop
vertex 32.910264855516 2.25152020502627 -70.6005869886967
vertex 32.9102648555155 27.7484797949739 -70.6005869886967
vertex 32.0793725484285 1.30905788142627 -70.6005869886967
endloop
endfacet
facet normal 0.0 0.0 1.0
outer loop
vertex 32.0793725484285 1.30905788142627 -70.6005869886967
vertex 32.9102648555155 27.7484797949739 -70.6005869886967
vertex 32.079372548428 28.6909421185738 -70.6005869886967
endloop
endfacet
facet normal 0.0 0.0 1.0
outer loop
vertex 32.0793725484285 1.30905788142627 -70.6005869886967
vertex 32.079372548428 28.6909421185738 -70.6005869886967
vertex 31.190942118574 0.420627451571799 -70.6005869886967
endloop
endfacet
facet normal 0.0 0.0 1.0
outer loop
vertex 31.190942118574 0.420627451571799 -70.6005869886967
vertex 32.079372548428 28.6909421185738 -70.6005869886967
vertex 31.1909421185735 29.5793725484283 -70.6005869886967
endloop
endfacet
facet normal 0.0 0.0 1.0
outer loop
vertex 31.190942118574 0.420627451571799 -70.6005869886967
vertex 31.1909421185735 29.5793725484283 -70.6005869886967
vertex 30.2484797949741 -0.410264855515772 -70.6005869886967
endloop
endfacet
facet normal 0.0 0.0 1.0
outer loop
vertex 30.2484797949741 -0.410264855515772 -70.6005869886967
vertex 31.1909421185735 29.5793725484283 -70.6005869886967
vertex 30.2484797949735 30.4102648555158 -70.6005869886967
endloop
endfacet
facet normal 0.0 0.0 1.0
outer loop
vertex 30.2484797949741 -0.410264855515772 -70.6005869886967
vertex 30.2484797949735 30.4102648555158 -70.6005869886967
vertex 29.2557050458497 -1.18033988749896 -70.6005869886967
endloop
endfacet
facet normal 0.0 0.0 1.0
outer loop
vertex 29.2557050458497 -1.18033988749896 -70.6005869886967
vertex 30.2484797949735 30.4102648555158 -70.6005869886967
vertex 29.2557050458491 31.180339887499 -70.6005869886967
endloop
endfacet
facet normal 0.0 0.0 1.0
outer loop
vertex 29.2557050458497 -1.18033988749896 -70.6005869886967
vertex 29.2557050458491 31.180339887499 -70.6005869886967
vertex 28.2165358995802 -1.88655851004033 -70.6005869886967
endloop
endfacet
facet normal 0.0 0.0 1.0
outer loop
vertex 28.2165358995802 -1.88655851004033 -70.6005869886967
vertex 29.2557050458491 31.180339887499 -70.6005869886967
vertex 28.2165358995796 31.8865585100403 -70.6005869886967
endloop
endfacet
facet normal 0.0 0.0 1.0
outer loop
vertex 28.2165358995802 -1.88655851004033 -70.6005869886967
vertex 28.2165358995796 31.8865585100403 -70.6005869886967
vertex 27.1350734820346 -2.52613360087732 -70.6005869886967
endloop
endfacet
facet normal 0.0 0.0 1.0
outer loop
vertex 27.1350734820346 -2.52613360087732 -70.6005869886967
vertex 28.2165358995796 31.8865585100403 -70.6005869886967
vertex 27.135073482034 32.5261336008772 -70.6005869886967
endloop
endfacet
facet normal 0.0 0.0 1.0
outer loop
vertex 27.1350734820346 -2.52613360087732 -70.6005869886967
vertex 27.135073482034 32.5261336008772 -70.6005869886967
vertex 26.0155858313018 -3.09654104932046 -70.6005869886967
endloop
endfacet
facet normal 0.0 0.0 1.0
outer loop
vertex 26.0155858313018 -3.09654104932046 -70.6005869886967
vertex 27.135073482034 32.5261336008772 -70.6005869886967
vertex 26.0155858313011 33.0965410493203 -70.6005869886967
endloop
endfacet
facet normal 0.0 0.0 1.0
outer loop
vertex 26.0155858313018 -3.09654104932046 -70.6005869886967
vertex 26.0155858313011 33.0965410493203 -70.6005869886967
vertex 24.8624910536939 -3.59552971776511 -70.6005869886967
endloop
endfacet
facet normal 0.0 0.0 1.0
outer loop
vertex 24.8624910536939 -3.59552971776511 -70.6005869886967
vertex 26.0155858313011 33.0965410493203 -70.6005869886967
vertex 24.8624910536932 33.595529717765 -70.6005869886967
endloop
endfacet
facet normal 0.0 0.0 1.0
outer loop
vertex 24.8624910536939 -3.59552971776511 -70.6005869886967
vertex 24.8624910536932 33.595529717765 -70.6005869886967
vertex 23.6803398874993 -4.02113032590318 -70.6005869886967
endloop
endfacet
facet normal 0.0 0.0 1.0
outer loop
vertex 23.6803398874993 -4.02113032590318 -70.6005869886967
vertex 24.8624910536932 33.595529717765 -70.6005869886967
vertex 23.6803398874986 34.021130325903 -70.6005869886967
endloop
endfacet
facet normal 0.0 0.0 1.0
outer loop
vertex 23.6803398874993 -4.02113032590318 -70.6005869886967
vertex 23.6803398874986 34.021130325903 -70.6005869886967
vertex 22.4737977432974 -4.37166322257275 -70.6005869886967
endloop
endfacet
facet normal 0.0 0.0 1.0
outer loop
vertex 22.4737977432974 -4.37166322257275 -70.6005869886967
vertex 23.6803398874986 34.021130325903 -70.6005869886967
vertex 22.4737977432967 34.3716632225725 -70.6005869886967
endloop
endfacet
facet normal 0.0 0.0 1.0
outer loop
vertex 22.4737977432974 -4.37166322257275 -70.6005869886967
vertex 22.4737977432967 34.3716632225725 -70.6005869886967
vertex 21.2476262917148 -4.64574501457392 -70.6005869886967
endloop
endfacet
facet normal 0.0 0.0 1.0
outer loop
vertex 21.2476262917148 -4.64574501457392 -70.6005869886967
vertex 22.4737977432967 34.3716632225725 -70.6005869886967
vertex 21.2476262917141 34.6457450145736 -70.6005869886967
endloop
endfacet
facet normal 0.0 0.0 1.0
outer loop
vertex 21.2476262917148 -4.64574501457392 -70.6005869886967
vertex 21.2476262917141 34.6457450145736 -70.6005869886967
vertex 20.0066646712864 -4.84229402628973 -70.6005869886967
endloop
endfacet
facet normal 0.0 0.0 1.0
outer loop
vertex 20.0066646712864 -4.84229402628973 -70.6005869886967
vertex 21.2476262917141 34.6457450145736 -70.6005869886967
vertex 20.0066646712855 34.8422940262894 -70.6005869886967
endloop
endfacet
facet normal 0.0 0.0 1.0
outer loop
vertex 20.0066646712864 -4.84229402628973 -70.6005869886967
vertex 20.0066646712855 34.8422940262894 -70.6005869886967
vertex 18.7558103905866 -4.96053456856562 -70.6005869886967
endloop
endfacet
facet normal 0.0 0.0 1.0
outer loop
vertex 18.7558103905866 -4.96053456856562 -70.6005869886967
vertex 20.0066646712855 34.8422940262894 -70.6005869886967
vertex 18.7558103905857 34.9605345685653 -70.6005869886967
endloop
endfacet
facet normal 0.0 0.0 1.0
outer loop
vertex 18.7558103905866 -4.96053456856562 -70.6005869886967
vertex 18.7558103905857 34.9605345685653 -70.6005869886967
vertex 17.5000000000003 -5.00000000000021 -70.6005869886967
endloop
endfacet
facet normal 0.0 0.0 1.0
outer loop
vertex 17.5000000000003 -5.00000000000021 -70.6005869886967
vertex 18.7558103905857 34.9605345685653 -70.6005869886967
vertex 17.4999999999995 34.9999999999998 -70.6005869886967
endloop
endfacet
facet normal 0.0 0.0 1.0
outer loop
vertex 17.5000000000003 -5.00000000000021 -70.6005869886967
vertex 17.4999999999995 34.9999999999998 -70.6005869886967
vertex 16.2441896094141 -4.96053456856566 -70.6005869886967
endloop
endfacet
facet normal 0.0 0.0 1.0
outer loop
vertex 16.2441896094141 -4.96053456856566 -70.6005869886967
vertex 17.4999999999995 34.9999999999998 -70.6005869886967
vertex 16.2441896094132 34.9605345685652 -70.6005869886967
endloop
endfacet
facet normal 0.0 0.0 1.0
outer loop
vertex 16.2441896094141 -4.96053456856566 -70.6005869886967
vertex 16.2441896094132 34.9605345685652 -70.6005869886967
vertex 14.9933353287142 -4.84229402628981 -70.6005869886967
endloop
endfacet
facet normal 0.0 0.0 1.0
outer loop
vertex 14.9933353287142 -4.84229402628981 -70.6005869886967
vertex 16.2441896094132 34.9605345685652 -70.6005869886967
vertex 14.9933353287134 34.8422940262893 -70.6005869886967
endloop
endfacet
facet normal 0.0 0.0 1.0
outer loop
vertex 14.9933353287142 -4.84229402628981 -70.6005869886967
vertex 14.9933353287134 34.8422940262893 -70.6005869886967
vertex 13.7523737082858 -4.64574501457405 -70.6005869886967
endloop
endfacet
facet normal 0.0 0.0 1.0
outer loop
vertex 13.7523737082858 -4.64574501457405 -70.6005869886967
vertex 14.9933353287134 34.8422940262893 -70.6005869886967
vertex 13.752373708285 34.6457450145735 -70.6005869886967
endloop
endfacet
facet normal 0.0 0.0 1.0
outer loop
vertex 13.7523737082858 -4.64574501457405 -70.6005869886967
vertex 13.752373708285 34.6457450145735 -70.6005869886967
vertex 12.5262022567032 -4.37166322257292 -70.6005869886967
endloop
endfacet
facet normal 0.0 0.0 1.0
outer loop
vertex 12.5262022567032 -4.37166322257292 -70.6005869886967
vertex 13.752373708285 34.6457450145735 -70.6005869886967
vertex 12.5262022567024 34.3716632225723 -70.6005869886967
endloop
endfacet
facet normal 0.0 0.0 1.0
outer loop
vertex 12.5262022567032 -4.37166322257292 -70.6005869886967
vertex 12.5262022567024 34.3716632225723 -70.6005869886967
vertex 11.3196601125014 -4.02113032590339 -70.6005869886967
endloop
endfacet
facet normal 0.0 0.0 1.0
outer loop
vertex 11.3196601125014 -4.02113032590339 -70.6005869886967
vertex 12.5262022567024 34.3716632225723 -70.6005869886967
vertex 11.3196601125006 34.0211303259027 -70.6005869886967
endloop
endfacet
facet normal 0.0 0.0 1.0
outer loop
vertex 11.3196601125014 -4.02113032590339 -70.6005869886967
vertex 11.3196601125006 34.0211303259027 -70.6005869886967
vertex 10.1375089463067 -3.59552971776536 -70.6005869886967
endloop
endfacet
facet normal 0.0 0.0 1.0
outer loop
vertex 10.1375089463067 -3.59552971776536 -70.6005869886967
vertex 11.3196601125006 34.0211303259027 -70.6005869886967
vertex 10.137508946306 33.5955297177646 -70.6005869886967
endloop
endfacet
facet normal 0.0 0.0 1.0
outer loop
vertex 10.1375089463067 -3.59552971776536 -70.6005869886967
vertex 10.137508946306 33.5955297177646 -70.6005869886967
vertex 8.98441416869884 -3.09654104932074 -70.6005869886967
endloop
endfacet
facet normal 0.0 0.0 1.0
outer loop
vertex 8.98441416869884 -3.09654104932074 -70.6005869886967
vertex 10.137508946306 33.5955297177646 -70.6005869886967
vertex 8.98441416869809 33.09654104932 -70.6005869886967
endloop
endfacet
facet normal 0.0 0.0 1.0
outer loop
vertex 8.98441416869884 -3.09654104932074 -70.6005869886967
vertex 8.98441416869809 33.09654104932 -70.6005869886967
vertex 7.86492651796598 -2.52613360087764 -70.6005869886967
endloop
endfacet
facet normal 0.0 0.0 1.0
outer loop
vertex 7.86492651796598 -2.52613360087764 -70.6005869886967
vertex 8.98441416869809 33.09654104932 -70.6005869886967
vertex 7.86492651796526 32.5261336008768 -70.6005869886967
endloop
endfacet
facet normal 0.0 0.0 1.0
outer loop
vertex 7.86492651796598 -2.52613360087764 -70.6005869886967
vertex 7.86492651796526 32.5261336008768 -70.6005869886967
vertex 6.78346410042033 -1.88655851004068 -70.6005869886967
endloop
endfacet
facet normal 0.0 0.0 1.0
outer loop
vertex 6.78346410042033 -1.88655851004068 -70.6005869886967
vertex 7.86492651796526 32.5261336008768 -70.6005869886967
vertex 6.78346410041966 31.8865585100398 -70.6005869886967
endloop
endfacet
facet normal 0.0 0.0 1.0
outer loop
vertex 6.78346410042033 -1.88655851004068 -70.6005869886967
vertex 6.78346410041966 31.8865585100398 -70.6005869886967
vertex 5.74429495415079 -1.18033988749935 -70.6005869886967
endloop
endfacet
facet normal 0.0 0.0 1.0
outer loop
vertex 5.74429495415079 -1.18033988749935 -70.6005869886967
vertex 6.78346410041966 31.8865585100398 -70.6005869886967
vertex 5.74429495415015 31.1803398874984 -70.6005869886967
endloop
endfacet
facet normal 0.0 0.0 1.0
outer loop
vertex 5.74429495415079 -1.18033988749935 -70.6005869886967
vertex 5.74429495415015 31.1803398874984 -70.6005869886967
vertex 4.75152020502645 -0.410264855516202 -70.6005869886967
endloop
endfacet
facet normal 0.0 0.0 1.0
outer loop
vertex 4.75152020502645 -0.410264855516202 -70.6005869886967
vertex 5.74429495415015 31.1803398874984 -70.6005869886967
vertex 4.75152020502584 30.4102648555153 -70.6005869886967
endloop
endfacet
facet normal 0.0 0.0 1.0
outer loop
vertex 4.75152020502645 -0.410264855516202 -70.6005869886967
vertex 4.75152020502584 30.4102648555153 -70.6005869886967
vertex 3.80905788142645 0.42062745157134 -70.6005869886967
endloop
endfacet
facet normal 0.0 0.0 1.0
outer loop
vertex 3.80905788142645 0.42062745157134 -70.6005869886967
vertex 4.75152020502584 30.4102648555153 -70.6005869886967
vertex 3.80905788142588 29.5793725484277 -70.6005869886967
endloop
endfacet
facet normal 0.0 0.0 1.0
outer loop
vertex 3.80905788142645 0.42062745157134 -70.6005869886967
vertex 3.80905788142588 29.5793725484277 -70.6005869886967
vertex 2.92062745157198 1.30905788142578 -70.6005869886967
endloop
endfacet
facet normal 0.0 0.0 1.0
outer loop
vertex 2.92062745157198 1.30905788142578 -70.6005869886967
vertex 3.80905788142588 29.5793725484277 -70.6005869886967
vertex 2.92062745157145 28.6909421185732 -70.6005869886967
endloop
endfacet
facet normal 0.0 0.0 1.0
outer loop
vertex 2.92062745157198 1.30905788142578 -70.6005869886967
vertex 2.92062745157145 28.6909421185732 -70.6005869886967
vertex 2.08973514448441 2.25152020502575 -70.6005869886967
endloop
endfacet
facet normal 0.0 0.0 1.0
outer loop
vertex 2.08973514448441 2.25152020502575 -70.6005869886967
vertex 2.92062745157145 28.6909421185732 -70.6005869886967
vertex 2.08973514448392 27.7484797949732 -70.6005869886967
endloop
endfacet
facet normal 0.0 0.0 1.0
outer loop
vertex 2.08973514448441 2.25152020502575 -70.6005869886967
vertex 2.08973514448392 27.7484797949732 -70.6005869886967
vertex 1.31966011250123 3.24429495415007 -70.6005869886967
endloop
endfacet
facet normal 0.0 0.0 1.0
outer loop
vertex 1.31966011250123 3.24429495415007 -70.6005869886967
vertex 2.08973514448392 27.7484797949732 -70.6005869886967
vertex 1.31966011250079 26.7557050458489 -70.6005869886967
endloop
endfacet
facet normal 0.0 0.0 1.0
outer loop
vertex 1.31966011250123 3.24429495415007 -70.6005869886967
vertex 1.31966011250079 26.7557050458489 -70.6005869886967
vertex 0.613441489959861 4.28346410041959 -70.6005869886967
endloop
endfacet
facet normal 0.0 0.0 1.0
outer loop
vertex 0.613441489959861 4.28346410041959 -70.6005869886967
vertex 1.31966011250079 26.7557050458489 -70.6005869886967
vertex 0.61344148995946 25.7165358995794 -70.6005869886967
endloop
endfacet
facet normal 0.0 0.0 1.0
outer loop
vertex 0.613441489959861 4.28346410041959 -70.6005869886967
vertex 0.61344148995946 25.7165358995794 -70.6005869886967
vertex -0.0261336008771201 5.3649265179652 -70.6005869886967
endloop
endfacet
facet normal 0.0 0.0 1.0
outer loop
vertex -0.0261336008771201 5.3649265179652 -70.6005869886967
vertex 0.61344148995946 25.7165358995794 -70.6005869886967
vertex -0.026133600877481 24.6350734820337 -70.6005869886967
endloop
endfacet
facet normal 0.0 0.0 1.0
outer loop
vertex -0.0261336008771201 5.3649265179652 -70.6005869886967
vertex -0.026133600877481 24.6350734820337 -70.6005869886967
vertex -0.596541049320256 6.48441416869804 -70.6005869886967
endloop
endfacet
facet normal 0.0 0.0 1.0
outer loop
vertex -0.596541049320256 6.48441416869804 -70.6005869886967
vertex -0.026133600877481 24.6350734820337 -70.6005869886967
vertex -0.596541049320572 23.5155858313009 -70.6005869886967
endloop
endfacet
facet normal 0.0 0.0 1.0
outer loop
vertex -0.596541049320256 6.48441416869804 -70.6005869886967
vertex -0.596541049320572 23.5155858313009 -70.6005869886967
vertex -1.09552971776491 7.63750894630592 -70.6005869886967
endloop
endfacet
facet normal 0.0 0.0 1.0
outer loop
vertex -1.09552971776491 7.63750894630592 -70.6005869886967
vertex -0.596541049320572 23.5155858313009 -70.6005869886967
vertex -1.09552971776518 22.362491053693 -70.6005869886967
endloop
endfacet
facet normal 0.0 0.0 1.0
outer loop
vertex -1.09552971776491 7.63750894630592 -70.6005869886967
vertex -1.09552971776518 22.362491053693 -70.6005869886967
vertex -1.52113032590297 8.81966011250052 -70.6005869886967
endloop
endfacet
facet normal 0.0 0.0 1.0
outer loop
vertex -1.52113032590297 8.81966011250052 -70.6005869886967
vertex -1.09552971776518 22.362491053693 -70.6005869886967
vertex -1.5211303259032 21.1803398874983 -70.6005869886967
endloop
endfacet
facet normal 0.0 0.0 1.0
outer loop
vertex -1.52113032590297 8.81966011250052 -70.6005869886967
vertex -1.5211303259032 21.1803398874983 -70.6005869886967
vertex -1.87166322257254 10.0262022567024 -70.6005869886967
endloop
endfacet
facet normal 0.0 0.0 1.0
outer loop
vertex -1.87166322257254 10.0262022567024 -70.6005869886967
vertex -1.5211303259032 21.1803398874983 -70.6005869886967
vertex -1.87166322257273 19.9737977432965 -70.6005869886967
endloop
endfacet
facet normal 0.0 0.0 1.0
outer loop
vertex -1.87166322257254 10.0262022567024 -70.6005869886967
vertex -1.87166322257273 19.9737977432965 -70.6005869886967
vertex -2.14574501457371 11.2523737082849 -70.6005869886967
endloop
endfacet
facet normal 0.0 0.0 1.0
outer loop
vertex -2.14574501457371 11.2523737082849 -70.6005869886967
vertex -1.87166322257273 19.9737977432965 -70.6005869886967
vertex -2.14574501457385 18.7476262917139 -70.6005869886967
endloop
endfacet
facet normal 0.0 0.0 1.0
outer loop
vertex -2.14574501457371 11.2523737082849 -70.6005869886967
vertex -2.14574501457385 18.7476262917139 -70.6005869886967
vertex -2.34229402628951 12.4933353287133 -70.6005869886967
endloop
endfacet
facet normal 0.0 0.0 1.0
outer loop
vertex -2.34229402628951 12.4933353287133 -70.6005869886967
vertex -2.14574501457385 18.7476262917139 -70.6005869886967
vertex -2.34229402628961 17.5066646712855 -70.6005869886967
endloop
endfacet
facet normal 0.0 0.0 1.0
outer loop
vertex -2.34229402628951 12.4933353287133 -70.6005869886967
vertex -2.34229402628961 17.5066646712855 -70.6005869886967
vertex -2.46053456856541 13.7441896094132 -70.6005869886967
endloop
endfacet
facet normal 0.0 0.0 1.0
outer loop
vertex -2.46053456856541 13.7441896094132 -70.6005869886967
vertex -2.34229402628961 17.5066646712855 -70.6005869886967
vertex -2.46053456856546 16.2558103905857 -70.6005869886967
endloop
endfacet
facet normal 0.0 0.0 1.0
outer loop
vertex -2.46053456856541 13.7441896094132 -70.6005869886967
vertex -2.46053456856546 16.2558103905857 -70.6005869886967
vertex -2.5 14.9999999999994 -70.6005869886967
endloop
endfacet
facet normal 1.0 -1.79113308902503e-015 -8.05691220939314e-015
outer loop
vertex 22.5 14.9999999999998 -75.6005869886967
vertex 22.3296291314454 13.7059047744872 -72.1005869886967
vertex 22.3296291314453 13.7059047744872 -75.6005869886967
endloop
endfacet
facet normal 0.965925826289068 -0.258819045102523 -7.78237958319654e-015
outer loop
vertex 22.3296291314454 13.7059047744872 -72.1005869886967
vertex 22.5 14.9999999999998 -75.6005869886967
vertex 22.5 14.9999999999998 -72.1005869886967
endloop
endfacet
facet normal 0.707106781186548 0.707106781186548 -5.69305962774491e-015
outer loop
vertex 21.0355339059327 18.5355339059325 -75.6005869886967
vertex 20.0 19.330127018922 -72.1005869886967
vertex 21.0355339059328 18.5355339059325 -72.1005869886967
endloop
endfacet
facet normal 0.500000000000001 0.866025403784438 -4.02451806850489e-015
outer loop
vertex 20.0 19.330127018922 -72.1005869886967
vertex 21.0355339059327 18.5355339059325 -75.6005869886967
vertex 20.0 19.330127018922 -75.6005869886967
endloop
endfacet
facet normal 0.707106781186548 0.707106781186548 -5.69305962774491e-015
outer loop
vertex 21.0355339059327 18.5355339059325 -75.6005869886967
vertex 21.8301270189222 17.4999999999998 -72.1005869886967
vertex 21.8301270189222 17.4999999999998 -75.6005869886967
endloop
endfacet
facet normal 0.866025403784439 0.499999999999999 -6.97786652204437e-015
outer loop
vertex 21.8301270189222 17.4999999999998 -72.1005869886967
vertex 21.0355339059327 18.5355339059325 -75.6005869886967
vertex 21.0355339059328 18.5355339059325 -72.1005869886967
endloop
endfacet
facet normal -7.05475635510538e-018 -5.97449198002547e-031 -1.0
outer loop
vertex 37.4605345685655 13.7441896094139 -72.1005869886967
vertex 37.4605345685654 16.2558103905864 -72.1005869886967
vertex 37.5 15.0000000000002 -72.1005869886967
endloop
endfacet
facet normal -7.05475635510538e-018 -5.97449198002547e-031 -1.0
outer loop
vertex 37.4605345685654 16.2558103905864 -72.1005869886967
vertex 37.4605345685655 13.7441896094139 -72.1005869886967
vertex 37.3422940262896 12.4933353287141 -72.1005869886967
endloop
endfacet
facet normal -7.05475635510538e-018 -5.97449198002547e-031 -1.0
outer loop
vertex 37.4605345685654 16.2558103905864 -72.1005869886967
vertex 37.3422940262896 12.4933353287141 -72.1005869886967
vertex 37.3422940262895 17.5066646712862 -72.1005869886967
endloop
endfacet
facet normal -7.05475635510538e-018 -5.97449198002547e-031 -1.0
outer loop
vertex 37.3422940262895 17.5066646712862 -72.1005869886967
vertex 37.3422940262896 12.4933353287141 -72.1005869886967
vertex 37.1457450145738 11.2523737082857 -72.1005869886967
endloop
endfacet
facet normal -7.05475635510538e-018 -5.97449198002547e-031 -1.0
outer loop
vertex 37.3422940262895 17.5066646712862 -72.1005869886967
vertex 37.1457450145738 11.2523737082857 -72.1005869886967
vertex 37.1457450145737 18.7476262917147 -72.1005869886967
endloop
endfacet
facet normal -7.05475635510538e-018 -5.97449198002547e-031 -1.0
outer loop
vertex 37.1457450145737 18.7476262917147 -72.1005869886967
vertex 37.1457450145738 11.2523737082857 -72.1005869886967
vertex 36.8716632225727 10.026202256703 -72.1005869886967
endloop
endfacet
facet normal -7.05475635510538e-018 -5.97449198002547e-031 -1.0
outer loop
vertex 37.1457450145737 18.7476262917147 -72.1005869886967
vertex 36.8716632225727 10.026202256703 -72.1005869886967
vertex 36.8716632225725 19.9737977432973 -72.1005869886967
endloop
endfacet
facet normal -7.05475635510538e-018 -5.97449198002547e-031 -1.0
outer loop
vertex 36.8716632225725 19.9737977432973 -72.1005869886967
vertex 36.8716632225727 10.026202256703 -72.1005869886967
vertex 36.5211303259032 8.81966011250118 -72.1005869886967
endloop
endfacet
facet normal -7.05475635510538e-018 -5.97449198002547e-031 -1.0
outer loop
vertex 36.8716632225725 19.9737977432973 -72.1005869886967
vertex 36.5211303259032 8.81966011250118 -72.1005869886967
vertex 36.5211303259029 21.1803398874991 -72.1005869886967
endloop
endfacet
facet normal -7.05475635510538e-018 -5.97449198002547e-031 -1.0
outer loop
vertex 36.5211303259029 21.1803398874991 -72.1005869886967
vertex 36.5211303259032 8.81966011250118 -72.1005869886967
vertex 36.0955297177652 7.63750894630657 -72.1005869886967
endloop
endfacet
facet normal -7.05475635510538e-018 -5.97449198002547e-031 -1.0
outer loop
vertex 36.5211303259029 21.1803398874991 -72.1005869886967
vertex 36.0955297177652 7.63750894630657 -72.1005869886967
vertex 36.0955297177649 22.3624910536937 -72.1005869886967
endloop
endfacet
facet normal -7.05475635510538e-018 -5.97449198002547e-031 -1.0
outer loop
vertex 36.0955297177649 22.3624910536937 -72.1005869886967
vertex 36.0955297177652 7.63750894630657 -72.1005869886967
vertex 35.5965410493205 6.48441416869866 -72.1005869886967
endloop
endfacet
facet normal -7.05475635510538e-018 -5.97449198002547e-031 -1.0
outer loop
vertex 36.0955297177649 22.3624910536937 -72.1005869886967
vertex 35.5965410493205 6.48441416869866 -72.1005869886967
vertex 35.5965410493202 23.5155858313016 -72.1005869886967
endloop
endfacet
facet normal -7.05475635510538e-018 -5.97449198002547e-031 -1.0
outer loop
vertex 35.5965410493202 23.5155858313016 -72.1005869886967
vertex 35.5965410493205 6.48441416869866 -72.1005869886967
vertex 35.0261336008774 5.3649265179658 -72.1005869886967
endloop
endfacet
facet normal -7.05475635510538e-018 -5.97449198002547e-031 -1.0
outer loop
vertex 35.5965410493202 23.5155858313016 -72.1005869886967
vertex 35.0261336008774 5.3649265179658 -72.1005869886967
vertex 35.0261336008771 24.6350734820344 -72.1005869886967
endloop
endfacet
facet normal -7.05475635510538e-018 -5.97449198002547e-031 -1.0
outer loop
vertex 35.0261336008771 24.6350734820344 -72.1005869886967
vertex 35.0261336008774 5.3649265179658 -72.1005869886967
vertex 34.3865585100405 4.28346410042016 -72.1005869886967
endloop
endfacet
facet normal -7.05475635510538e-018 -5.97449198002547e-031 -1.0
outer loop
vertex 35.0261336008771 24.6350734820344 -72.1005869886967
vertex 34.3865585100405 4.28346410042016 -72.1005869886967
vertex 34.3865585100401 25.71653589958 -72.1005869886967
endloop
endfacet
facet normal -7.05475635510538e-018 -5.97449198002547e-031 -1.0
outer loop
vertex 34.3865585100401 25.71653589958 -72.1005869886967
vertex 34.3865585100405 4.28346410042016 -72.1005869886967
vertex 33.6803398874992 3.24429495415062 -72.1005869886967
endloop
endfacet
facet normal -7.05475635510538e-018 -5.97449198002547e-031 -1.0
outer loop
vertex 34.3865585100401 25.71653589958 -72.1005869886967
vertex 33.6803398874992 3.24429495415062 -72.1005869886967
vertex 33.6803398874987 26.7557050458496 -72.1005869886967
endloop
endfacet
facet normal -7.05475635510538e-018 -5.97449198002547e-031 -1.0
outer loop
vertex 33.6803398874987 26.7557050458496 -72.1005869886967
vertex 33.6803398874992 3.24429495415062 -72.1005869886967
vertex 32.910264855516 2.25152020502627 -72.1005869886967
endloop
endfacet
facet normal -7.05475635510538e-018 -5.97449198002547e-031 -1.0
outer loop
vertex 33.6803398874987 26.7557050458496 -72.1005869886967
vertex 32.910264855516 2.25152020502627 -72.1005869886967
vertex 32.9102648555155 27.7484797949739 -72.1005869886967
endloop
endfacet
facet normal -7.05475635510538e-018 -5.97449198002547e-031 -1.0
outer loop
vertex 32.9102648555155 27.7484797949739 -72.1005869886967
vertex 32.910264855516 2.25152020502627 -72.1005869886967
vertex 32.0793725484285 1.30905788142627 -72.1005869886967
endloop
endfacet
facet normal -7.05475635510538e-018 -5.97449198002547e-031 -1.0
outer loop
vertex 32.9102648555155 27.7484797949739 -72.1005869886967
vertex 32.0793725484285 1.30905788142627 -72.1005869886967
vertex 32.079372548428 28.6909421185738 -72.1005869886967
endloop
endfacet
facet normal -7.05475635510538e-018 -5.97449198002547e-031 -1.0
outer loop
vertex 32.079372548428 28.6909421185738 -72.1005869886967
vertex 32.0793725484285 1.30905788142627 -72.1005869886967
vertex 31.190942118574 0.420627451571799 -72.1005869886967
endloop
endfacet
facet normal -7.05475635510538e-018 -5.97449198002547e-031 -1.0
outer loop
vertex 32.079372548428 28.6909421185738 -72.1005869886967
vertex 31.190942118574 0.420627451571799 -72.1005869886967
vertex 31.1909421185735 29.5793725484283 -72.1005869886967
endloop
endfacet
facet normal -7.05475635510538e-018 -5.97449198002547e-031 -1.0
outer loop
vertex 31.1909421185735 29.5793725484283 -72.1005869886967
vertex 31.190942118574 0.420627451571799 -72.1005869886967
vertex 30.2484797949741 -0.410264855515772 -72.1005869886967
endloop
endfacet
facet normal -7.05475635510538e-018 -5.97449198002547e-031 -1.0
outer loop
vertex 31.1909421185735 29.5793725484283 -72.1005869886967
vertex 30.2484797949741 -0.410264855515772 -72.1005869886967
vertex 30.2484797949735 30.4102648555158 -72.1005869886967
endloop
endfacet
facet normal -7.05475635510538e-018 -5.97449198002547e-031 -1.0
outer loop
vertex 30.2484797949735 30.4102648555158 -72.1005869886967
vertex 30.2484797949741 -0.410264855515772 -72.1005869886967
vertex 29.2557050458497 -1.18033988749896 -72.1005869886967
endloop
endfacet
facet normal -7.05475635510538e-018 -5.97449198002547e-031 -1.0
outer loop
vertex 30.2484797949735 30.4102648555158 -72.1005869886967
vertex 29.2557050458497 -1.18033988749896 -72.1005869886967
vertex 29.2557050458491 31.180339887499 -72.1005869886967
endloop
endfacet
facet normal -7.05475635510538e-018 -5.97449198002547e-031 -1.0
outer loop
vertex 29.2557050458491 31.180339887499 -72.1005869886967
vertex 29.2557050458497 -1.18033988749896 -72.1005869886967
vertex 28.2165358995802 -1.88655851004033 -72.1005869886967
endloop
endfacet
facet normal -7.05475635510538e-018 -5.97449198002547e-031 -1.0
outer loop
vertex 29.2557050458491 31.180339887499 -72.1005869886967
vertex 28.2165358995802 -1.88655851004033 -72.1005869886967
vertex 28.2165358995796 31.8865585100403 -72.1005869886967
endloop
endfacet
facet normal -7.05475635510538e-018 -5.97449198002547e-031 -1.0
outer loop
vertex 28.2165358995796 31.8865585100403 -72.1005869886967
vertex 28.2165358995802 -1.88655851004033 -72.1005869886967
vertex 27.1350734820346 -2.52613360087732 -72.1005869886967
endloop
endfacet
facet normal -7.05475635510538e-018 -5.97449198002547e-031 -1.0
outer loop
vertex 28.2165358995796 31.8865585100403 -72.1005869886967
vertex 27.1350734820346 -2.52613360087732 -72.1005869886967
vertex 27.135073482034 32.5261336008772 -72.1005869886967
endloop
endfacet
facet normal -7.05475635510538e-018 -5.97449198002547e-031 -1.0
outer loop
vertex 27.135073482034 32.5261336008772 -72.1005869886967
vertex 27.1350734820346 -2.52613360087732 -72.1005869886967
vertex 26.0155858313018 -3.09654104932046 -72.1005869886967
endloop
endfacet
facet normal -7.05475635510538e-018 -5.97449198002547e-031 -1.0
outer loop
vertex 27.135073482034 32.5261336008772 -72.1005869886967
vertex 26.0155858313018 -3.09654104932046 -72.1005869886967
vertex 26.0155858313011 33.0965410493203 -72.1005869886967
endloop
endfacet
facet normal -7.05475635510538e-018 -5.97449198002547e-031 -1.0
outer loop
vertex 26.0155858313011 33.0965410493203 -72.1005869886967
vertex 26.0155858313018 -3.09654104932046 -72.1005869886967
vertex 24.8624910536939 -3.59552971776511 -72.1005869886967
endloop
endfacet
facet normal -7.05475635510538e-018 -5.97449198002547e-031 -1.0
outer loop
vertex 26.0155858313011 33.0965410493203 -72.1005869886967
vertex 24.8624910536939 -3.59552971776511 -72.1005869886967
vertex 24.8624910536932 33.595529717765 -72.1005869886967
endloop
endfacet
facet normal -7.05475635510538e-018 -5.97449198002547e-031 -1.0
outer loop
vertex 24.8624910536932 33.595529717765 -72.1005869886967
vertex 24.8624910536939 -3.59552971776511 -72.1005869886967
vertex 23.6803398874993 -4.02113032590318 -72.1005869886967
endloop
endfacet
facet normal -7.05475635510538e-018 -5.97449198002547e-031 -1.0
outer loop
vertex 24.8624910536932 33.595529717765 -72.1005869886967
vertex 23.6803398874993 -4.02113032590318 -72.1005869886967
vertex 23.6803398874986 34.021130325903 -72.1005869886967
endloop
endfacet
facet normal -7.05475635510538e-018 -5.97449198002547e-031 -1.0
outer loop
vertex 23.6803398874986 34.021130325903 -72.1005869886967
vertex 23.6803398874993 -4.02113032590318 -72.1005869886967
vertex 22.4737977432974 -4.37166322257275 -72.1005869886967
endloop
endfacet
facet normal -7.05475635510538e-018 -5.97449198002547e-031 -1.0
outer loop
vertex 23.6803398874986 34.021130325903 -72.1005869886967
vertex 22.4737977432974 -4.37166322257275 -72.1005869886967
vertex 22.5 14.9999999999998 -72.1005869886967
endloop
endfacet
facet normal -7.05475635510538e-018 -5.97449198002547e-031 -1.0
outer loop
vertex 22.5 14.9999999999998 -72.1005869886967
vertex 22.4737977432974 -4.37166322257275 -72.1005869886967
vertex 22.3296291314454 13.7059047744872 -72.1005869886967
endloop
endfacet
facet normal -7.05475635510538e-018 -5.97449198002547e-031 -1.0
outer loop
vertex 22.3296291314454 13.7059047744872 -72.1005869886967
vertex 22.4737977432974 -4.37166322257275 -72.1005869886967
vertex 21.2476262917148 -4.64574501457392 -72.1005869886967
endloop
endfacet
facet normal -7.05475635510538e-018 -5.97449198002547e-031 -1.0
outer loop
vertex 22.3296291314454 13.7059047744872 -72.1005869886967
vertex 21.2476262917148 -4.64574501457392 -72.1005869886967
vertex 21.8301270189222 12.4999999999998 -72.1005869886967
endloop
endfacet
facet normal -7.05475635510538e-018 -5.97449198002547e-031 -1.0
outer loop
vertex 21.8301270189222 12.4999999999998 -72.1005869886967
vertex 21.2476262917148 -4.64574501457392 -72.1005869886967
vertex 21.0355339059327 11.464466094067 -72.1005869886967
endloop
endfacet
facet normal -7.05475635510538e-018 -5.97449198002547e-031 -1.0
outer loop
vertex 21.0355339059327 11.464466094067 -72.1005869886967
vertex 21.2476262917148 -4.64574501457392 -72.1005869886967
vertex 20.0066646712864 -4.84229402628973 -72.1005869886967
endloop
endfacet
facet normal -7.05475635510538e-018 -5.97449198002547e-031 -1.0
outer loop
vertex 21.0355339059327 11.464466094067 -72.1005869886967
vertex 20.0066646712864 -4.84229402628973 -72.1005869886967
vertex 20.0 10.6698729810776 -72.1005869886967
endloop
endfacet
facet normal -7.05475635510538e-018 -5.97449198002547e-031 -1.0
outer loop
vertex 20.0 10.6698729810776 -72.1005869886967
vertex 20.0066646712864 -4.84229402628973 -72.1005869886967
vertex 18.7558103905866 -4.96053456856562 -72.1005869886967
endloop
endfacet
facet normal -7.05475635510538e-018 -5.97449198002547e-031 -1.0
outer loop
vertex 20.0 10.6698729810776 -72.1005869886967
vertex 18.7558103905866 -4.96053456856562 -72.1005869886967
vertex 18.7940952255126 10.1703708685544 -72.1005869886967
endloop
endfacet
facet normal -7.05475635510538e-018 -5.97449198002547e-031 -1.0
outer loop
vertex 18.7940952255126 10.1703708685544 -72.1005869886967
vertex 18.7558103905866 -4.96053456856562 -72.1005869886967
vertex 17.5 9.99999999999979 -72.1005869886967
endloop
endfacet
facet normal -7.05475635510538e-018 -5.97449198002547e-031 -1.0
outer loop
vertex 17.5 9.99999999999979 -72.1005869886967
vertex 18.7558103905866 -4.96053456856562 -72.1005869886967
vertex 17.5000000000004 -5.00000000000021 -72.1005869886967
endloop
endfacet
facet normal -7.05475635510538e-018 -5.97449198002547e-031 -1.0
outer loop
vertex 17.5 9.99999999999979 -72.1005869886967
vertex 17.5000000000004 -5.00000000000021 -72.1005869886967
vertex 16.2441896094141 -4.96053456856566 -72.1005869886967
endloop
endfacet
facet normal -7.05475635510538e-018 -5.97449198002547e-031 -1.0
outer loop
vertex 17.5 9.99999999999979 -72.1005869886967
vertex 16.2441896094141 -4.96053456856566 -72.1005869886967
vertex 16.2059047744874 10.1703708685544 -72.1005869886967
endloop
endfacet
facet normal -7.05475635510538e-018 -5.97449198002547e-031 -1.0
outer loop
vertex 16.2059047744874 10.1703708685544 -72.1005869886967
vertex 16.2441896094141 -4.96053456856566 -72.1005869886967
vertex 14.9933353287142 -4.84229402628981 -72.1005869886967
endloop
endfacet
facet normal -7.05475635510538e-018 -5.97449198002547e-031 -1.0
outer loop
vertex 16.2059047744874 10.1703708685544 -72.1005869886967
vertex 14.9933353287142 -4.84229402628981 -72.1005869886967
vertex 15.0 10.6698729810776 -72.1005869886967
endloop
endfacet
facet normal -7.05475635510538e-018 -5.97449198002547e-031 -1.0
outer loop
vertex 15.0 10.6698729810776 -72.1005869886967
vertex 14.9933353287142 -4.84229402628981 -72.1005869886967
vertex 13.9644660940673 11.464466094067 -72.1005869886967
endloop
endfacet
facet normal -7.05475635510538e-018 -5.97449198002547e-031 -1.0
outer loop
vertex 13.9644660940673 11.464466094067 -72.1005869886967
vertex 14.9933353287142 -4.84229402628981 -72.1005869886967
vertex 13.7523737082858 -4.64574501457405 -72.1005869886967
endloop
endfacet
facet normal -7.05475635510538e-018 -5.97449198002547e-031 -1.0
outer loop
vertex 13.9644660940673 11.464466094067 -72.1005869886967
vertex 13.7523737082858 -4.64574501457405 -72.1005869886967
vertex 13.1698729810778 12.4999999999998 -72.1005869886967
endloop
endfacet
facet normal -7.05475635510538e-018 -5.97449198002547e-031 -1.0
outer loop
vertex 13.1698729810778 12.4999999999998 -72.1005869886967
vertex 13.7523737082858 -4.64574501457405 -72.1005869886967
vertex 12.5262022567032 -4.37166322257292 -72.1005869886967
endloop
endfacet
facet normal -7.05475635510538e-018 -5.97449198002547e-031 -1.0
outer loop
vertex 13.1698729810778 12.4999999999998 -72.1005869886967
vertex 12.5262022567032 -4.37166322257292 -72.1005869886967
vertex 12.6703708685547 13.7059047744872 -72.1005869886967
endloop
endfacet
facet normal -7.05475635510538e-018 -5.97449198002547e-031 -1.0
outer loop
vertex 12.6703708685547 13.7059047744872 -72.1005869886967
vertex 12.5262022567032 -4.37166322257292 -72.1005869886967
vertex 12.5 14.9999999999998 -72.1005869886967
endloop
endfacet
facet normal -7.05475635510538e-018 -5.97449198002547e-031 -1.0
outer loop
vertex 12.5 14.9999999999998 -72.1005869886967
vertex 12.5262022567032 -4.37166322257292 -72.1005869886967
vertex 11.3196601125014 -4.02113032590339 -72.1005869886967
endloop
endfacet
facet normal -7.05475635510538e-018 -5.97449198002547e-031 -1.0
outer loop
vertex 22.5 14.9999999999998 -72.1005869886967
vertex 22.4737977432967 34.3716632225725 -72.1005869886967
vertex 23.6803398874986 34.021130325903 -72.1005869886967
endloop
endfacet
facet normal -7.05475635510538e-018 -5.97449198002547e-031 -1.0
outer loop
vertex 22.4737977432967 34.3716632225725 -72.1005869886967
vertex 22.5 14.9999999999998 -72.1005869886967
vertex 22.3296291314454 16.2940952255124 -72.1005869886967
endloop
endfacet
facet normal -7.05475635510538e-018 -5.97449198002547e-031 -1.0
outer loop
vertex 22.4737977432967 34.3716632225725 -72.1005869886967
vertex 22.3296291314454 16.2940952255124 -72.1005869886967
vertex 21.2476262917141 34.6457450145736 -72.1005869886967
endloop
endfacet
facet normal -7.05475635510538e-018 -5.97449198002547e-031 -1.0
outer loop
vertex 21.2476262917141 34.6457450145736 -72.1005869886967
vertex 22.3296291314454 16.2940952255124 -72.1005869886967
vertex 21.8301270189222 17.4999999999998 -72.1005869886967
endloop
endfacet
facet normal -7.05475635510538e-018 -5.97449198002547e-031 -1.0
outer loop
vertex 21.2476262917141 34.6457450145736 -72.1005869886967
vertex 21.8301270189222 17.4999999999998 -72.1005869886967
vertex 21.0355339059328 18.5355339059325 -72.1005869886967
endloop
endfacet
facet normal -7.05475635510538e-018 -5.97449198002547e-031 -1.0
outer loop
vertex 21.2476262917141 34.6457450145736 -72.1005869886967
vertex 21.0355339059328 18.5355339059325 -72.1005869886967
vertex 20.0066646712855 34.8422940262894 -72.1005869886967
endloop
endfacet
facet normal -7.05475635510538e-018 -5.97449198002547e-031 -1.0
outer loop
vertex 20.0066646712855 34.8422940262894 -72.1005869886967
vertex 21.0355339059328 18.5355339059325 -72.1005869886967
vertex 20.0 19.330127018922 -72.1005869886967
endloop
endfacet
facet normal -7.05475635510538e-018 -5.97449198002547e-031 -1.0
outer loop
vertex 20.0066646712855 34.8422940262894 -72.1005869886967
vertex 20.0 19.330127018922 -72.1005869886967
vertex 18.7558103905857 34.9605345685653 -72.1005869886967
endloop
endfacet
facet normal -7.05475635510538e-018 -5.97449198002547e-031 -1.0
outer loop
vertex 18.7558103905857 34.9605345685653 -72.1005869886967
vertex 20.0 19.330127018922 -72.1005869886967
vertex 18.7940952255126 19.8296291314451 -72.1005869886967
endloop
endfacet
facet normal -7.05475635510538e-018 -5.97449198002547e-031 -1.0
outer loop
vertex 18.7558103905857 34.9605345685653 -72.1005869886967
vertex 18.7940952255126 19.8296291314451 -72.1005869886967
vertex 17.5 19.9999999999998 -72.1005869886967
endloop
endfacet
facet normal -7.05475635510538e-018 -5.97449198002547e-031 -1.0
outer loop
vertex 18.7558103905857 34.9605345685653 -72.1005869886967
vertex 17.5 19.9999999999998 -72.1005869886967
vertex 17.4999999999995 34.9999999999998 -72.1005869886967
endloop
endfacet
facet normal -7.05475635510538e-018 -5.97449198002547e-031 -1.0
outer loop
vertex 17.4999999999995 34.9999999999998 -72.1005869886967
vertex 17.5 19.9999999999998 -72.1005869886967
vertex 16.2059047744874 19.8296291314451 -72.1005869886967
endloop
endfacet
facet normal -7.05475635510538e-018 -5.97449198002547e-031 -1.0
outer loop
vertex 17.4999999999995 34.9999999999998 -72.1005869886967
vertex 16.2059047744874 19.8296291314451 -72.1005869886967
vertex 16.2441896094132 34.9605345685652 -72.1005869886967
endloop
endfacet
facet normal -7.05475635510538e-018 -5.97449198002547e-031 -1.0
outer loop
vertex 16.2441896094132 34.9605345685652 -72.1005869886967
vertex 16.2059047744874 19.8296291314451 -72.1005869886967
vertex 14.9933353287134 34.8422940262893 -72.1005869886967
endloop
endfacet
facet normal -7.05475635510538e-018 -5.97449198002547e-031 -1.0
outer loop
vertex 14.9933353287134 34.8422940262893 -72.1005869886967
vertex 16.2059047744874 19.8296291314451 -72.1005869886967
vertex 15.0 19.330127018922 -72.1005869886967
endloop
endfacet
facet normal -7.05475635510538e-018 -5.97449198002547e-031 -1.0
outer loop
vertex 14.9933353287134 34.8422940262893 -72.1005869886967
vertex 15.0 19.330127018922 -72.1005869886967
vertex 13.9644660940673 18.5355339059325 -72.1005869886967
endloop
endfacet
facet normal -7.05475635510538e-018 -5.97449198002547e-031 -1.0
outer loop
vertex 14.9933353287134 34.8422940262893 -72.1005869886967
vertex 13.9644660940673 18.5355339059325 -72.1005869886967
vertex 13.752373708285 34.6457450145735 -72.1005869886967
endloop
endfacet
facet normal -7.05475635510538e-018 -5.97449198002547e-031 -1.0
outer loop
vertex 13.752373708285 34.6457450145735 -72.1005869886967
vertex 13.9644660940673 18.5355339059325 -72.1005869886967
vertex 13.1698729810778 17.4999999999998 -72.1005869886967
endloop
endfacet
facet normal -7.05475635510538e-018 -5.97449198002547e-031 -1.0
outer loop
vertex 13.752373708285 34.6457450145735 -72.1005869886967
vertex 13.1698729810778 17.4999999999998 -72.1005869886967
vertex 12.5262022567024 34.3716632225723 -72.1005869886967
endloop
endfacet
facet normal -7.05475635510538e-018 -5.97449198002547e-031 -1.0
outer loop
vertex 12.5262022567024 34.3716632225723 -72.1005869886967
vertex 13.1698729810778 17.4999999999998 -72.1005869886967
vertex 12.6703708685547 16.2940952255124 -72.1005869886967
endloop
endfacet
facet normal -7.05475635510538e-018 -5.97449198002547e-031 -1.0
outer loop
vertex 12.5262022567024 34.3716632225723 -72.1005869886967
vertex 12.6703708685547 16.2940952255124 -72.1005869886967
vertex 12.5 14.9999999999998 -72.1005869886967
endloop
endfacet
facet normal -7.05475635510538e-018 -5.97449198002547e-031 -1.0
outer loop
vertex 12.5262022567024 34.3716632225723 -72.1005869886967
vertex 12.5 14.9999999999998 -72.1005869886967
vertex 11.3196601125006 34.0211303259027 -72.1005869886967
endloop
endfacet
facet normal -7.05475635510538e-018 -5.97449198002547e-031 -1.0
outer loop
vertex 11.3196601125006 34.0211303259027 -72.1005869886967
vertex 12.5 14.9999999999998 -72.1005869886967
vertex 11.3196601125014 -4.02113032590339 -72.1005869886967
endloop
endfacet
facet normal -7.05475635510538e-018 -5.97449198002547e-031 -1.0
outer loop
vertex 11.3196601125006 34.0211303259027 -72.1005869886967
vertex 11.3196601125014 -4.02113032590339 -72.1005869886967
vertex 10.1375089463067 -3.59552971776536 -72.1005869886967
endloop
endfacet
facet normal -7.05475635510538e-018 -5.97449198002547e-031 -1.0
outer loop
vertex 11.3196601125006 34.0211303259027 -72.1005869886967
vertex 10.1375089463067 -3.59552971776536 -72.1005869886967
vertex 10.137508946306 33.5955297177646 -72.1005869886967
endloop
endfacet
facet normal -7.05475635510538e-018 -5.97449198002547e-031 -1.0
outer loop
vertex 10.137508946306 33.5955297177646 -72.1005869886967
vertex 10.1375089463067 -3.59552971776536 -72.1005869886967
vertex 8.98441416869884 -3.09654104932074 -72.1005869886967
endloop
endfacet
facet normal -7.05475635510538e-018 -5.97449198002547e-031 -1.0
outer loop
vertex 10.137508946306 33.5955297177646 -72.1005869886967
vertex 8.98441416869884 -3.09654104932074 -72.1005869886967
vertex 8.98441416869809 33.09654104932 -72.1005869886967
endloop
endfacet
facet normal -7.05475635510538e-018 -5.97449198002547e-031 -1.0
outer loop
vertex 8.98441416869809 33.09654104932 -72.1005869886967
vertex 8.98441416869884 -3.09654104932074 -72.1005869886967
vertex 7.86492651796598 -2.52613360087764 -72.1005869886967
endloop
endfacet
facet normal -7.05475635510538e-018 -5.97449198002547e-031 -1.0
outer loop
vertex 8.98441416869809 33.09654104932 -72.1005869886967
vertex 7.86492651796598 -2.52613360087764 -72.1005869886967
vertex 7.86492651796526 32.5261336008768 -72.1005869886967
endloop
endfacet
facet normal -7.05475635510538e-018 -5.97449198002547e-031 -1.0
outer loop
vertex 7.86492651796526 32.5261336008768 -72.1005869886967
vertex 7.86492651796598 -2.52613360087764 -72.1005869886967
vertex 6.78346410042033 -1.88655851004068 -72.1005869886967
endloop
endfacet
facet normal -7.05475635510538e-018 -5.97449198002547e-031 -1.0
outer loop
vertex 7.86492651796526 32.5261336008768 -72.1005869886967
vertex 6.78346410042033 -1.88655851004068 -72.1005869886967
vertex 6.78346410041966 31.8865585100398 -72.1005869886967
endloop
endfacet
facet normal -7.05475635510538e-018 -5.97449198002547e-031 -1.0
outer loop
vertex 6.78346410041966 31.8865585100398 -72.1005869886967
vertex 6.78346410042033 -1.88655851004068 -72.1005869886967
vertex 5.74429495415079 -1.18033988749935 -72.1005869886967
endloop
endfacet
facet normal -7.05475635510538e-018 -5.97449198002547e-031 -1.0
outer loop
vertex 6.78346410041966 31.8865585100398 -72.1005869886967
vertex 5.74429495415079 -1.18033988749935 -72.1005869886967
vertex 5.74429495415015 31.1803398874984 -72.1005869886967
endloop
endfacet
facet normal -7.05475635510538e-018 -5.97449198002547e-031 -1.0
outer loop
vertex 5.74429495415015 31.1803398874984 -72.1005869886967
vertex 5.74429495415079 -1.18033988749935 -72.1005869886967
vertex 4.75152020502645 -0.410264855516202 -72.1005869886967
endloop
endfacet
facet normal -7.05475635510538e-018 -5.97449198002547e-031 -1.0
outer loop
vertex 5.74429495415015 31.1803398874984 -72.1005869886967
vertex 4.75152020502645 -0.410264855516202 -72.1005869886967
vertex 4.75152020502584 30.4102648555153 -72.1005869886967
endloop
endfacet
facet normal -7.05475635510538e-018 -5.97449198002547e-031 -1.0
outer loop
vertex 4.75152020502584 30.4102648555153 -72.1005869886967
vertex 4.75152020502645 -0.410264855516202 -72.1005869886967
vertex 3.80905788142645 0.42062745157134 -72.1005869886967
endloop
endfacet
facet normal -7.05475635510538e-018 -5.97449198002547e-031 -1.0
outer loop
vertex 4.75152020502584 30.4102648555153 -72.1005869886967
vertex 3.80905788142645 0.42062745157134 -72.1005869886967
vertex 3.80905788142588 29.5793725484277 -72.1005869886967
endloop
endfacet
facet normal -7.05475635510538e-018 -5.97449198002547e-031 -1.0
outer loop
vertex 3.80905788142588 29.5793725484277 -72.1005869886967
vertex 3.80905788142645 0.42062745157134 -72.1005869886967
vertex 2.92062745157198 1.30905788142578 -72.1005869886967
endloop
endfacet
facet normal -7.05475635510538e-018 -5.97449198002547e-031 -1.0
outer loop
vertex 3.80905788142588 29.5793725484277 -72.1005869886967
vertex 2.92062745157198 1.30905788142578 -72.1005869886967
vertex 2.92062745157145 28.6909421185732 -72.1005869886967
endloop
endfacet
facet normal -7.05475635510538e-018 -5.97449198002547e-031 -1.0
outer loop
vertex 2.92062745157145 28.6909421185732 -72.1005869886967
vertex 2.92062745157198 1.30905788142578 -72.1005869886967
vertex 2.08973514448441 2.25152020502575 -72.1005869886967
endloop
endfacet
facet normal -7.05475635510538e-018 -5.97449198002547e-031 -1.0
outer loop
vertex 2.92062745157145 28.6909421185732 -72.1005869886967
vertex 2.08973514448441 2.25152020502575 -72.1005869886967
vertex 2.08973514448392 27.7484797949732 -72.1005869886967
endloop
endfacet
facet normal -7.05475635510538e-018 -5.97449198002547e-031 -1.0
outer loop
vertex 2.08973514448392 27.7484797949732 -72.1005869886967
vertex 2.08973514448441 2.25152020502575 -72.1005869886967
vertex 1.31966011250123 3.24429495415007 -72.1005869886967
endloop
endfacet
facet normal -7.05475635510538e-018 -5.97449198002547e-031 -1.0
outer loop
vertex 2.08973514448392 27.7484797949732 -72.1005869886967
vertex 1.31966011250123 3.24429495415007 -72.1005869886967
vertex 1.31966011250079 26.7557050458489 -72.1005869886967
endloop
endfacet
facet normal -7.05475635510538e-018 -5.97449198002547e-031 -1.0
outer loop
vertex 1.31966011250079 26.7557050458489 -72.1005869886967
vertex 1.31966011250123 3.24429495415007 -72.1005869886967
vertex 0.613441489959861 4.28346410041959 -72.1005869886967
endloop
endfacet
facet normal -7.05475635510538e-018 -5.97449198002547e-031 -1.0
outer loop
vertex 1.31966011250079 26.7557050458489 -72.1005869886967
vertex 0.613441489959861 4.28346410041959 -72.1005869886967
vertex 0.61344148995946 25.7165358995794 -72.1005869886967
endloop
endfacet
facet normal -7.05475635510538e-018 -5.97449198002547e-031 -1.0
outer loop
vertex 0.61344148995946 25.7165358995794 -72.1005869886967
vertex 0.613441489959861 4.28346410041959 -72.1005869886967
vertex -0.0261336008771201 5.3649265179652 -72.1005869886967
endloop
endfacet
facet normal -7.05475635510538e-018 -5.97449198002547e-031 -1.0
outer loop
vertex 0.61344148995946 25.7165358995794 -72.1005869886967
vertex -0.0261336008771201 5.3649265179652 -72.1005869886967
vertex -0.026133600877481 24.6350734820337 -72.1005869886967
endloop
endfacet
facet normal -7.05475635510538e-018 -5.97449198002547e-031 -1.0
outer loop
vertex -0.026133600877481 24.6350734820337 -72.1005869886967
vertex -0.0261336008771201 5.3649265179652 -72.1005869886967
vertex -0.596541049320256 6.48441416869804 -72.1005869886967
endloop
endfacet
facet normal -7.05475635510538e-018 -5.97449198002547e-031 -1.0
outer loop
vertex -0.026133600877481 24.6350734820337 -72.1005869886967
vertex -0.596541049320256 6.48441416869804 -72.1005869886967
vertex -0.596541049320572 23.5155858313009 -72.1005869886967
endloop
endfacet
facet normal -7.05475635510538e-018 -5.97449198002547e-031 -1.0
outer loop
vertex -0.596541049320572 23.5155858313009 -72.1005869886967
vertex -0.596541049320256 6.48441416869804 -72.1005869886967
vertex -1.09552971776491 7.63750894630592 -72.1005869886967
endloop
endfacet
facet normal -7.05475635510538e-018 -5.97449198002547e-031 -1.0
outer loop
vertex -0.596541049320572 23.5155858313009 -72.1005869886967
vertex -1.09552971776491 7.63750894630592 -72.1005869886967
vertex -1.09552971776518 22.362491053693 -72.1005869886967
endloop
endfacet
facet normal -7.05475635510538e-018 -5.97449198002547e-031 -1.0
outer loop
vertex -1.09552971776518 22.362491053693 -72.1005869886967
vertex -1.09552971776491 7.63750894630592 -72.1005869886967
vertex -1.52113032590297 8.81966011250052 -72.1005869886967
endloop
endfacet
facet normal -7.05475635510538e-018 -5.97449198002547e-031 -1.0
outer loop
vertex -1.09552971776518 22.362491053693 -72.1005869886967
vertex -1.52113032590297 8.81966011250052 -72.1005869886967
vertex -1.5211303259032 21.1803398874983 -72.1005869886967
endloop
endfacet
facet normal -7.05475635510538e-018 -5.97449198002547e-031 -1.0
outer loop
vertex -1.5211303259032 21.1803398874983 -72.1005869886967
vertex -1.52113032590297 8.81966011250052 -72.1005869886967
vertex -1.87166322257254 10.0262022567024 -72.1005869886967
endloop
endfacet
facet normal -7.05475635510538e-018 -5.97449198002547e-031 -1.0
outer loop
vertex -1.5211303259032 21.1803398874983 -72.1005869886967
vertex -1.87166322257254 10.0262022567024 -72.1005869886967
vertex -1.87166322257273 19.9737977432965 -72.1005869886967
endloop
endfacet
facet normal -7.05475635510538e-018 -5.97449198002547e-031 -1.0
outer loop
vertex -1.87166322257273 19.9737977432965 -72.1005869886967
vertex -1.87166322257254 10.0262022567024 -72.1005869886967
vertex -2.14574501457371 11.2523737082849 -72.1005869886967
endloop
endfacet
facet normal -7.05475635510538e-018 -5.97449198002547e-031 -1.0
outer loop
vertex -1.87166322257273 19.9737977432965 -72.1005869886967
vertex -2.14574501457371 11.2523737082849 -72.1005869886967
vertex -2.14574501457385 18.7476262917139 -72.1005869886967
endloop
endfacet
facet normal -7.05475635510538e-018 -5.97449198002547e-031 -1.0
outer loop
vertex -2.14574501457385 18.7476262917139 -72.1005869886967
vertex -2.14574501457371 11.2523737082849 -72.1005869886967
vertex -2.34229402628951 12.4933353287133 -72.1005869886967
endloop
endfacet
facet normal -7.05475635510538e-018 -5.97449198002547e-031 -1.0
outer loop
vertex -2.14574501457385 18.7476262917139 -72.1005869886967
vertex -2.34229402628951 12.4933353287133 -72.1005869886967
vertex -2.34229402628961 17.5066646712855 -72.1005869886967
endloop
endfacet
facet normal -7.05475635510538e-018 -5.97449198002547e-031 -1.0
outer loop
vertex -2.34229402628961 17.5066646712855 -72.1005869886967
vertex -2.34229402628951 12.4933353287133 -72.1005869886967
vertex -2.46053456856541 13.7441896094132 -72.1005869886967
endloop
endfacet
facet normal -7.05475635510538e-018 -5.97449198002547e-031 -1.0
outer loop
vertex -2.34229402628961 17.5066646712855 -72.1005869886967
vertex -2.46053456856541 13.7441896094132 -72.1005869886967
vertex -2.46053456856546 16.2558103905857 -72.1005869886967
endloop
endfacet
facet normal -7.05475635510538e-018 -5.97449198002547e-031 -1.0
outer loop
vertex -2.46053456856546 16.2558103905857 -72.1005869886967
vertex -2.46053456856541 13.7441896094132 -72.1005869886967
vertex -2.5 14.9999999999994 -72.1005869886967
endloop
endfacet
facet normal 2.66133999241226e-015 -1.3454159039905e-030 -1.0
outer loop
vertex 20.0 10.6698729810776 -75.6005869886967
vertex 20.1 14.9999999999998 -75.6005869886967
vertex 21.0355339059327 11.464466094067 -75.6005869886967
endloop
endfacet
facet normal 2.66133999241226e-015 -1.3454159039905e-030 -1.0
outer loop
vertex 20.1 14.9999999999998 -75.6005869886967
vertex 20.0 10.6698729810776 -75.6005869886967
vertex 20.0114071483516 14.3270704827332 -75.6005869886967
endloop
endfacet
facet normal 2.66133999241226e-015 -1.3454159039905e-030 -1.0
outer loop
vertex 20.0114071483516 14.3270704827332 -75.6005869886967
vertex 20.0 10.6698729810776 -75.6005869886967
vertex 19.7516660498395 13.6999999999998 -75.6005869886967
endloop
endfacet
facet normal 2.66133999241226e-015 -1.3454159039905e-030 -1.0
outer loop
vertex 19.7516660498395 13.6999999999998 -75.6005869886967
vertex 20.0 10.6698729810776 -75.6005869886967
vertex 18.7940952255126 10.1703708685544 -75.6005869886967
endloop
endfacet
facet normal 2.66133999241226e-015 -1.3454159039905e-030 -1.0
outer loop
vertex 19.7516660498395 13.6999999999998 -75.6005869886967
vertex 18.7940952255126 10.1703708685544 -75.6005869886967
vertex 19.338477631085 13.1615223689148 -75.6005869886967
endloop
endfacet
facet normal 2.66133999241226e-015 -1.3454159039905e-030 -1.0
outer loop
vertex 19.338477631085 13.1615223689148 -75.6005869886967
vertex 18.7940952255126 10.1703708685544 -75.6005869886967
vertex 18.8 12.7483339501602 -75.6005869886967
endloop
endfacet
facet normal 2.66133999241226e-015 -1.3454159039905e-030 -1.0
outer loop
vertex 18.8 12.7483339501602 -75.6005869886967
vertex 18.7940952255126 10.1703708685544 -75.6005869886967
vertex 18.1729295172665 12.4885928516482 -75.6005869886967
endloop
endfacet
facet normal 2.66133999241226e-015 -1.3454159039905e-030 -1.0
outer loop
vertex 18.1729295172665 12.4885928516482 -75.6005869886967
vertex 18.7940952255126 10.1703708685544 -75.6005869886967
vertex 17.5 9.99999999999979 -75.6005869886967
endloop
endfacet
facet normal 2.66133999241226e-015 -1.3454159039905e-030 -1.0
outer loop
vertex 18.1729295172665 12.4885928516482 -75.6005869886967
vertex 17.5 9.99999999999979 -75.6005869886967
vertex 17.5 12.3999999999998 -75.6005869886967
endloop
endfacet
facet normal 2.66133999241226e-015 -1.3454159039905e-030 -1.0
outer loop
vertex 17.5 12.3999999999998 -75.6005869886967
vertex 17.5 9.99999999999979 -75.6005869886967
vertex 16.2059047744874 10.1703708685544 -75.6005869886967
endloop
endfacet
facet normal 2.66133999241226e-015 -1.3454159039905e-030 -1.0
outer loop
vertex 17.5 12.3999999999998 -75.6005869886967
vertex 16.2059047744874 10.1703708685544 -75.6005869886967
vertex 16.8270704827334 12.4885928516482 -75.6005869886967
endloop
endfacet
facet normal 2.66133999241226e-015 -1.3454159039905e-030 -1.0
outer loop
vertex 16.8270704827334 12.4885928516482 -75.6005869886967
vertex 16.2059047744874 10.1703708685544 -75.6005869886967
vertex 16.2 12.7483339501602 -75.6005869886967
endloop
endfacet
facet normal 2.66133999241226e-015 -1.3454159039905e-030 -1.0
outer loop
vertex 16.2 12.7483339501602 -75.6005869886967
vertex 16.2059047744874 10.1703708685544 -75.6005869886967
vertex 15.0 10.6698729810776 -75.6005869886967
endloop
endfacet
facet normal 2.66133999241226e-015 -1.3454159039905e-030 -1.0
outer loop
vertex 16.2 12.7483339501602 -75.6005869886967
vertex 15.0 10.6698729810776 -75.6005869886967
vertex 15.661522368915 13.1615223689148 -75.6005869886967
endloop
endfacet
facet normal 2.66133999241226e-015 -1.3454159039905e-030 -1.0
outer loop
vertex 15.661522368915 13.1615223689148 -75.6005869886967
vertex 15.0 10.6698729810776 -75.6005869886967
vertex 15.2483339501604 13.6999999999998 -75.6005869886967
endloop
endfacet
facet normal 2.66133999241226e-015 -1.3454159039905e-030 -1.0
outer loop
vertex 15.2483339501604 13.6999999999998 -75.6005869886967
vertex 15.0 10.6698729810776 -75.6005869886967
vertex 14.9885928516484 14.3270704827332 -75.6005869886967
endloop
endfacet
facet normal 2.66133999241226e-015 -1.3454159039905e-030 -1.0
outer loop
vertex 14.9885928516484 14.3270704827332 -75.6005869886967
vertex 15.0 10.6698729810776 -75.6005869886967
vertex 13.9644660940673 11.464466094067 -75.6005869886967
endloop
endfacet
facet normal 2.66133999241226e-015 -1.3454159039905e-030 -1.0
outer loop
vertex 14.9885928516484 14.3270704827332 -75.6005869886967
vertex 13.9644660940673 11.464466094067 -75.6005869886967
vertex 14.9 14.9999999999998 -75.6005869886967
endloop
endfacet
facet normal 2.66133999241226e-015 -1.3454159039905e-030 -1.0
outer loop
vertex 22.3296291314453 13.7059047744872 -75.6005869886967
vertex 22.3296291314453 16.2940952255124 -75.6005869886967
vertex 22.5 14.9999999999998 -75.6005869886967
endloop
endfacet
facet normal 2.66133999241226e-015 -1.3454159039905e-030 -1.0
outer loop
vertex 22.3296291314453 16.2940952255124 -75.6005869886967
vertex 22.3296291314453 13.7059047744872 -75.6005869886967
vertex 21.8301270189222 17.4999999999998 -75.6005869886967
endloop
endfacet
facet normal 2.66133999241226e-015 -1.3454159039905e-030 -1.0
outer loop
vertex 21.8301270189222 17.4999999999998 -75.6005869886967
vertex 22.3296291314453 13.7059047744872 -75.6005869886967
vertex 21.8301270189222 12.4999999999998 -75.6005869886967
endloop
endfacet
facet normal 2.66133999241226e-015 -1.3454159039905e-030 -1.0
outer loop
vertex 21.8301270189222 17.4999999999998 -75.6005869886967
vertex 21.8301270189222 12.4999999999998 -75.6005869886967
vertex 21.0355339059327 18.5355339059325 -75.6005869886967
endloop
endfacet
facet normal 2.66133999241226e-015 -1.3454159039905e-030 -1.0
outer loop
vertex 21.0355339059327 18.5355339059325 -75.6005869886967
vertex 21.8301270189222 12.4999999999998 -75.6005869886967
vertex 21.0355339059327 11.464466094067 -75.6005869886967
endloop
endfacet
facet normal 2.66133999241226e-015 -1.3454159039905e-030 -1.0
outer loop
vertex 21.0355339059327 18.5355339059325 -75.6005869886967
vertex 21.0355339059327 11.464466094067 -75.6005869886967
vertex 20.0 19.330127018922 -75.6005869886967
endloop
endfacet
facet normal 2.66133999241226e-015 -1.3454159039905e-030 -1.0
outer loop
vertex 20.0 19.330127018922 -75.6005869886967
vertex 21.0355339059327 11.464466094067 -75.6005869886967
vertex 20.1 14.9999999999998 -75.6005869886967
endloop
endfacet
facet normal 2.66133999241226e-015 -1.3454159039905e-030 -1.0
outer loop
vertex 20.0 19.330127018922 -75.6005869886967
vertex 20.1 14.9999999999998 -75.6005869886967
vertex 20.0114071483516 15.6729295172663 -75.6005869886967
endloop
endfacet
facet normal 2.66133999241226e-015 -1.3454159039905e-030 -1.0
outer loop
vertex 20.0 19.330127018922 -75.6005869886967
vertex 20.0114071483516 15.6729295172663 -75.6005869886967
vertex 19.7516660498395 16.2999999999998 -75.6005869886967
endloop
endfacet
facet normal 2.66133999241226e-015 -1.3454159039905e-030 -1.0
outer loop
vertex 20.0 19.330127018922 -75.6005869886967
vertex 19.7516660498395 16.2999999999998 -75.6005869886967
vertex 18.7940952255126 19.8296291314451 -75.6005869886967
endloop
endfacet
facet normal 2.66133999241226e-015 -1.3454159039905e-030 -1.0
outer loop
vertex 18.7940952255126 19.8296291314451 -75.6005869886967
vertex 19.7516660498395 16.2999999999998 -75.6005869886967
vertex 19.338477631085 16.8384776310848 -75.6005869886967
endloop
endfacet
facet normal 2.66133999241226e-015 -1.3454159039905e-030 -1.0
outer loop
vertex 18.7940952255126 19.8296291314451 -75.6005869886967
vertex 19.338477631085 16.8384776310848 -75.6005869886967
vertex 18.8 17.2516660498393 -75.6005869886967
endloop
endfacet
facet normal 2.66133999241226e-015 -1.3454159039905e-030 -1.0
outer loop
vertex 18.7940952255126 19.8296291314451 -75.6005869886967
vertex 18.8 17.2516660498393 -75.6005869886967
vertex 18.1729295172665 17.5114071483514 -75.6005869886967
endloop
endfacet
facet normal 2.66133999241226e-015 -1.3454159039905e-030 -1.0
outer loop
vertex 18.7940952255126 19.8296291314451 -75.6005869886967
vertex 18.1729295172665 17.5114071483514 -75.6005869886967
vertex 17.5 19.9999999999998 -75.6005869886967
endloop
endfacet
facet normal 2.66133999241226e-015 -1.3454159039905e-030 -1.0
outer loop
vertex 17.5 19.9999999999998 -75.6005869886967
vertex 18.1729295172665 17.5114071483514 -75.6005869886967
vertex 17.5 17.5999999999998 -75.6005869886967
endloop
endfacet
facet normal 2.66133999241226e-015 -1.3454159039905e-030 -1.0
outer loop
vertex 17.5 19.9999999999998 -75.6005869886967
vertex 17.5 17.5999999999998 -75.6005869886967
vertex 16.2059047744874 19.8296291314451 -75.6005869886967
endloop
endfacet
facet normal 2.66133999241226e-015 -1.3454159039905e-030 -1.0
outer loop
vertex 16.2059047744874 19.8296291314451 -75.6005869886967
vertex 17.5 17.5999999999998 -75.6005869886967
vertex 16.8270704827334 17.5114071483514 -75.6005869886967
endloop
endfacet
facet normal 2.66133999241226e-015 -1.3454159039905e-030 -1.0
outer loop
vertex 16.2059047744874 19.8296291314451 -75.6005869886967
vertex 16.8270704827334 17.5114071483514 -75.6005869886967
vertex 16.2 17.2516660498393 -75.6005869886967
endloop
endfacet
facet normal 2.66133999241226e-015 -1.3454159039905e-030 -1.0
outer loop
vertex 16.2059047744874 19.8296291314451 -75.6005869886967
vertex 16.2 17.2516660498393 -75.6005869886967
vertex 15.0 19.330127018922 -75.6005869886967
endloop
endfacet
facet normal 2.66133999241226e-015 -1.3454159039905e-030 -1.0
outer loop
vertex 15.0 19.330127018922 -75.6005869886967
vertex 16.2 17.2516660498393 -75.6005869886967
vertex 15.661522368915 16.8384776310848 -75.6005869886967
endloop
endfacet
facet normal 2.66133999241226e-015 -1.3454159039905e-030 -1.0
outer loop
vertex 15.0 19.330127018922 -75.6005869886967
vertex 15.661522368915 16.8384776310848 -75.6005869886967
vertex 15.2483339501604 16.2999999999998 -75.6005869886967
endloop
endfacet
facet normal 2.66133999241226e-015 -1.3454159039905e-030 -1.0
outer loop
vertex 15.0 19.330127018922 -75.6005869886967
vertex 15.2483339501604 16.2999999999998 -75.6005869886967
vertex 14.9885928516484 15.6729295172663 -75.6005869886967
endloop
endfacet
facet normal 2.66133999241226e-015 -1.3454159039905e-030 -1.0
outer loop
vertex 15.0 19.330127018922 -75.6005869886967
vertex 14.9885928516484 15.6729295172663 -75.6005869886967
vertex 13.9644660940672 18.5355339059325 -75.6005869886967
endloop
endfacet
facet normal 2.66133999241226e-015 -1.3454159039905e-030 -1.0
outer loop
vertex 13.9644660940672 18.5355339059325 -75.6005869886967
vertex 14.9885928516484 15.6729295172663 -75.6005869886967
vertex 14.9 14.9999999999998 -75.6005869886967
endloop
endfacet
facet normal 2.66133999241226e-015 -1.3454159039905e-030 -1.0
outer loop
vertex 13.9644660940672 18.5355339059325 -75.6005869886967
vertex 14.9 14.9999999999998 -75.6005869886967
vertex 13.9644660940673 11.464466094067 -75.6005869886967
endloop
endfacet
facet normal 2.66133999241226e-015 -1.3454159039905e-030 -1.0
outer loop
vertex 13.9644660940672 18.5355339059325 -75.6005869886967
vertex 13.9644660940673 11.464466094067 -75.6005869886967
vertex 13.1698729810778 12.4999999999998 -75.6005869886967
endloop
endfacet
facet normal 2.66133999241226e-015 -1.3454159039905e-030 -1.0
outer loop
vertex 13.9644660940672 18.5355339059325 -75.6005869886967
vertex 13.1698729810778 12.4999999999998 -75.6005869886967
vertex 13.1698729810778 17.4999999999998 -75.6005869886967
endloop
endfacet
facet normal 2.66133999241226e-015 -1.3454159039905e-030 -1.0
outer loop
vertex 13.1698729810778 17.4999999999998 -75.6005869886967
vertex 13.1698729810778 12.4999999999998 -75.6005869886967
vertex 12.6703708685546 13.7059047744872 -75.6005869886967
endloop
endfacet
facet normal 2.66133999241226e-015 -1.3454159039905e-030 -1.0
outer loop
vertex 13.1698729810778 17.4999999999998 -75.6005869886967
vertex 12.6703708685546 13.7059047744872 -75.6005869886967
vertex 12.6703708685546 16.2940952255124 -75.6005869886967
endloop
endfacet
facet normal 2.66133999241226e-015 -1.3454159039905e-030 -1.0
outer loop
vertex 12.6703708685546 16.2940952255124 -75.6005869886967
vertex 12.6703708685546 13.7059047744872 -75.6005869886967
vertex 12.5 14.9999999999998 -75.6005869886967
endloop
endfacet
facet normal 0.728968627421424 -0.684547105928675 0.0
outer loop
vertex 32.0793725484285 1.30905788142627 -72.1005869886967
vertex 31.190942118574 0.420627451571799 -70.6005869886967
vertex 31.190942118574 0.420627451571799 -72.1005869886967
endloop
endfacet
facet normal 0.684547105928702 -0.728968627421399 2.46519032881566e-032
outer loop
vertex 31.190942118574 0.420627451571799 -70.6005869886967
vertex 32.0793725484285 1.30905788142627 -72.1005869886967
vertex 32.0793725484285 1.30905788142627 -70.6005869886967
endloop
endfacet
facet normal 0.866025403784438 0.500000000000001 -6.97786652204437e-015
outer loop
vertex 21.8301270189222 17.4999999999998 -75.6005869886967
vertex 22.3296291314454 16.2940952255124 -72.1005869886967
vertex 22.3296291314453 16.2940952255124 -75.6005869886967
endloop
endfacet
facet normal 0.965925826289069 0.25881904510252 -7.78504005341519e-015
outer loop
vertex 22.3296291314454 16.2940952255124 -72.1005869886967
vertex 21.8301270189222 17.4999999999998 -75.6005869886967
vertex 21.8301270189222 17.4999999999998 -72.1005869886967
endloop
endfacet
facet normal 0.982287250728692 -0.187381314585708 4.93038065763132e-032
outer loop
vertex 37.1457450145738 11.2523737082857 -72.1005869886967
vertex 36.8716632225727 10.026202256703 -70.6005869886967
vertex 36.8716632225727 10.026202256703 -72.1005869886967
endloop
endfacet
facet normal 0.968583161128636 -0.248689887164837 0.0
outer loop
vertex 36.8716632225727 10.026202256703 -70.6005869886967
vertex 37.1457450145738 11.2523737082857 -72.1005869886967
vertex 37.1457450145738 11.2523737082857 -70.6005869886967
endloop
endfacet
facet normal 0.968583161128636 -0.248689887164837 0.0
outer loop
vertex 36.8716632225727 10.026202256703 -72.1005869886967
vertex 36.5211303259032 8.81966011250118 -70.6005869886967
vertex 36.5211303259032 8.81966011250118 -72.1005869886967
endloop
endfacet
facet normal 0.95105651629516 -0.309016994374929 -4.93038065763132e-032
outer loop
vertex 36.5211303259032 8.81966011250118 -70.6005869886967
vertex 36.8716632225727 10.026202256703 -72.1005869886967
vertex 36.8716632225727 10.026202256703 -70.6005869886967
endloop
endfacet
facet normal 0.965925826289068 -0.258819045102523 -7.78237958319654e-015
outer loop
vertex 22.3296291314453 13.7059047744872 -75.6005869886967
vertex 21.8301270189222 12.4999999999998 -72.1005869886967
vertex 21.8301270189222 12.4999999999998 -75.6005869886967
endloop
endfacet
facet normal 0.866025403784438 -0.500000000000001 -6.97977524696519e-015
outer loop
vertex 21.8301270189222 12.4999999999998 -72.1005869886967
vertex 22.3296291314453 13.7059047744872 -75.6005869886967
vertex 22.3296291314454 13.7059047744872 -72.1005869886967
endloop
endfacet
facet normal -0.637423989748678 -0.770513242775799 7.39557098644699e-032
outer loop
vertex 4.75152020502645 -0.410264855516202 -72.1005869886967
vertex 5.74429495415079 -1.18033988749935 -70.6005869886967
vertex 4.75152020502645 -0.410264855516202 -70.6005869886967
endloop
endfacet
facet normal -0.587785252292459 -0.809016994374958 0.0
outer loop
vertex 5.74429495415079 -1.18033988749935 -70.6005869886967
vertex 4.75152020502645 -0.410264855516202 -72.1005869886967
vertex 5.74429495415079 -1.18033988749935 -72.1005869886967
endloop
endfacet
facet normal 1.0 1.79834251220416e-014 1.4791141972894e-031
outer loop
vertex 37.5 15.0000000000002 -72.1005869886967
vertex 37.4605345685655 13.7441896094139 -70.6005869886967
vertex 37.4605345685655 13.7441896094139 -72.1005869886967
endloop
endfacet
facet normal 0.998026728428273 -0.0627905195292953 9.86076131526265e-032
outer loop
vertex 37.4605345685655 13.7441896094139 -70.6005869886967
vertex 37.5 15.0000000000002 -72.1005869886967
vertex 37.5 15.0000000000002 -70.6005869886967
endloop
endfacet
facet normal -0.866025403784438 -0.500000000000001 6.97977524696511e-015
outer loop
vertex 13.1698729810778 12.4999999999998 -72.1005869886967
vertex 13.9644660940673 11.464466094067 -75.6005869886967
vertex 13.9644660940673 11.464466094067 -72.1005869886967
endloop
endfacet
facet normal -0.707106781186548 -0.707106781186547 5.69762882288431e-015
outer loop
vertex 13.9644660940673 11.464466094067 -75.6005869886967
vertex 13.1698729810778 12.4999999999998 -72.1005869886967
vertex 13.1698729810778 12.4999999999998 -75.6005869886967
endloop
endfacet
facet normal -0.866025403784439 0.5 6.97711477674647e-015
outer loop
vertex 13.1698729810778 17.4999999999998 -72.1005869886967
vertex 12.6703708685546 16.2940952255124 -75.6005869886967
vertex 12.6703708685547 16.2940952255124 -72.1005869886967
endloop
endfacet
facet normal -0.965925826289069 0.25881904510252 7.77971911297781e-015
outer loop
vertex 12.6703708685546 16.2940952255124 -75.6005869886967
vertex 13.1698729810778 17.4999999999998 -72.1005869886967
vertex 13.1698729810778 17.4999999999998 -75.6005869886967
endloop
endfacet
facet normal -0.258819045102522 0.965925826289068 2.0827214490413e-015
outer loop
vertex 16.2059047744874 19.8296291314451 -75.6005869886967
vertex 15.0 19.330127018922 -72.1005869886967
vertex 16.2059047744874 19.8296291314451 -72.1005869886967
endloop
endfacet
facet normal -0.499999999999999 0.866025403784439 4.02101200176097e-015
outer loop
vertex 15.0 19.330127018922 -72.1005869886967
vertex 16.2059047744874 19.8296291314451 -75.6005869886967
vertex 15.0 19.330127018922 -75.6005869886967
endloop
endfacet
facet normal 0.5 0.866025403784439 -4.02451806850488e-015
outer loop
vertex 20.0 19.330127018922 -75.6005869886967
vertex 18.7940952255126 19.8296291314451 -72.1005869886967
vertex 20.0 19.330127018922 -72.1005869886967
endloop
endfacet
facet normal 0.258819045102521 0.965925826289068 -2.08347319433912e-015
outer loop
vertex 18.7940952255126 19.8296291314451 -72.1005869886967
vertex 20.0 19.330127018922 -75.6005869886967
vertex 18.7940952255126 19.8296291314451 -75.6005869886967
endloop
endfacet
facet normal 0.866025403784438 -0.500000000000002 -6.97977524696519e-015
outer loop
vertex 21.8301270189222 12.4999999999998 -75.6005869886967
vertex 21.0355339059327 11.464466094067 -72.1005869886967
vertex 21.0355339059327 11.464466094067 -75.6005869886967
endloop
endfacet
facet normal 0.707106781186548 -0.707106781186547 -5.69762882288438e-015
outer loop
vertex 21.0355339059327 11.464466094067 -72.1005869886967
vertex 21.8301270189222 12.4999999999998 -75.6005869886967
vertex 21.8301270189222 12.4999999999998 -72.1005869886967
endloop
endfacet
facet normal -0.5 -0.866025403784438 4.02717853872348e-015
outer loop
vertex 15.0 10.6698729810776 -75.6005869886967
vertex 16.2059047744874 10.1703708685544 -72.1005869886967
vertex 15.0 10.6698729810776 -72.1005869886967
endloop
endfacet
facet normal -0.25881904510252 -0.965925826289068 2.08538191925993e-015
outer loop
vertex 16.2059047744874 10.1703708685544 -72.1005869886967
vertex 15.0 10.6698729810776 -75.6005869886967
vertex 16.2059047744874 10.1703708685544 -75.6005869886967
endloop
endfacet
facet normal 0.25881904510252 0.965925826289069 -2.08347319433911e-015
outer loop
vertex 18.7940952255126 19.8296291314451 -75.6005869886967
vertex 17.5 19.9999999999998 -72.1005869886967
vertex 18.7940952255126 19.8296291314451 -72.1005869886967
endloop
endfacet
facet normal 8.19822110399515e-016 1.0 -7.51745297815695e-019
outer loop
vertex 17.5 19.9999999999998 -72.1005869886967
vertex 18.7940952255126 19.8296291314451 -75.6005869886967
vertex 17.5 19.9999999999998 -75.6005869886967
endloop
endfacet
facet normal -0.965925826289068 0.258819045102521 7.77971911297781e-015
outer loop
vertex 12.6703708685547 16.2940952255124 -72.1005869886967
vertex 12.5 14.9999999999998 -75.6005869886967
vertex 12.5 14.9999999999998 -72.1005869886967
endloop
endfacet
facet normal -1.0 -1.60399978121644e-016 8.05691220939303e-015
outer loop
vertex 12.5 14.9999999999998 -75.6005869886967
vertex 12.6703708685547 16.2940952255124 -72.1005869886967
vertex 12.6703708685546 16.2940952255124 -75.6005869886967
endloop
endfacet
facet normal 0.499999999999999 -0.86602540378444 -4.02451806850487e-015
outer loop
vertex 20.0 10.6698729810776 -75.6005869886967
vertex 21.0355339059327 11.464466094067 -72.1005869886967
vertex 20.0 10.6698729810776 -72.1005869886967
endloop
endfacet
facet normal 0.707106781186548 -0.707106781186547 -5.69762882288438e-015
outer loop
vertex 21.0355339059327 11.464466094067 -72.1005869886967
vertex 20.0 10.6698729810776 -75.6005869886967
vertex 21.0355339059327 11.464466094067 -75.6005869886967
endloop
endfacet
facet normal 0.25881904510252 -0.965925826289069 -2.0827214490413e-015
outer loop
vertex 18.7940952255126 10.1703708685544 -75.6005869886967
vertex 20.0 10.6698729810776 -72.1005869886967
vertex 18.7940952255126 10.1703708685544 -72.1005869886967
endloop
endfacet
facet normal 0.5 -0.866025403784439 -4.02451806850488e-015
outer loop
vertex 20.0 10.6698729810776 -72.1005869886967
vertex 18.7940952255126 10.1703708685544 -75.6005869886967
vertex 20.0 10.6698729810776 -75.6005869886967
endloop
endfacet
facet normal -0.258819045102522 -0.965925826289068 2.08538191925995e-015
outer loop
vertex 16.2059047744874 10.1703708685544 -75.6005869886967
vertex 17.5 9.99999999999979 -72.1005869886967
vertex 16.2059047744874 10.1703708685544 -72.1005869886967
endloop
endfacet
facet normal 6.68333242173518e-016 -1.0 -5.36823876268378e-030
outer loop
vertex 17.5 9.99999999999979 -72.1005869886967
vertex 16.2059047744874 10.1703708685544 -75.6005869886967
vertex 17.5 9.99999999999979 -75.6005869886967
endloop
endfacet
facet normal -6.68333242173518e-016 -1.0 5.36823876268378e-030
outer loop
vertex 17.5 9.99999999999979 -75.6005869886967
vertex 18.7940952255126 10.1703708685544 -72.1005869886967
vertex 17.5 9.99999999999979 -72.1005869886967
endloop
endfacet
facet normal 0.258819045102521 -0.965925826289068 -2.08272144904131e-015
outer loop
vertex 18.7940952255126 10.1703708685544 -72.1005869886967
vertex 17.5 9.99999999999979 -75.6005869886967
vertex 18.7940952255126 10.1703708685544 -75.6005869886967
endloop
endfacet
facet normal -0.707106781186547 0.707106781186548 5.69412275614045e-015
outer loop
vertex 13.9644660940673 18.5355339059325 -72.1005869886967
vertex 13.1698729810778 17.4999999999998 -75.6005869886967
vertex 13.1698729810778 17.4999999999998 -72.1005869886967
endloop
endfacet
facet normal -0.866025403784439 0.499999999999999 6.97711477674647e-015
outer loop
vertex 13.1698729810778 17.4999999999998 -75.6005869886967
vertex 13.9644660940673 18.5355339059325 -72.1005869886967
vertex 13.9644660940672 18.5355339059325 -75.6005869886967
endloop
endfacet
facet normal -0.5 0.866025403784439 4.02101200176099e-015
outer loop
vertex 15.0 19.330127018922 -75.6005869886967
vertex 13.9644660940673 18.5355339059325 -72.1005869886967
vertex 15.0 19.330127018922 -72.1005869886967
endloop
endfacet
facet normal -0.707106781186547 0.707106781186548 5.69412275614045e-015
outer loop
vertex 13.9644660940673 18.5355339059325 -72.1005869886967
vertex 15.0 19.330127018922 -75.6005869886967
vertex 13.9644660940672 18.5355339059325 -75.6005869886967
endloop
endfacet
facet normal -0.707106781186548 -0.707106781186547 5.69762882288431e-015
outer loop
vertex 13.9644660940673 11.464466094067 -75.6005869886967
vertex 15.0 10.6698729810776 -72.1005869886967
vertex 13.9644660940673 11.464466094067 -72.1005869886967
endloop
endfacet
facet normal -0.499999999999999 -0.866025403784439 4.02717853872347e-015
outer loop
vertex 15.0 10.6698729810776 -72.1005869886967
vertex 13.9644660940673 11.464466094067 -75.6005869886967
vertex 15.0 10.6698729810776 -75.6005869886967
endloop
endfacet
facet normal -0.965925826289068 -0.258819045102522 7.78237958319645e-015
outer loop
vertex 12.6703708685547 13.7059047744872 -72.1005869886967
vertex 13.1698729810778 12.4999999999998 -75.6005869886967
vertex 13.1698729810778 12.4999999999998 -72.1005869886967
endloop
endfacet
facet normal -0.866025403784439 -0.5 6.97977524696511e-015
outer loop
vertex 13.1698729810778 12.4999999999998 -75.6005869886967
vertex 12.6703708685547 13.7059047744872 -72.1005869886967
vertex 12.6703708685546 13.7059047744872 -75.6005869886967
endloop
endfacet
facet normal -1.0 -1.51488868225997e-016 8.05691220939303e-015
outer loop
vertex 12.5 14.9999999999998 -72.1005869886967
vertex 12.6703708685546 13.7059047744872 -75.6005869886967
vertex 12.6703708685547 13.7059047744872 -72.1005869886967
endloop
endfacet
facet normal -0.965925826289068 -0.258819045102521 7.78237958319645e-015
outer loop
vertex 12.6703708685546 13.7059047744872 -75.6005869886967
vertex 12.5 14.9999999999998 -72.1005869886967
vertex 12.5 14.9999999999998 -75.6005869886967
endloop
endfacet
facet normal 6.9843037301604e-016 1.87143854419015e-016 -1.0
outer loop
vertex 20.0114071483516 14.3270704827332 -71.6005869886967
vertex 20.0114071483516 15.6729295172663 -71.6005869886967
vertex 20.1 14.9999999999998 -71.6005869886967
endloop
endfacet
facet normal 6.9843037301604e-016 1.87143854419015e-016 -1.0
outer loop
vertex 20.0114071483516 15.6729295172663 -71.6005869886967
vertex 20.0114071483516 14.3270704827332 -71.6005869886967
vertex 19.7516660498395 13.6999999999998 -71.6005869886967
endloop
endfacet
facet normal 6.9843037301604e-016 1.87143854419015e-016 -1.0
outer loop
vertex 20.0114071483516 15.6729295172663 -71.6005869886967
vertex 19.7516660498395 13.6999999999998 -71.6005869886967
vertex 19.7516660498395 16.2999999999998 -71.6005869886967
endloop
endfacet
facet normal 6.9843037301604e-016 1.87143854419015e-016 -1.0
outer loop
vertex 19.7516660498395 16.2999999999998 -71.6005869886967
vertex 19.7516660498395 13.6999999999998 -71.6005869886967
vertex 19.338477631085 13.1615223689148 -71.6005869886967
endloop
endfacet
facet normal 6.9843037301604e-016 1.87143854419015e-016 -1.0
outer loop
vertex 19.7516660498395 16.2999999999998 -71.6005869886967
vertex 19.338477631085 13.1615223689148 -71.6005869886967
vertex 19.338477631085 16.8384776310848 -71.6005869886967
endloop
endfacet
facet normal 6.9843037301604e-016 1.87143854419015e-016 -1.0
outer loop
vertex 19.338477631085 16.8384776310848 -71.6005869886967
vertex 19.338477631085 13.1615223689148 -71.6005869886967
vertex 18.8 12.7483339501602 -71.6005869886967
endloop
endfacet
facet normal 6.9843037301604e-016 1.87143854419015e-016 -1.0
outer loop
vertex 19.338477631085 16.8384776310848 -71.6005869886967
vertex 18.8 12.7483339501602 -71.6005869886967
vertex 18.8 17.2516660498393 -71.6005869886967
endloop
endfacet
facet normal 6.9843037301604e-016 1.87143854419015e-016 -1.0
outer loop
vertex 18.8 17.2516660498393 -71.6005869886967
vertex 18.8 12.7483339501602 -71.6005869886967
vertex 18.1729295172665 12.4885928516482 -71.6005869886967
endloop
endfacet
facet normal 6.9843037301604e-016 1.87143854419015e-016 -1.0
outer loop
vertex 18.8 17.2516660498393 -71.6005869886967
vertex 18.1729295172665 12.4885928516482 -71.6005869886967
vertex 18.1729295172665 17.5114071483514 -71.6005869886967
endloop
endfacet
facet normal 6.9843037301604e-016 1.87143854419015e-016 -1.0
outer loop
vertex 18.1729295172665 17.5114071483514 -71.6005869886967
vertex 18.1729295172665 12.4885928516482 -71.6005869886967
vertex 17.5 12.3999999999998 -71.6005869886967
endloop
endfacet
facet normal 6.9843037301604e-016 1.87143854419015e-016 -1.0
outer loop
vertex 18.1729295172665 17.5114071483514 -71.6005869886967
vertex 17.5 12.3999999999998 -71.6005869886967
vertex 17.5 17.5999999999998 -71.6005869886967
endloop
endfacet
facet normal 6.9843037301604e-016 1.87143854419015e-016 -1.0
outer loop
vertex 17.5 17.5999999999998 -71.6005869886967
vertex 17.5 12.3999999999998 -71.6005869886967
vertex 16.8270704827334 12.4885928516482 -71.6005869886967
endloop
endfacet
facet normal 6.9843037301604e-016 1.87143854419015e-016 -1.0
outer loop
vertex 17.5 17.5999999999998 -71.6005869886967
vertex 16.8270704827334 12.4885928516482 -71.6005869886967
vertex 16.8270704827334 17.5114071483514 -71.6005869886967
endloop
endfacet
facet normal 6.9843037301604e-016 1.87143854419015e-016 -1.0
outer loop
vertex 16.8270704827334 17.5114071483514 -71.6005869886967
vertex 16.8270704827334 12.4885928516482 -71.6005869886967
vertex 16.2 12.7483339501602 -71.6005869886967
endloop
endfacet
facet normal 6.9843037301604e-016 1.87143854419015e-016 -1.0
outer loop
vertex 16.8270704827334 17.5114071483514 -71.6005869886967
vertex 16.2 12.7483339501602 -71.6005869886967
vertex 16.2 17.2516660498393 -71.6005869886967
endloop
endfacet
facet normal 6.9843037301604e-016 1.87143854419015e-016 -1.0
outer loop
vertex 16.2 17.2516660498393 -71.6005869886967
vertex 16.2 12.7483339501602 -71.6005869886967
vertex 15.661522368915 13.1615223689148 -71.6005869886967
endloop
endfacet
facet normal 6.9843037301604e-016 1.87143854419015e-016 -1.0
outer loop
vertex 16.2 17.2516660498393 -71.6005869886967
vertex 15.661522368915 13.1615223689148 -71.6005869886967
vertex 15.661522368915 16.8384776310848 -71.6005869886967
endloop
endfacet
facet normal 6.9843037301604e-016 1.87143854419015e-016 -1.0
outer loop
vertex 15.661522368915 16.8384776310848 -71.6005869886967
vertex 15.661522368915 13.1615223689148 -71.6005869886967
vertex 15.2483339501604 13.6999999999998 -71.6005869886967
endloop
endfacet
facet normal 6.9843037301604e-016 1.87143854419015e-016 -1.0
outer loop
vertex 15.661522368915 16.8384776310848 -71.6005869886967
vertex 15.2483339501604 13.6999999999998 -71.6005869886967
vertex 15.2483339501604 16.2999999999998 -71.6005869886967
endloop
endfacet
facet normal 6.9843037301604e-016 1.87143854419015e-016 -1.0
outer loop
vertex 15.2483339501604 16.2999999999998 -71.6005869886967
vertex 15.2483339501604 13.6999999999998 -71.6005869886967
vertex 14.9885928516484 14.3270704827332 -71.6005869886967
endloop
endfacet
facet normal 6.9843037301604e-016 1.87143854419015e-016 -1.0
outer loop
vertex 15.2483339501604 16.2999999999998 -71.6005869886967
vertex 14.9885928516484 14.3270704827332 -71.6005869886967
vertex 14.9885928516484 15.6729295172663 -71.6005869886967
endloop
endfacet
facet normal 6.9843037301604e-016 1.87143854419015e-016 -1.0
outer loop
vertex 14.9885928516484 15.6729295172663 -71.6005869886967
vertex 14.9885928516484 14.3270704827332 -71.6005869886967
vertex 14.9 14.9999999999998 -71.6005869886967
endloop
endfacet
facet normal 0.965925826289068 0.258819045102521 1.15711170899471e-015
outer loop
vertex 14.9885928516484 14.3270704827332 -75.6005869886967
vertex 15.2483339501604 13.6999999999998 -71.6005869886967
vertex 15.2483339501604 13.6999999999998 -75.6005869886967
endloop
endfacet
facet normal 0.866025403784439 0.5 1.08430665102152e-015
outer loop
vertex 15.2483339501604 13.6999999999998 -71.6005869886967
vertex 14.9885928516484 14.3270704827332 -75.6005869886967
vertex 14.9885928516484 14.3270704827332 -71.6005869886967
endloop
endfacet
facet normal 1.0 1.69311088017291e-016 1.3871826796642e-015
outer loop
vertex 14.9 14.9999999999998 -75.6005869886967
vertex 14.9885928516484 14.3270704827332 -71.6005869886967
vertex 14.9885928516484 14.3270704827332 -75.6005869886967
endloop
endfacet
facet normal 0.965925826289068 0.258819045102521 1.15711170899471e-015
outer loop
vertex 14.9885928516484 14.3270704827332 -71.6005869886967
vertex 14.9 14.9999999999998 -75.6005869886967
vertex 14.9 14.9999999999998 -71.6005869886967
endloop
endfacet
facet normal 0.965925826289068 -0.258819045102522 1.47783591224694e-015
outer loop
vertex 14.9885928516484 15.6729295172663 -75.6005869886967
vertex 14.9 14.9999999999998 -71.6005869886967
vertex 14.9 14.9999999999998 -75.6005869886967
endloop
endfacet
facet normal 1.0 -6.50511022382228e-016 1.3871826796642e-015
outer loop
vertex 14.9 14.9999999999998 -71.6005869886967
vertex 14.9885928516484 15.6729295172663 -75.6005869886967
vertex 14.9885928516484 15.6729295172663 -71.6005869886967
endloop
endfacet
facet normal 0.866025403784439 -0.5 1.2925747322712e-015
outer loop
vertex 15.2483339501604 16.2999999999998 -75.6005869886967
vertex 14.9885928516484 15.6729295172663 -71.6005869886967
vertex 14.9885928516484 15.6729295172663 -75.6005869886967
endloop
endfacet
facet normal 0.965925826289068 -0.258819045102522 1.47783591224694e-015
outer loop
vertex 14.9885928516484 15.6729295172663 -71.6005869886967
vertex 15.2483339501604 16.2999999999998 -75.6005869886967
vertex 15.2483339501604 16.2999999999998 -71.6005869886967
endloop
endfacet
facet normal 0.707106781186548 -0.707106781186547 9.99827040520588e-016
outer loop
vertex 15.661522368915 16.8384776310848 -75.6005869886967
vertex 15.2483339501604 16.2999999999998 -71.6005869886967
vertex 15.2483339501604 16.2999999999998 -75.6005869886967
endloop
endfacet
facet normal 0.866025403784439 -0.5 1.2925747322712e-015
outer loop
vertex 15.2483339501604 16.2999999999998 -71.6005869886967
vertex 15.661522368915 16.8384776310848 -75.6005869886967
vertex 15.661522368915 16.8384776310848 -71.6005869886967
endloop
endfacet
facet normal 0.707106781186548 -0.707106781186547 9.99827040520588e-016
outer loop
vertex 15.661522368915 16.8384776310848 -75.6005869886967
vertex 16.2 17.2516660498393 -71.6005869886967
vertex 15.661522368915 16.8384776310848 -71.6005869886967
endloop
endfacet
facet normal 0.5 -0.866025403784439 6.09392206812144e-016
outer loop
vertex 16.2 17.2516660498393 -71.6005869886967
vertex 15.661522368915 16.8384776310848 -75.6005869886967
vertex 16.2 17.2516660498393 -75.6005869886967
endloop
endfacet
facet normal 0.5 -0.866025403784439 6.09392206812144e-016
outer loop
vertex 16.2 17.2516660498393 -75.6005869886967
vertex 16.8270704827334 17.5114071483514 -71.6005869886967
vertex 16.2 17.2516660498393 -71.6005869886967
endloop
endfacet
facet normal 0.258819045102521 -0.965925826289068 1.38646456894319e-016
outer loop
vertex 16.8270704827334 17.5114071483514 -71.6005869886967
vertex 16.2 17.2516660498393 -75.6005869886967
vertex 16.8270704827334 17.5114071483514 -75.6005869886967
endloop
endfacet
facet normal 0.258819045102521 -0.965925826289068 1.38646456894318e-016
outer loop
vertex 16.8270704827334 17.5114071483514 -75.6005869886967
vertex 17.5 17.5999999999998 -71.6005869886967
vertex 16.8270704827334 17.5114071483514 -71.6005869886967
endloop
endfacet
facet normal 4.45555494782345e-016 -1.0 -5.46471776251228e-019
outer loop
vertex 17.5 17.5999999999998 -71.6005869886967
vertex 16.8270704827334 17.5114071483514 -75.6005869886967
vertex 17.5 17.5999999999998 -75.6005869886967
endloop
endfacet
facet normal 8.91110989564691e-017 -1.0 -5.46471776251031e-019
outer loop
vertex 17.5 17.5999999999998 -75.6005869886967
vertex 18.1729295172665 17.5114071483514 -71.6005869886967
vertex 17.5 17.5999999999998 -71.6005869886967
endloop
endfacet
facet normal -0.25881904510252 -0.965925826289068 -4.27183408929086e-017
outer loop
vertex 18.1729295172665 17.5114071483514 -71.6005869886967
vertex 17.5 17.5999999999998 -75.6005869886967
vertex 18.1729295172665 17.5114071483514 -75.6005869886967
endloop
endfacet
facet normal -0.25881904510252 -0.965925826289068 -4.2718340892909e-017
outer loop
vertex 18.1729295172665 17.5114071483514 -75.6005869886967
vertex 18.8 17.2516660498393 -71.6005869886967
vertex 18.1729295172665 17.5114071483514 -71.6005869886967
endloop
endfacet
facet normal -0.499999999999999 -0.866025403784439 -5.89074772124862e-016
outer loop
vertex 18.8 17.2516660498393 -71.6005869886967
vertex 18.1729295172665 17.5114071483514 -75.6005869886967
vertex 18.8 17.2516660498393 -75.6005869886967
endloop
endfacet
facet normal -0.5 -0.866025403784439 -5.89074772124863e-016
outer loop
vertex 18.8 17.2516660498393 -75.6005869886967
vertex 19.338477631085 16.8384776310848 -71.6005869886967
vertex 18.8 17.2516660498393 -71.6005869886967
endloop
endfacet
facet normal -0.707106781186547 -0.707106781186548 -1.10545118953689e-015
outer loop
vertex 19.338477631085 16.8384776310848 -71.6005869886967
vertex 18.8 17.2516660498393 -75.6005869886967
vertex 19.338477631085 16.8384776310848 -75.6005869886967
endloop
endfacet
facet normal -0.866025403784439 -0.499999999999999 -1.18375115009009e-015
outer loop
vertex 19.7516660498395 16.2999999999998 -71.6005869886967
vertex 19.338477631085 16.8384776310848 -75.6005869886967
vertex 19.7516660498395 16.2999999999998 -75.6005869886967
endloop
endfacet
facet normal -0.707106781186547 -0.707106781186549 -1.10545118953688e-015
outer loop
vertex 19.338477631085 16.8384776310848 -75.6005869886967
vertex 19.7516660498395 16.2999999999998 -71.6005869886967
vertex 19.338477631085 16.8384776310848 -71.6005869886967
endloop
endfacet
facet normal -0.866025403784439 -0.499999999999999 -1.18375115009009e-015
outer loop
vertex 19.7516660498395 16.2999999999998 -71.6005869886967
vertex 20.0114071483516 15.6729295172663 -75.6005869886967
vertex 20.0114071483516 15.6729295172663 -71.6005869886967
endloop
endfacet
facet normal -0.965925826289068 -0.258819045102521 -1.22304445033246e-015
outer loop
vertex 20.0114071483516 15.6729295172663 -75.6005869886967
vertex 19.7516660498395 16.2999999999998 -71.6005869886967
vertex 19.7516660498395 16.2999999999998 -75.6005869886967
endloop
endfacet
facet normal -1.0 -7.12888791651749e-016 -1.43268060737879e-015
outer loop
vertex 20.1 14.9999999999998 -71.6005869886967
vertex 20.0114071483516 15.6729295172663 -75.6005869886967
vertex 20.1 14.9999999999998 -75.6005869886967
endloop
endfacet
facet normal -0.965925826289068 -0.258819045102521 -1.22304445033246e-015
outer loop
vertex 20.0114071483516 15.6729295172663 -75.6005869886967
vertex 20.1 14.9999999999998 -71.6005869886967
vertex 20.0114071483516 15.6729295172663 -71.6005869886967
endloop
endfacet
facet normal -0.965925826289068 0.258819045102523 -1.49286647581854e-015
outer loop
vertex 20.0114071483516 14.3270704827332 -71.6005869886967
vertex 20.1 14.9999999999998 -75.6005869886967
vertex 20.0114071483516 14.3270704827332 -75.6005869886967
endloop
endfacet
facet normal -1.0 3.29711066138935e-016 -1.43268060737879e-015
outer loop
vertex 20.1 14.9999999999998 -75.6005869886967
vertex 20.0114071483516 14.3270704827332 -71.6005869886967
vertex 20.1 14.9999999999998 -71.6005869886967
endloop
endfacet
facet normal -0.866025403784439 0.5 -1.19119684707774e-015
outer loop
vertex 19.7516660498395 13.6999999999998 -71.6005869886967
vertex 20.0114071483516 14.3270704827332 -75.6005869886967
vertex 19.7516660498395 13.6999999999998 -75.6005869886967
endloop
endfacet
facet normal -0.965925826289068 0.258819045102523 -1.49286647581854e-015
outer loop
vertex 20.0114071483516 14.3270704827332 -75.6005869886967
vertex 19.7516660498395 13.6999999999998 -71.6005869886967
vertex 20.0114071483516 14.3270704827332 -71.6005869886967
endloop
endfacet
facet normal -0.866025403784439 0.5 -1.19119684707774e-015
outer loop
vertex 19.7516660498395 13.6999999999998 -71.6005869886967
vertex 19.338477631085 13.1615223689148 -75.6005869886967
vertex 19.338477631085 13.1615223689148 -71.6005869886967
endloop
endfacet
facet normal -0.707106781186547 0.707106781186548 -7.12032070834358e-016
outer loop
vertex 19.338477631085 13.1615223689148 -75.6005869886967
vertex 19.7516660498395 13.6999999999998 -71.6005869886967
vertex 19.7516660498395 13.6999999999998 -75.6005869886967
endloop
endfacet
facet normal -0.707106781186547 0.707106781186548 -7.12032070834358e-016
outer loop
vertex 19.338477631085 13.1615223689148 -75.6005869886967
vertex 18.8 12.7483339501602 -71.6005869886967
vertex 19.338477631085 13.1615223689148 -71.6005869886967
endloop
endfacet
facet normal -0.5 0.866025403784439 -3.51927823905376e-016
outer loop
vertex 18.8 12.7483339501602 -71.6005869886967
vertex 19.338477631085 13.1615223689148 -75.6005869886967
vertex 18.8 12.7483339501602 -75.6005869886967
endloop
endfacet
facet normal -0.5 0.866025403784439 -3.51927823905376e-016
outer loop
vertex 18.8 12.7483339501602 -75.6005869886967
vertex 18.1729295172665 12.4885928516482 -71.6005869886967
vertex 18.8 12.7483339501602 -71.6005869886967
endloop
endfacet
facet normal -0.258819045102521 0.965925826289068 -2.05481223898625e-016
outer loop
vertex 18.1729295172665 12.4885928516482 -71.6005869886967
vertex 18.8 12.7483339501602 -75.6005869886967
vertex 18.1729295172665 12.4885928516482 -75.6005869886967
endloop
endfacet
facet normal -0.258819045102521 0.965925826289068 -2.05481223898625e-016
outer loop
vertex 18.1729295172665 12.4885928516482 -75.6005869886967
vertex 17.5 12.3999999999998 -71.6005869886967
vertex 18.1729295172665 12.4885928516482 -71.6005869886967
endloop
endfacet
facet normal -1.78222197912938e-017 1.0 2.35977547390455e-017
outer loop
vertex 17.5 12.3999999999998 -71.6005869886967
vertex 18.1729295172665 12.4885928516482 -75.6005869886967
vertex 17.5 12.3999999999998 -75.6005869886967
endloop
endfacet
facet normal -2.67333296869407e-016 1.0 2.35977547390452e-017
outer loop
vertex 17.5 12.3999999999998 -75.6005869886967
vertex 16.8270704827334 12.4885928516482 -71.6005869886967
vertex 17.5 12.3999999999998 -71.6005869886967
endloop
endfacet
facet normal 0.258819045102521 0.965925826289068 3.64918048306424e-016
outer loop
vertex 16.8270704827334 12.4885928516482 -71.6005869886967
vertex 17.5 12.3999999999998 -75.6005869886967
vertex 16.8270704827334 12.4885928516482 -75.6005869886967
endloop
endfacet
facet normal 0.258819045102521 0.965925826289068 3.64918048306424e-016
outer loop
vertex 16.8270704827334 12.4885928516482 -75.6005869886967
vertex 16.2 12.7483339501602 -71.6005869886967
vertex 16.8270704827334 12.4885928516482 -71.6005869886967
endloop
endfacet
facet normal 0.500000000000001 0.866025403784438 7.05197813986134e-016
outer loop
vertex 16.2 12.7483339501602 -71.6005869886967
vertex 16.8270704827334 12.4885928516482 -75.6005869886967
vertex 16.2 12.7483339501602 -75.6005869886967
endloop
endfacet
facet normal 0.500000000000001 0.866025403784438 7.05197813986134e-016
outer loop
vertex 16.2 12.7483339501602 -75.6005869886967
vertex 15.661522368915 13.1615223689148 -71.6005869886967
vertex 16.2 12.7483339501602 -71.6005869886967
endloop
endfacet
facet normal 0.707106781186547 0.707106781186548 9.96328750491934e-016
outer loop
vertex 15.661522368915 13.1615223689148 -71.6005869886967
vertex 16.2 12.7483339501602 -75.6005869886967
vertex 15.661522368915 13.1615223689148 -75.6005869886967
endloop
endfacet
facet normal 0.866025403784439 0.499999999999999 1.08430665102152e-015
outer loop
vertex 15.2483339501604 13.6999999999998 -75.6005869886967
vertex 15.661522368915 13.1615223689148 -71.6005869886967
vertex 15.661522368915 13.1615223689148 -75.6005869886967
endloop
endfacet
facet normal 0.707106781186547 0.707106781186548 9.96328750491934e-016
outer loop
vertex 15.661522368915 13.1615223689148 -71.6005869886967
vertex 15.2483339501604 13.6999999999998 -75.6005869886967
vertex 15.2483339501604 13.6999999999998 -71.6005869886967
endloop
endfacet
endsolid horizontal-hub
