solid horizontal-hub
facet normal 0.866025403784439 -0.499999999999999 -2.16629674606907e-015
outer loop
vertex 8.83974596215558 20.0000000000002 -76.1005869886967
vertex 7.84074173710929 17.5881904510254 -79.1005869886967
vertex 7.84074173710928 17.5881904510254 -76.1005869886967
endloop
endfacet
facet normal 0.965925826289068 -0.258819045102521 -1.22457550566684e-015
outer loop
vertex 7.84074173710929 17.5881904510254 -79.1005869886967
vertex 8.83974596215558 20.0000000000002 -76.1005869886967
vertex 8.83974596215558 20.0000000000002 -79.1005869886967
endloop
endfacet
facet normal 0.707106781186548 -0.707106781186547 -2.90928450821808e-015
outer loop
vertex 10.4289321881345 22.0710678118656 -76.1005869886967
vertex 12.5 23.6602540378446 -79.1005869886967
vertex 10.4289321881345 22.0710678118657 -79.1005869886967
endloop
endfacet
facet normal 0.5 -0.866025403784439 -3.08436921016428e-015
outer loop
vertex 12.5 23.6602540378446 -79.1005869886967
vertex 10.4289321881345 22.0710678118656 -76.1005869886967
vertex 12.5 23.6602540378446 -76.1005869886967
endloop
endfacet
facet normal 0.707106781186548 -0.707106781186547 -2.90928450821808e-015
outer loop
vertex 10.4289321881345 22.0710678118656 -76.1005869886967
vertex 8.83974596215558 20.0000000000002 -79.1005869886967
vertex 8.83974596215558 20.0000000000002 -76.1005869886967
endloop
endfacet
facet normal 0.866025403784439 -0.5 -2.16629674606908e-015
outer loop
vertex 8.83974596215558 20.0000000000002 -79.1005869886967
vertex 10.4289321881345 22.0710678118656 -76.1005869886967
vertex 10.4289321881345 22.0710678118657 -79.1005869886967
endloop
endfacet
facet normal 0.499999999999999 0.86602540378444 3.18279182436227e-015
outer loop
vertex 12.5 6.33974596215578 -76.1005869886967
vertex 10.4289321881345 7.92893218813471 -79.1005869886967
vertex 12.5 6.33974596215579 -79.1005869886967
endloop
endfacet
facet normal 0.707106781186546 0.707106781186549 2.9002326937134e-015
outer loop
vertex 10.4289321881345 7.92893218813471 -79.1005869886967
vertex 12.5 6.33974596215578 -76.1005869886967
vertex 10.4289321881345 7.92893218813469 -76.1005869886967
endloop
endfacet
facet normal -0.5 0.866025403784439 3.46166969819649e-015
outer loop
vertex 22.5 6.33974596215579 -76.1005869886967
vertex 20.0881904510252 5.34074173710951 -79.1005869886967
vertex 22.5 6.3397459621558 -79.1005869886967
endloop
endfacet
facet normal -0.258819045102521 0.965925826289068 3.54197098676315e-015
outer loop
vertex 20.0881904510252 5.34074173710951 -79.1005869886967
vertex 22.5 6.33974596215579 -76.1005869886967
vertex 20.0881904510252 5.34074173710949 -76.1005869886967
endloop
endfacet
facet normal -0.707106781186548 -0.707106781186548 -2.50152758992858e-015
outer loop
vertex 24.5710678118654 22.0710678118657 -79.1005869886967
vertex 26.1602540378444 20.0000000000002 -76.1005869886967
vertex 26.1602540378444 20.0000000000002 -79.1005869886967
endloop
endfacet
facet normal -0.866025403784439 -0.5 -1.24598064260057e-015
outer loop
vertex 26.1602540378444 20.0000000000002 -76.1005869886967
vertex 24.5710678118654 22.0710678118657 -79.1005869886967
vertex 24.5710678118654 22.0710678118657 -76.1005869886967
endloop
endfacet
facet normal -0.707106781186548 0.707106781186547 2.88705545135307e-015
outer loop
vertex 24.5710678118654 7.9289321881347 -76.1005869886967
vertex 22.5 6.3397459621558 -79.1005869886967
vertex 24.5710678118654 7.92893218813471 -79.1005869886967
endloop
endfacet
facet normal -0.5 0.866025403784439 3.46166969819649e-015
outer loop
vertex 22.5 6.3397459621558 -79.1005869886967
vertex 24.5710678118654 7.9289321881347 -76.1005869886967
vertex 22.5 6.33974596215579 -76.1005869886967
endloop
endfacet
facet normal 0.866025403784438 0.500000000000002 2.26405788666803e-015
outer loop
vertex 8.83974596215559 10.0000000000002 -76.1005869886967
vertex 10.4289321881345 7.92893218813471 -79.1005869886967
vertex 10.4289321881345 7.92893218813469 -76.1005869886967
endloop
endfacet
facet normal 0.707106781186546 0.707106781186549 2.9002326937134e-015
outer loop
vertex 10.4289321881345 7.92893218813471 -79.1005869886967
vertex 8.83974596215559 10.0000000000002 -76.1005869886967
vertex 8.83974596215559 10.0000000000002 -79.1005869886967
endloop
endfacet
facet normal 0.965925826289069 -0.258819045102518 -1.22457550566683e-015
outer loop
vertex 7.84074173710928 17.5881904510254 -76.1005869886967
vertex 7.49999999999997 15.0000000000002 -79.1005869886967
vertex 7.49999999999997 15.0000000000001 -76.1005869886967
endloop
endfacet
facet normal 1.0 8.55466549982104e-016 7.17775836376049e-017
outer loop
vertex 7.49999999999997 15.0000000000002 -79.1005869886967
vertex 7.84074173710928 17.5881904510254 -76.1005869886967
vertex 7.84074173710929 17.5881904510254 -79.1005869886967
endloop
endfacet
facet normal 0.500000000000001 -0.866025403784438 -3.08436921016428e-015
outer loop
vertex 12.5 23.6602540378446 -76.1005869886967
vertex 14.9118095489748 24.6592582628909 -79.1005869886967
vertex 12.5 23.6602540378446 -79.1005869886967
endloop
endfacet
facet normal 0.258819045102521 -0.965925826289068 -3.12050620101356e-015
outer loop
vertex 14.9118095489748 24.6592582628909 -79.1005869886967
vertex 12.5 23.6602540378446 -76.1005869886967
vertex 14.9118095489747 24.6592582628909 -76.1005869886967
endloop
endfacet
facet normal 0.258819045102522 -0.965925826289068 -3.12050620101355e-015
outer loop
vertex 14.9118095489747 24.6592582628909 -76.1005869886967
vertex 17.5 25.0000000000002 -79.1005869886967
vertex 14.9118095489748 24.6592582628909 -79.1005869886967
endloop
endfacet
facet normal 3.02977736451995e-016 -1.0 -3.29100835891096e-015
outer loop
vertex 17.5 25.0000000000002 -79.1005869886967
vertex 14.9118095489747 24.6592582628909 -76.1005869886967
vertex 17.5 25.0000000000002 -76.1005869886967
endloop
endfacet
facet normal -0.707106781186548 0.707106781186547 2.88705545135307e-015
outer loop
vertex 24.5710678118654 7.92893218813471 -79.1005869886967
vertex 26.1602540378444 10.0000000000002 -76.1005869886967
vertex 24.5710678118654 7.9289321881347 -76.1005869886967
endloop
endfacet
facet normal -0.866025403784439 0.5 2.0794388944341e-015
outer loop
vertex 26.1602540378444 10.0000000000002 -76.1005869886967
vertex 24.5710678118654 7.92893218813471 -79.1005869886967
vertex 26.1602540378444 10.0000000000002 -79.1005869886967
endloop
endfacet
facet normal -0.965925826289068 0.258819045102521 1.8123118353897e-015
outer loop
vertex 27.1592582628906 12.411809548975 -79.1005869886967
vertex 26.1602540378444 10.0000000000002 -76.1005869886967
vertex 26.1602540378444 10.0000000000002 -79.1005869886967
endloop
endfacet
facet normal -0.866025403784439 0.5 2.0794388944341e-015
outer loop
vertex 26.1602540378444 10.0000000000002 -76.1005869886967
vertex 27.1592582628906 12.411809548975 -79.1005869886967
vertex 27.1592582628907 12.411809548975 -76.1005869886967
endloop
endfacet
facet normal -0.499999999999999 -0.866025403784439 -3.12223198083486e-015
outer loop
vertex 22.5 23.6602540378446 -76.1005869886967
vertex 24.5710678118654 22.0710678118657 -79.1005869886967
vertex 22.5 23.6602540378446 -79.1005869886967
endloop
endfacet
facet normal -0.707106781186548 -0.707106781186548 -2.50152758992858e-015
outer loop
vertex 24.5710678118654 22.0710678118657 -79.1005869886967
vertex 22.5 23.6602540378446 -76.1005869886967
vertex 24.5710678118654 22.0710678118657 -76.1005869886967
endloop
endfacet
facet normal 1.0 2.67333296869407e-015 7.17775836376153e-017
outer loop
vertex 7.49999999999997 15.0000000000001 -76.1005869886967
vertex 7.84074173710929 12.411809548975 -79.1005869886967
vertex 7.84074173710929 12.4118095489749 -76.1005869886967
endloop
endfacet
facet normal 0.965925826289068 0.258819045102522 1.26671363367251e-015
outer loop
vertex 7.84074173710929 12.411809548975 -79.1005869886967
vertex 7.49999999999997 15.0000000000001 -76.1005869886967
vertex 7.49999999999997 15.0000000000002 -79.1005869886967
endloop
endfacet
facet normal -6.50511022382224e-016 1.0 3.96173897694473e-015
outer loop
vertex 17.5 5.00000000000018 -76.1005869886967
vertex 14.9118095489748 5.34074173710951 -79.1005869886967
vertex 17.5 5.00000000000019 -79.1005869886967
endloop
endfacet
facet normal 0.25881904510252 0.965925826289069 3.7701566623799e-015
outer loop
vertex 14.9118095489748 5.34074173710951 -79.1005869886967
vertex 17.5 5.00000000000018 -76.1005869886967
vertex 14.9118095489748 5.34074173710949 -76.1005869886967
endloop
endfacet
facet normal -0.866025403784439 -0.5 -1.24598064260057e-015
outer loop
vertex 26.1602540378444 20.0000000000002 -79.1005869886967
vertex 27.1592582628906 17.5881904510254 -76.1005869886967
vertex 27.1592582628906 17.5881904510254 -79.1005869886967
endloop
endfacet
facet normal -0.965925826289068 -0.258819045102521 -1.65951276420052e-016
outer loop
vertex 27.1592582628906 17.5881904510254 -76.1005869886967
vertex 26.1602540378444 20.0000000000002 -79.1005869886967
vertex 26.1602540378444 20.0000000000002 -76.1005869886967
endloop
endfacet
facet normal -1.0 3.7426661561717e-016 9.09269072981335e-016
outer loop
vertex 27.5 15.0000000000002 -79.1005869886967
vertex 27.1592582628907 12.411809548975 -76.1005869886967
vertex 27.1592582628906 12.411809548975 -79.1005869886967
endloop
endfacet
facet normal -0.965925826289068 0.258819045102521 1.8123118353897e-015
outer loop
vertex 27.1592582628907 12.411809548975 -76.1005869886967
vertex 27.5 15.0000000000002 -79.1005869886967
vertex 27.5 15.0000000000002 -76.1005869886967
endloop
endfacet
facet normal 0.965925826289068 0.258819045102523 1.26671363367251e-015
outer loop
vertex 7.84074173710929 12.4118095489749 -76.1005869886967
vertex 8.83974596215559 10.0000000000002 -79.1005869886967
vertex 8.83974596215559 10.0000000000002 -76.1005869886967
endloop
endfacet
facet normal 0.866025403784438 0.500000000000001 2.26405788666802e-015
outer loop
vertex 8.83974596215559 10.0000000000002 -79.1005869886967
vertex 7.84074173710929 12.4118095489749 -76.1005869886967
vertex 7.84074173710929 12.411809548975 -79.1005869886967
endloop
endfacet
facet normal 7.7526656092128e-016 -1.0 -3.29100835891097e-015
outer loop
vertex 17.5 25.0000000000002 -76.1005869886967
vertex 20.0881904510252 24.6592582628909 -79.1005869886967
vertex 17.5 25.0000000000002 -79.1005869886967
endloop
endfacet
facet normal -0.25881904510252 -0.965925826289069 -3.23573918337983e-015
outer loop
vertex 20.0881904510252 24.6592582628909 -79.1005869886967
vertex 17.5 25.0000000000002 -76.1005869886967
vertex 20.0881904510252 24.6592582628909 -76.1005869886967
endloop
endfacet
facet normal -0.258819045102521 0.965925826289068 3.54197098676315e-015
outer loop
vertex 20.0881904510252 5.34074173710949 -76.1005869886967
vertex 17.5 5.00000000000019 -79.1005869886967
vertex 20.0881904510252 5.34074173710951 -79.1005869886967
endloop
endfacet
facet normal -3.38622176034582e-016 1.0 3.96173897694473e-015
outer loop
vertex 17.5 5.00000000000019 -79.1005869886967
vertex 20.0881904510252 5.34074173710949 -76.1005869886967
vertex 17.5 5.00000000000018 -76.1005869886967
endloop
endfacet
facet normal 0.258819045102519 0.965925826289069 3.7701566623799e-015
outer loop
vertex 14.9118095489748 5.34074173710949 -76.1005869886967
vertex 12.5 6.33974596215579 -79.1005869886967
vertex 14.9118095489748 5.34074173710951 -79.1005869886967
endloop
endfacet
facet normal 0.499999999999999 0.866025403784439 3.18279182436227e-015
outer loop
vertex 12.5 6.33974596215579 -79.1005869886967
vertex 14.9118095489748 5.34074173710949 -76.1005869886967
vertex 12.5 6.33974596215578 -76.1005869886967
endloop
endfacet
facet normal -0.965925826289068 -0.258819045102521 -1.65951276420051e-016
outer loop
vertex 27.1592582628906 17.5881904510254 -79.1005869886967
vertex 27.5 15.0000000000002 -76.1005869886967
vertex 27.5 15.0000000000002 -79.1005869886967
endloop
endfacet
facet normal -1.0 -4.45555494782345e-016 9.0926907298133e-016
outer loop
vertex 27.5 15.0000000000002 -76.1005869886967
vertex 27.1592582628906 17.5881904510254 -79.1005869886967
vertex 27.1592582628906 17.5881904510254 -76.1005869886967
endloop
endfacet
facet normal -0.25881904510252 -0.965925826289069 -3.23573918337983e-015
outer loop
vertex 20.0881904510252 24.6592582628909 -76.1005869886967
vertex 22.5 23.6602540378446 -79.1005869886967
vertex 20.0881904510252 24.6592582628909 -79.1005869886967
endloop
endfacet
facet normal -0.5 -0.866025403784439 -3.12223198083487e-015
outer loop
vertex 22.5 23.6602540378446 -79.1005869886967
vertex 20.0881904510252 24.6592582628909 -76.1005869886967
vertex 22.5 23.6602540378446 -76.1005869886967
endloop
endfacet
facet normal 2.25597318603831e-015 1.0 -4.41789497927553e-031
outer loop
vertex 37.5 36.8 -76.1005869886967
vertex -2.50000000000008 36.8000000000001 -79.1005869886967
vertex 37.5 36.8 -79.1005869886967
endloop
endfacet
facet normal 2.25597318603831e-015 1.0 -4.41789497927553e-031
outer loop
vertex -2.50000000000008 36.8000000000001 -79.1005869886967
vertex 37.5 36.8 -76.1005869886967
vertex -2.50000000000007 36.8000000000001 -76.1005869886967
endloop
endfacet
facet normal -1.0 0.0 0.0
outer loop
vertex 7.09999999999999 -7.99999999999991 -77.1005869886967
vertex 7.09999999999999 -6.99999999999989 -76.1005869886967
vertex 7.09999999999999 -7.99999999999991 -70.1005869886967
endloop
endfacet
facet normal -1.0 0.0 0.0
outer loop
vertex 7.09999999999999 -6.99999999999989 -76.1005869886967
vertex 7.09999999999999 -7.99999999999991 -77.1005869886967
vertex 7.09999999999999 -5.49999999999989 -77.1005869886967
endloop
endfacet
facet normal -1.0 0.0 0.0
outer loop
vertex 7.09999999999999 -7.99999999999991 -70.1005869886967
vertex 7.09999999999999 -6.99999999999989 -76.1005869886967
vertex 7.09999999999999 -6.99999999999991 -70.1005869886967
endloop
endfacet
facet normal -1.0 0.0 0.0
outer loop
vertex 7.09999999999999 -6.99999999999989 -76.1005869886967
vertex 7.09999999999999 -5.49999999999989 -77.1005869886967
vertex 7.09999999999999 -5.49999999999989 -76.1005869886967
endloop
endfacet
facet normal 1.0 0.0 0.0
outer loop
vertex 6.69999999999999 -3.49999999999988 -70.1005869886967
vertex 6.69999999999999 -5.49999999999989 -76.1005869886967
vertex 6.69999999999999 -5.49999999999989 -70.1005869886967
endloop
endfacet
facet normal 1.0 0.0 0.0
outer loop
vertex 6.69999999999999 -5.49999999999989 -76.1005869886967
vertex 6.69999999999999 -3.49999999999988 -70.1005869886967
vertex 6.69999999999999 -3.49999999999988 -76.1005869886967
endloop
endfacet
facet normal -1.28180294661268e-015 1.0 -2.8124122722885e-032
outer loop
vertex 34.5 -7.99999999999989 -77.1005869886967
vertex 31.95 -7.99999999999989 -75.0996250943734
vertex 27.8999999999999 -7.99999999999989 -77.1005869886967
endloop
endfacet
facet normal -1.28180294661268e-015 1.0 -2.8124122722885e-032
outer loop
vertex 31.95 -7.99999999999989 -75.0996250943734
vertex 34.5 -7.99999999999989 -77.1005869886967
vertex 32.2606601717798 -7.99999999999989 -74.8612471604766
endloop
endfacet
facet normal -1.28180294661268e-015 1.0 -2.8124122722885e-032
outer loop
vertex 32.2606601717798 -7.99999999999989 -74.8612471604766
vertex 34.5 -7.99999999999989 -77.1005869886967
vertex 32.4990381056766 -7.99999999999989 -74.5505869886967
endloop
endfacet
facet normal -1.28180294661268e-015 1.0 -2.8124122722885e-032
outer loop
vertex 32.4990381056766 -7.99999999999989 -74.5505869886967
vertex 34.5 -7.99999999999989 -77.1005869886967
vertex 34.5 -7.99999999999989 -70.1005869886967
endloop
endfacet
facet normal -1.28180294661268e-015 1.0 -2.8124122722885e-032
outer loop
vertex 27.8999999999999 -7.99999999999989 -77.1005869886967
vertex 31.95 -7.99999999999989 -75.0996250943734
vertex 31.5882285676537 -7.99999999999989 -75.2494757281303
endloop
endfacet
facet normal -1.28180294661268e-015 1.0 -2.8124122722885e-032
outer loop
vertex 27.8999999999999 -7.99999999999989 -77.1005869886967
vertex 31.5882285676537 -7.99999999999989 -75.2494757281303
vertex 31.1999999999999 -7.99999999999989 -75.3005869886967
endloop
endfacet
facet normal -1.28180294661268e-015 1.0 -2.8124122722885e-032
outer loop
vertex 32.4990381056766 -7.99999999999989 -74.5505869886967
vertex 34.5 -7.99999999999989 -70.1005869886967
vertex 32.6488887394335 -7.99999999999989 -74.1888155563505
endloop
endfacet
facet normal -1.28180294661268e-015 1.0 -2.8124122722885e-032
outer loop
vertex 32.6488887394335 -7.99999999999989 -74.1888155563505
vertex 34.5 -7.99999999999989 -70.1005869886967
vertex 32.6999999999999 -7.99999999999989 -73.8005869886967
endloop
endfacet
facet normal -1.28180294661268e-015 1.0 -2.8124122722885e-032
outer loop
vertex 32.6999999999999 -7.99999999999989 -73.8005869886967
vertex 34.5 -7.99999999999989 -70.1005869886967
vertex 32.6488887394335 -7.99999999999989 -73.4123584210429
endloop
endfacet
facet normal -1.28180294661268e-015 1.0 -2.8124122722885e-032
outer loop
vertex 32.6488887394335 -7.99999999999989 -73.4123584210429
vertex 34.5 -7.99999999999989 -70.1005869886967
vertex 32.4990381056766 -7.99999999999989 -73.0505869886967
endloop
endfacet
facet normal -1.28180294661268e-015 1.0 -2.8124122722885e-032
outer loop
vertex 32.4990381056766 -7.99999999999989 -73.0505869886967
vertex 34.5 -7.99999999999989 -70.1005869886967
vertex 32.2606601717798 -7.99999999999989 -72.7399268169169
endloop
endfacet
facet normal -1.28180294661268e-015 1.0 -2.8124122722885e-032
outer loop
vertex 32.2606601717798 -7.99999999999989 -72.7399268169169
vertex 34.5 -7.99999999999989 -70.1005869886967
vertex 31.95 -7.99999999999989 -72.5015488830201
endloop
endfacet
facet normal -1.28180294661268e-015 1.0 -2.8124122722885e-032
outer loop
vertex 31.95 -7.99999999999989 -72.5015488830201
vertex 34.5 -7.99999999999989 -70.1005869886967
vertex 31.5882285676537 -7.99999999999989 -72.3516982492631
endloop
endfacet
facet normal -1.28180294661268e-015 1.0 -2.8124122722885e-032
outer loop
vertex 31.5882285676537 -7.99999999999989 -72.3516982492631
vertex 34.5 -7.99999999999989 -70.1005869886967
vertex 31.1999999999999 -7.99999999999989 -72.3005869886967
endloop
endfacet
facet normal -1.28180294661268e-015 1.0 -2.8124122722885e-032
outer loop
vertex 27.8999999999999 -7.99999999999989 -77.1005869886967
vertex 29.9009618943233 -7.99999999999989 -74.5505869886967
vertex 27.8999999999999 -7.99999999999989 -70.1005869886967
endloop
endfacet
facet normal -1.28180294661268e-015 1.0 -2.8124122722885e-032
outer loop
vertex 29.9009618943233 -7.99999999999989 -74.5505869886967
vertex 27.8999999999999 -7.99999999999989 -77.1005869886967
vertex 30.1393398282201 -7.99999999999989 -74.8612471604766
endloop
endfacet
facet normal -1.28180294661268e-015 1.0 -2.8124122722885e-032
outer loop
vertex 30.1393398282201 -7.99999999999989 -74.8612471604766
vertex 27.8999999999999 -7.99999999999989 -77.1005869886967
vertex 30.45 -7.99999999999989 -75.0996250943734
endloop
endfacet
facet normal -1.28180294661268e-015 1.0 -2.8124122722885e-032
outer loop
vertex 30.45 -7.99999999999989 -75.0996250943734
vertex 27.8999999999999 -7.99999999999989 -77.1005869886967
vertex 30.8117714323462 -7.99999999999989 -75.2494757281303
endloop
endfacet
facet normal -1.28180294661268e-015 1.0 -2.8124122722885e-032
outer loop
vertex 30.8117714323462 -7.99999999999989 -75.2494757281303
vertex 27.8999999999999 -7.99999999999989 -77.1005869886967
vertex 31.1999999999999 -7.99999999999989 -75.3005869886967
endloop
endfacet
facet normal -1.28180294661268e-015 1.0 -2.8124122722885e-032
outer loop
vertex 27.8999999999999 -7.99999999999989 -70.1005869886967
vertex 29.9009618943233 -7.99999999999989 -74.5505869886967
vertex 29.7511112605663 -7.99999999999989 -74.1888155563505
endloop
endfacet
facet normal -1.28180294661268e-015 1.0 -2.8124122722885e-032
outer loop
vertex 27.8999999999999 -7.99999999999989 -70.1005869886967
vertex 29.7511112605663 -7.99999999999989 -74.1888155563505
vertex 29.6999999999999 -7.99999999999989 -73.8005869886967
endloop
endfacet
facet normal -1.28180294661268e-015 1.0 -2.8124122722885e-032
outer loop
vertex 27.8999999999999 -7.99999999999989 -70.1005869886967
vertex 29.6999999999999 -7.99999999999989 -73.8005869886967
vertex 29.7511112605663 -7.99999999999989 -73.4123584210429
endloop
endfacet
facet normal -1.28180294661268e-015 1.0 -2.8124122722885e-032
outer loop
vertex 27.8999999999999 -7.99999999999989 -70.1005869886967
vertex 29.7511112605663 -7.99999999999989 -73.4123584210429
vertex 29.9009618943233 -7.99999999999989 -73.0505869886967
endloop
endfacet
facet normal -1.28180294661268e-015 1.0 -2.8124122722885e-032
outer loop
vertex 27.8999999999999 -7.99999999999989 -70.1005869886967
vertex 29.9009618943233 -7.99999999999989 -73.0505869886967
vertex 30.1393398282201 -7.99999999999989 -72.7399268169169
endloop
endfacet
facet normal -1.28180294661268e-015 1.0 -2.8124122722885e-032
outer loop
vertex 27.8999999999999 -7.99999999999989 -70.1005869886967
vertex 30.1393398282201 -7.99999999999989 -72.7399268169169
vertex 30.45 -7.99999999999989 -72.5015488830201
endloop
endfacet
facet normal -1.28180294661268e-015 1.0 -2.8124122722885e-032
outer loop
vertex 27.8999999999999 -7.99999999999989 -70.1005869886967
vertex 30.45 -7.99999999999989 -72.5015488830201
vertex 30.8117714323462 -7.99999999999989 -72.3516982492631
endloop
endfacet
facet normal -1.28180294661268e-015 1.0 -2.8124122722885e-032
outer loop
vertex 27.8999999999999 -7.99999999999989 -70.1005869886967
vertex 30.8117714323462 -7.99999999999989 -72.3516982492631
vertex 31.1999999999999 -7.99999999999989 -72.3005869886967
endloop
endfacet
facet normal -1.28180294661268e-015 1.0 -2.8124122722885e-032
outer loop
vertex 27.8999999999999 -7.99999999999989 -70.1005869886967
vertex 31.1999999999999 -7.99999999999989 -72.3005869886967
vertex 34.5 -7.99999999999989 -70.1005869886967
endloop
endfacet
facet normal 0.866025403784442 -3.49829002862641e-018 0.499999999999995
outer loop
vertex 29.9009618943233 -7.99999999999989 -74.5505869886967
vertex 30.1393398282201 -10.9999999999999 -74.8612471604766
vertex 29.9009618943233 -10.9999999999999 -74.5505869886967
endloop
endfacet
facet normal 0.707106781186552 -3.49829002862724e-018 0.707106781186543
outer loop
vertex 30.1393398282201 -10.9999999999999 -74.8612471604766
vertex 29.9009618943233 -7.99999999999989 -74.5505869886967
vertex 30.1393398282201 -7.99999999999989 -74.8612471604766
endloop
endfacet
facet normal 0.965925826289069 1.35491586493476e-029 0.25881904510252
outer loop
vertex 29.7511112605663 -7.99999999999989 -74.1888155563505
vertex 29.9009618943233 -10.9999999999999 -74.5505869886967
vertex 29.7511112605663 -10.9999999999999 -74.1888155563505
endloop
endfacet
facet normal 0.866025403784442 -3.49829002862641e-018 0.499999999999995
outer loop
vertex 29.9009618943233 -10.9999999999999 -74.5505869886967
vertex 29.7511112605663 -7.99999999999989 -74.1888155563505
vertex 29.9009618943233 -7.99999999999989 -74.5505869886967
endloop
endfacet
facet normal 1.0 0.0 0.0
outer loop
vertex 29.6999999999999 -7.99999999999989 -73.8005869886967
vertex 29.7511112605663 -10.9999999999999 -74.1888155563505
vertex 29.6999999999999 -10.9999999999999 -73.8005869886967
endloop
endfacet
facet normal 0.965925826289069 1.35491586493476e-029 0.25881904510252
outer loop
vertex 29.7511112605663 -10.9999999999999 -74.1888155563505
vertex 29.6999999999999 -7.99999999999989 -73.8005869886967
vertex 29.7511112605663 -7.99999999999989 -74.1888155563505
endloop
endfacet
facet normal 0.965925826289069 1.35491586493476e-029 -0.25881904510252
outer loop
vertex 29.7511112605663 -7.99999999999989 -73.4123584210429
vertex 29.6999999999999 -10.9999999999999 -73.8005869886967
vertex 29.7511112605663 -10.9999999999999 -73.4123584210429
endloop
endfacet
facet normal 1.0 0.0 0.0
outer loop
vertex 29.6999999999999 -10.9999999999999 -73.8005869886967
vertex 29.7511112605663 -7.99999999999989 -73.4123584210429
vertex 29.6999999999999 -7.99999999999989 -73.8005869886967
endloop
endfacet
facet normal 0.707106781186552 -3.49829002862724e-018 0.707106781186543
outer loop
vertex 30.1393398282201 -10.9999999999999 -74.8612471604766
vertex 30.45 -7.99999999999989 -75.0996250943734
vertex 30.45 -10.9999999999999 -75.0996250943734
endloop
endfacet
facet normal 0.499999999999996 -5.16329573021671e-030 0.866025403784441
outer loop
vertex 30.45 -7.99999999999989 -75.0996250943734
vertex 30.1393398282201 -10.9999999999999 -74.8612471604766
vertex 30.1393398282201 -7.99999999999989 -74.8612471604766
endloop
endfacet
facet normal 0.499999999999996 -5.16329573021671e-030 0.866025403784441
outer loop
vertex 30.45 -10.9999999999999 -75.0996250943734
vertex 30.8117714323462 -7.99999999999989 -75.2494757281303
vertex 30.8117714323462 -10.9999999999999 -75.2494757281303
endloop
endfacet
facet normal 0.258819045102515 -1.68430722809473e-029 0.96592582628907
outer loop
vertex 30.8117714323462 -7.99999999999989 -75.2494757281303
vertex 30.45 -10.9999999999999 -75.0996250943734
vertex 30.45 -7.99999999999989 -75.0996250943734
endloop
endfacet
facet normal 0.258819045102515 -1.68430722809473e-029 0.96592582628907
outer loop
vertex 30.8117714323462 -10.9999999999999 -75.2494757281303
vertex 31.1999999999999 -7.99999999999989 -75.3005869886967
vertex 31.1999999999999 -10.9999999999999 -75.3005869886967
endloop
endfacet
facet normal -9.1784431925163e-016 1.04692843458041e-030 1.0
outer loop
vertex 31.1999999999999 -7.99999999999989 -75.3005869886967
vertex 30.8117714323462 -10.9999999999999 -75.2494757281303
vertex 30.8117714323462 -7.99999999999989 -75.2494757281303
endloop
endfacet
facet normal -0.965925826289069 1.35491586493476e-029 -0.25881904510252
outer loop
vertex 32.6488887394335 -7.99999999999989 -73.4123584210429
vertex 32.4990381056766 -10.9999999999999 -73.0505869886967
vertex 32.6488887394335 -10.9999999999999 -73.4123584210429
endloop
endfacet
facet normal -0.866025403784442 -3.49829002862641e-018 -0.499999999999995
outer loop
vertex 32.4990381056766 -10.9999999999999 -73.0505869886967
vertex 32.6488887394335 -7.99999999999989 -73.4123584210429
vertex 32.4990381056766 -7.99999999999989 -73.0505869886967
endloop
endfacet
facet normal -1.0 0.0 0.0
outer loop
vertex 32.6999999999999 -7.99999999999989 -73.8005869886967
vertex 32.6488887394335 -10.9999999999999 -73.4123584210429
vertex 32.6999999999999 -10.9999999999999 -73.8005869886967
endloop
endfacet
facet normal -0.965925826289069 1.35491586493476e-029 -0.25881904510252
outer loop
vertex 32.6488887394335 -10.9999999999999 -73.4123584210429
vertex 32.6999999999999 -7.99999999999989 -73.8005869886967
vertex 32.6488887394335 -7.99999999999989 -73.4123584210429
endloop
endfacet
facet normal -0.965925826289069 1.35491586493476e-029 0.25881904510252
outer loop
vertex 32.6488887394335 -7.99999999999989 -74.1888155563505
vertex 32.6999999999999 -10.9999999999999 -73.8005869886967
vertex 32.6488887394335 -10.9999999999999 -74.1888155563505
endloop
endfacet
facet normal -1.0 0.0 0.0
outer loop
vertex 32.6999999999999 -10.9999999999999 -73.8005869886967
vertex 32.6488887394335 -7.99999999999989 -74.1888155563505
vertex 32.6999999999999 -7.99999999999989 -73.8005869886967
endloop
endfacet
facet normal -9.1784431925163e-016 1.04692843458041e-030 1.0
outer loop
vertex 31.1999999999999 -10.9999999999999 -75.3005869886967
vertex 31.5882285676537 -7.99999999999989 -75.2494757281303
vertex 31.5882285676537 -10.9999999999999 -75.2494757281303
endloop
endfacet
facet normal -0.258819045102513 -1.4820561854472e-029 0.96592582628907
outer loop
vertex 31.5882285676537 -7.99999999999989 -75.2494757281303
vertex 31.1999999999999 -10.9999999999999 -75.3005869886967
vertex 31.1999999999999 -7.99999999999989 -75.3005869886967
endloop
endfacet
facet normal -0.499999999999994 -2.09385686916097e-030 0.866025403784442
outer loop
vertex 31.95 -10.9999999999999 -75.0996250943734
vertex 32.2606601717798 -7.99999999999989 -74.8612471604766
vertex 32.2606601717798 -10.9999999999999 -74.8612471604766
endloop
endfacet
facet normal -0.707106781186552 -3.49829002862724e-018 0.707106781186543
outer loop
vertex 32.2606601717798 -7.99999999999989 -74.8612471604766
vertex 31.95 -10.9999999999999 -75.0996250943734
vertex 31.95 -7.99999999999989 -75.0996250943734
endloop
endfacet
facet normal -0.707106781186552 -3.49829002862724e-018 0.707106781186543
outer loop
vertex 32.2606601717798 -7.99999999999989 -74.8612471604766
vertex 32.4990381056766 -10.9999999999999 -74.5505869886967
vertex 32.2606601717798 -10.9999999999999 -74.8612471604766
endloop
endfacet
facet normal -0.866025403784442 -3.49829002862641e-018 0.499999999999995
outer loop
vertex 32.4990381056766 -10.9999999999999 -74.5505869886967
vertex 32.2606601717798 -7.99999999999989 -74.8612471604766
vertex 32.4990381056766 -7.99999999999989 -74.5505869886967
endloop
endfacet
facet normal -0.258819045102515 -1.68430722809473e-029 -0.96592582628907
outer loop
vertex 31.5882285676537 -7.99999999999989 -72.3516982492631
vertex 31.95 -10.9999999999999 -72.5015488830201
vertex 31.95 -7.99999999999989 -72.5015488830201
endloop
endfacet
facet normal -0.499999999999996 -5.16329573021671e-030 -0.866025403784441
outer loop
vertex 31.95 -10.9999999999999 -72.5015488830201
vertex 31.5882285676537 -7.99999999999989 -72.3516982492631
vertex 31.5882285676537 -10.9999999999999 -72.3516982492631
endloop
endfacet
facet normal -0.499999999999996 -5.16329573021671e-030 -0.866025403784441
outer loop
vertex 31.95 -7.99999999999989 -72.5015488830201
vertex 32.2606601717798 -10.9999999999999 -72.7399268169169
vertex 32.2606601717798 -7.99999999999989 -72.7399268169169
endloop
endfacet
facet normal -0.707106781186552 -3.49829002862724e-018 -0.707106781186543
outer loop
vertex 32.2606601717798 -10.9999999999999 -72.7399268169169
vertex 31.95 -7.99999999999989 -72.5015488830201
vertex 31.95 -10.9999999999999 -72.5015488830201
endloop
endfacet
facet normal 9.1784431925163e-016 1.04692843458041e-030 -1.0
outer loop
vertex 31.1999999999999 -7.99999999999989 -72.3005869886967
vertex 31.5882285676537 -10.9999999999999 -72.3516982492631
vertex 31.5882285676537 -7.99999999999989 -72.3516982492631
endloop
endfacet
facet normal -0.258819045102515 -1.68430722809473e-029 -0.96592582628907
outer loop
vertex 31.5882285676537 -10.9999999999999 -72.3516982492631
vertex 31.1999999999999 -7.99999999999989 -72.3005869886967
vertex 31.1999999999999 -10.9999999999999 -72.3005869886967
endloop
endfacet
facet normal 0.258819045102513 -1.4820561854472e-029 -0.96592582628907
outer loop
vertex 30.8117714323462 -7.99999999999989 -72.3516982492631
vertex 31.1999999999999 -10.9999999999999 -72.3005869886967
vertex 31.1999999999999 -7.99999999999989 -72.3005869886967
endloop
endfacet
facet normal 9.1784431925163e-016 1.04692843458041e-030 -1.0
outer loop
vertex 31.1999999999999 -10.9999999999999 -72.3005869886967
vertex 30.8117714323462 -7.99999999999989 -72.3516982492631
vertex 30.8117714323462 -10.9999999999999 -72.3516982492631
endloop
endfacet
facet normal 0.866025403784439 2.3314702852623e-029 -0.5
outer loop
vertex 29.9009618943233 -7.99999999999989 -73.0505869886967
vertex 29.7511112605663 -10.9999999999999 -73.4123584210429
vertex 29.9009618943233 -10.9999999999999 -73.0505869886967
endloop
endfacet
facet normal 0.965925826289069 1.35491586493476e-029 -0.25881904510252
outer loop
vertex 29.7511112605663 -10.9999999999999 -73.4123584210429
vertex 29.9009618943233 -7.99999999999989 -73.0505869886967
vertex 29.7511112605663 -7.99999999999989 -73.4123584210429
endloop
endfacet
facet normal 0.707106781186551 2.73750212902241e-029 -0.707106781186544
outer loop
vertex 30.1393398282201 -7.99999999999989 -72.7399268169169
vertex 29.9009618943233 -10.9999999999999 -73.0505869886967
vertex 30.1393398282201 -10.9999999999999 -72.7399268169169
endloop
endfacet
facet normal 0.866025403784439 2.3314702852623e-029 -0.5
outer loop
vertex 29.9009618943233 -10.9999999999999 -73.0505869886967
vertex 30.1393398282201 -7.99999999999989 -72.7399268169169
vertex 29.9009618943233 -7.99999999999989 -73.0505869886967
endloop
endfacet
facet normal -0.258819045102513 -1.4820561854472e-029 0.96592582628907
outer loop
vertex 31.5882285676537 -10.9999999999999 -75.2494757281303
vertex 31.95 -7.99999999999989 -75.0996250943734
vertex 31.95 -10.9999999999999 -75.0996250943734
endloop
endfacet
facet normal -0.499999999999994 -2.09385686916097e-030 0.866025403784442
outer loop
vertex 31.95 -7.99999999999989 -75.0996250943734
vertex 31.5882285676537 -10.9999999999999 -75.2494757281303
vertex 31.5882285676537 -7.99999999999989 -75.2494757281303
endloop
endfacet
facet normal -0.866025403784442 -3.49829002862641e-018 0.499999999999995
outer loop
vertex 32.4990381056766 -7.99999999999989 -74.5505869886967
vertex 32.6488887394335 -10.9999999999999 -74.1888155563505
vertex 32.4990381056766 -10.9999999999999 -74.5505869886967
endloop
endfacet
facet normal -0.965925826289069 1.35491586493476e-029 0.25881904510252
outer loop
vertex 32.6488887394335 -10.9999999999999 -74.1888155563505
vertex 32.4990381056766 -7.99999999999989 -74.5505869886967
vertex 32.6488887394335 -7.99999999999989 -74.1888155563505
endloop
endfacet
facet normal 0.707106781186551 2.73750212902241e-029 -0.707106781186544
outer loop
vertex 30.1393398282201 -7.99999999999989 -72.7399268169169
vertex 30.45 -10.9999999999999 -72.5015488830201
vertex 30.45 -7.99999999999989 -72.5015488830201
endloop
endfacet
facet normal 0.499999999999998 2.78891523247671e-030 -0.86602540378444
outer loop
vertex 30.45 -10.9999999999999 -72.5015488830201
vertex 30.1393398282201 -7.99999999999989 -72.7399268169169
vertex 30.1393398282201 -10.9999999999999 -72.7399268169169
endloop
endfacet
facet normal 0.499999999999998 2.78891523247671e-030 -0.86602540378444
outer loop
vertex 30.45 -7.99999999999989 -72.5015488830201
vertex 30.8117714323462 -10.9999999999999 -72.3516982492631
vertex 30.8117714323462 -7.99999999999989 -72.3516982492631
endloop
endfacet
facet normal 0.258819045102513 -1.4820561854472e-029 -0.96592582628907
outer loop
vertex 30.8117714323462 -10.9999999999999 -72.3516982492631
vertex 30.45 -7.99999999999989 -72.5015488830201
vertex 30.45 -10.9999999999999 -72.5015488830201
endloop
endfacet
facet normal -0.866025403784442 -3.49829002862641e-018 -0.499999999999995
outer loop
vertex 32.4990381056766 -7.99999999999989 -73.0505869886967
vertex 32.2606601717798 -10.9999999999999 -72.7399268169169
vertex 32.4990381056766 -10.9999999999999 -73.0505869886967
endloop
endfacet
facet normal -0.707106781186552 -3.49829002862724e-018 -0.707106781186543
outer loop
vertex 32.2606601717798 -10.9999999999999 -72.7399268169169
vertex 32.4990381056766 -7.99999999999989 -73.0505869886967
vertex 32.2606601717798 -7.99999999999989 -72.7399268169169
endloop
endfacet
facet normal -1.0 0.0 0.0
outer loop
vertex 5.29999999999999 -7.99999999999991 -73.8005869886967
vertex 5.24888873943357 -10.9999999999999 -73.4123584210429
vertex 5.29999999999999 -10.9999999999999 -73.8005869886967
endloop
endfacet
facet normal -0.965925826289067 0.0 -0.258819045102526
outer loop
vertex 5.24888873943357 -10.9999999999999 -73.4123584210429
vertex 5.29999999999999 -7.99999999999991 -73.8005869886967
vertex 5.24888873943357 -7.99999999999991 -73.4123584210429
endloop
endfacet
facet normal 0.866025403784442 0.0 -0.499999999999994
outer loop
vertex 2.50096189432332 -7.99999999999991 -73.0505869886967
vertex 2.35111126056637 -10.9999999999999 -73.4123584210429
vertex 2.50096189432332 -10.9999999999999 -73.0505869886967
endloop
endfacet
facet normal 0.965925826289067 0.0 -0.258819045102527
outer loop
vertex 2.35111126056637 -10.9999999999999 -73.4123584210429
vertex 2.50096189432332 -7.99999999999991 -73.0505869886967
vertex 2.35111126056637 -7.99999999999991 -73.4123584210429
endloop
endfacet
facet normal -0.707106781186554 0.0 0.707106781186541
outer loop
vertex 4.86066017177979 -7.99999999999991 -74.8612471604765
vertex 5.09903810567664 -10.9999999999999 -74.5505869886967
vertex 4.86066017177979 -10.9999999999999 -74.8612471604765
endloop
endfacet
facet normal -0.866025403784435 0.0 0.500000000000005
outer loop
vertex 5.09903810567664 -10.9999999999999 -74.5505869886967
vertex 4.86066017177979 -7.99999999999991 -74.8612471604765
vertex 5.09903810567664 -7.99999999999991 -74.5505869886967
endloop
endfacet
facet normal -0.500000000000001 0.0 0.866025403784438
outer loop
vertex 4.54999999999998 -10.9999999999999 -75.0996250943734
vertex 4.86066017177979 -7.99999999999991 -74.8612471604765
vertex 4.86066017177979 -10.9999999999999 -74.8612471604765
endloop
endfacet
facet normal -0.707106781186554 0.0 0.707106781186541
outer loop
vertex 4.86066017177979 -7.99999999999991 -74.8612471604765
vertex 4.54999999999998 -10.9999999999999 -75.0996250943734
vertex 4.54999999999998 -7.99999999999991 -75.0996250943734
endloop
endfacet
facet normal -1.85351085829455e-015 0.0 1.0
outer loop
vertex 3.79999999999997 -10.9999999999999 -75.3005869886967
vertex 4.18822856765377 -7.99999999999991 -75.2494757281303
vertex 4.18822856765377 -10.9999999999999 -75.2494757281303
endloop
endfacet
facet normal -0.258819045102513 0.0 0.96592582628907
outer loop
vertex 4.18822856765377 -7.99999999999991 -75.2494757281303
vertex 3.79999999999997 -10.9999999999999 -75.3005869886967
vertex 3.79999999999997 -7.99999999999991 -75.3005869886967
endloop
endfacet
facet normal 0.258819045102511 0.0 0.965925826289071
outer loop
vertex 3.41177143234619 -10.9999999999999 -75.2494757281303
vertex 3.79999999999997 -7.99999999999991 -75.3005869886967
vertex 3.79999999999997 -10.9999999999999 -75.3005869886967
endloop
endfacet
facet normal -1.85351085829455e-015 0.0 1.0
outer loop
vertex 3.79999999999997 -7.99999999999991 -75.3005869886967
vertex 3.41177143234619 -10.9999999999999 -75.2494757281303
vertex 3.41177143234619 -7.99999999999991 -75.2494757281303
endloop
endfacet
facet normal -0.866025403784435 0.0 0.500000000000005
outer loop
vertex 5.09903810567664 -7.99999999999991 -74.5505869886967
vertex 5.24888873943357 -10.9999999999999 -74.1888155563505
vertex 5.09903810567664 -10.9999999999999 -74.5505869886967
endloop
endfacet
facet normal -0.965925826289067 0.0 0.258819045102526
outer loop
vertex 5.24888873943357 -10.9999999999999 -74.1888155563505
vertex 5.09903810567664 -7.99999999999991 -74.5505869886967
vertex 5.24888873943357 -7.99999999999991 -74.1888155563505
endloop
endfacet
facet normal 0.707106781186548 0.0 -0.707106781186548
outer loop
vertex 2.73933982822017 -7.99999999999991 -72.7399268169169
vertex 2.50096189432332 -10.9999999999999 -73.0505869886967
vertex 2.73933982822017 -10.9999999999999 -72.7399268169169
endloop
endfacet
facet normal 0.866025403784442 0.0 -0.499999999999994
outer loop
vertex 2.50096189432332 -10.9999999999999 -73.0505869886967
vertex 2.73933982822017 -7.99999999999991 -72.7399268169169
vertex 2.50096189432332 -7.99999999999991 -73.0505869886967
endloop
endfacet
facet normal 0.707106781186548 0.0 -0.707106781186548
outer loop
vertex 2.73933982822017 -7.99999999999991 -72.7399268169169
vertex 3.04999999999998 -10.9999999999999 -72.5015488830201
vertex 3.04999999999998 -7.99999999999991 -72.5015488830201
endloop
endfacet
facet normal 0.499999999999999 0.0 -0.866025403784439
outer loop
vertex 3.04999999999998 -10.9999999999999 -72.5015488830201
vertex 2.73933982822017 -7.99999999999991 -72.7399268169169
vertex 2.73933982822017 -10.9999999999999 -72.7399268169169
endloop
endfacet
facet normal -0.258819045102513 0.0 -0.96592582628907
outer loop
vertex 4.18822856765377 -7.99999999999991 -72.3516982492631
vertex 4.54999999999998 -10.9999999999999 -72.5015488830201
vertex 4.54999999999998 -7.99999999999991 -72.5015488830201
endloop
endfacet
facet normal -0.500000000000001 0.0 -0.866025403784438
outer loop
vertex 4.54999999999998 -10.9999999999999 -72.5015488830201
vertex 4.18822856765377 -7.99999999999991 -72.3516982492631
vertex 4.18822856765377 -10.9999999999999 -72.3516982492631
endloop
endfacet
facet normal 0.866025403784442 0.0 0.499999999999994
outer loop
vertex 2.50096189432332 -7.99999999999991 -74.5505869886967
vertex 2.73933982822017 -10.9999999999999 -74.8612471604765
vertex 2.50096189432332 -10.9999999999999 -74.5505869886967
endloop
endfacet
facet normal 0.707106781186554 0.0 0.707106781186541
outer loop
vertex 2.73933982822017 -10.9999999999999 -74.8612471604765
vertex 2.50096189432332 -7.99999999999991 -74.5505869886967
vertex 2.73933982822017 -7.99999999999991 -74.8612471604765
endloop
endfacet
facet normal 0.707106781186554 0.0 0.707106781186541
outer loop
vertex 2.73933982822017 -10.9999999999999 -74.8612471604765
vertex 3.04999999999996 -7.99999999999991 -75.0996250943734
vertex 3.04999999999996 -10.9999999999999 -75.0996250943734
endloop
endfacet
facet normal 0.500000000000001 0.0 0.866025403784438
outer loop
vertex 3.04999999999996 -7.99999999999991 -75.0996250943734
vertex 2.73933982822017 -10.9999999999999 -74.8612471604765
vertex 2.73933982822017 -7.99999999999991 -74.8612471604765
endloop
endfacet
facet normal 0.965925826289067 0.0 0.258819045102527
outer loop
vertex 2.35111126056637 -7.99999999999991 -74.1888155563505
vertex 2.50096189432332 -10.9999999999999 -74.5505869886967
vertex 2.35111126056637 -10.9999999999999 -74.1888155563505
endloop
endfacet
facet normal 0.866025403784442 0.0 0.499999999999994
outer loop
vertex 2.50096189432332 -10.9999999999999 -74.5505869886967
vertex 2.35111126056637 -7.99999999999991 -74.1888155563505
vertex 2.50096189432332 -7.99999999999991 -74.5505869886967
endloop
endfacet
facet normal 0.258819045102517 0.0 -0.965925826289069
outer loop
vertex 3.41177143234619 -7.99999999999991 -72.3516982492631
vertex 3.79999999999997 -10.9999999999999 -72.3005869886967
vertex 3.79999999999997 -7.99999999999991 -72.3005869886967
endloop
endfacet
facet normal -1.85351085829455e-015 0.0 -1.0
outer loop
vertex 3.79999999999997 -10.9999999999999 -72.3005869886967
vertex 3.41177143234619 -7.99999999999991 -72.3516982492631
vertex 3.41177143234619 -10.9999999999999 -72.3516982492631
endloop
endfacet
facet normal -0.965925826289067 0.0 0.258819045102526
outer loop
vertex 5.24888873943357 -7.99999999999991 -74.1888155563505
vertex 5.29999999999999 -10.9999999999999 -73.8005869886967
vertex 5.24888873943357 -10.9999999999999 -74.1888155563505
endloop
endfacet
facet normal -1.0 0.0 0.0
outer loop
vertex 5.29999999999999 -10.9999999999999 -73.8005869886967
vertex 5.24888873943357 -7.99999999999991 -74.1888155563505
vertex 5.29999999999999 -7.99999999999991 -73.8005869886967
endloop
endfacet
facet normal -1.85351085829455e-015 0.0 -1.0
outer loop
vertex 3.79999999999997 -7.99999999999991 -72.3005869886967
vertex 4.18822856765377 -10.9999999999999 -72.3516982492631
vertex 4.18822856765377 -7.99999999999991 -72.3516982492631
endloop
endfacet
facet normal -0.258819045102513 0.0 -0.96592582628907
outer loop
vertex 4.18822856765377 -10.9999999999999 -72.3516982492631
vertex 3.79999999999997 -7.99999999999991 -72.3005869886967
vertex 3.79999999999997 -10.9999999999999 -72.3005869886967
endloop
endfacet
facet normal -0.965925826289067 0.0 -0.258819045102526
outer loop
vertex 5.24888873943357 -7.99999999999991 -73.4123584210429
vertex 5.09903810567664 -10.9999999999999 -73.0505869886967
vertex 5.24888873943357 -10.9999999999999 -73.4123584210429
endloop
endfacet
facet normal -0.866025403784436 0.0 -0.500000000000005
outer loop
vertex 5.09903810567664 -10.9999999999999 -73.0505869886967
vertex 5.24888873943357 -7.99999999999991 -73.4123584210429
vertex 5.09903810567664 -7.99999999999991 -73.0505869886967
endloop
endfacet
facet normal -0.500000000000001 0.0 -0.866025403784438
outer loop
vertex 4.54999999999998 -7.99999999999991 -72.5015488830201
vertex 4.86066017177979 -10.9999999999999 -72.7399268169169
vertex 4.86066017177979 -7.99999999999991 -72.7399268169169
endloop
endfacet
facet normal -0.707106781186554 0.0 -0.707106781186541
outer loop
vertex 4.86066017177979 -10.9999999999999 -72.7399268169169
vertex 4.54999999999998 -7.99999999999991 -72.5015488830201
vertex 4.54999999999998 -10.9999999999999 -72.5015488830201
endloop
endfacet
facet normal 0.500000000000001 0.0 0.866025403784438
outer loop
vertex 3.04999999999996 -10.9999999999999 -75.0996250943734
vertex 3.41177143234619 -7.99999999999991 -75.2494757281303
vertex 3.41177143234619 -10.9999999999999 -75.2494757281303
endloop
endfacet
facet normal 0.258819045102511 0.0 0.965925826289071
outer loop
vertex 3.41177143234619 -7.99999999999991 -75.2494757281303
vertex 3.04999999999996 -10.9999999999999 -75.0996250943734
vertex 3.04999999999996 -7.99999999999991 -75.0996250943734
endloop
endfacet
facet normal 0.499999999999999 0.0 -0.866025403784439
outer loop
vertex 3.04999999999998 -7.99999999999991 -72.5015488830201
vertex 3.41177143234619 -10.9999999999999 -72.3516982492631
vertex 3.41177143234619 -7.99999999999991 -72.3516982492631
endloop
endfacet
facet normal 0.258819045102517 0.0 -0.965925826289069
outer loop
vertex 3.41177143234619 -10.9999999999999 -72.3516982492631
vertex 3.04999999999998 -7.99999999999991 -72.5015488830201
vertex 3.04999999999998 -10.9999999999999 -72.5015488830201
endloop
endfacet
facet normal 1.0 0.0 0.0
outer loop
vertex 2.29999999999997 -7.99999999999991 -73.8005869886967
vertex 2.35111126056637 -10.9999999999999 -74.1888155563505
vertex 2.29999999999997 -10.9999999999999 -73.8005869886967
endloop
endfacet
facet normal 0.965925826289067 0.0 0.258819045102527
outer loop
vertex 2.35111126056637 -10.9999999999999 -74.1888155563505
vertex 2.29999999999997 -7.99999999999991 -73.8005869886967
vertex 2.35111126056637 -7.99999999999991 -74.1888155563505
endloop
endfacet
facet normal -0.866025403784436 0.0 -0.500000000000005
outer loop
vertex 5.09903810567664 -7.99999999999991 -73.0505869886967
vertex 4.86066017177979 -10.9999999999999 -72.7399268169169
vertex 5.09903810567664 -10.9999999999999 -73.0505869886967
endloop
endfacet
facet normal -0.707106781186554 0.0 -0.707106781186541
outer loop
vertex 4.86066017177979 -10.9999999999999 -72.7399268169169
vertex 5.09903810567664 -7.99999999999991 -73.0505869886967
vertex 4.86066017177979 -7.99999999999991 -72.7399268169169
endloop
endfacet
facet normal 0.965925826289067 0.0 -0.258819045102527
outer loop
vertex 2.35111126056637 -7.99999999999991 -73.4123584210429
vertex 2.29999999999997 -10.9999999999999 -73.8005869886967
vertex 2.35111126056637 -10.9999999999999 -73.4123584210429
endloop
endfacet
facet normal 1.0 0.0 0.0
outer loop
vertex 2.29999999999997 -10.9999999999999 -73.8005869886967
vertex 2.35111126056637 -7.99999999999991 -73.4123584210429
vertex 2.29999999999997 -7.99999999999991 -73.8005869886967
endloop
endfacet
facet normal -0.258819045102513 0.0 0.96592582628907
outer loop
vertex 4.18822856765377 -10.9999999999999 -75.2494757281303
vertex 4.54999999999998 -7.99999999999991 -75.0996250943734
vertex 4.54999999999998 -10.9999999999999 -75.0996250943734
endloop
endfacet
facet normal -0.500000000000001 0.0 0.866025403784438
outer loop
vertex 4.54999999999998 -7.99999999999991 -75.0996250943734
vertex 4.18822856765377 -10.9999999999999 -75.2494757281303
vertex 4.18822856765377 -7.99999999999991 -75.2494757281303
endloop
endfacet
facet normal 3.32912709745239e-016 -1.0 1.17498603439496e-015
outer loop
vertex 3.79999999999997 -10.9999999999999 -75.3005869886967
vertex 30.8117714323462 -10.9999999999999 -75.2494757281303
vertex 31.1999999999999 -10.9999999999999 -75.3005869886967
endloop
endfacet
facet normal 3.32912709745239e-016 -1.0 1.17498603439496e-015
outer loop
vertex 30.8117714323462 -10.9999999999999 -75.2494757281303
vertex 3.79999999999997 -10.9999999999999 -75.3005869886967
vertex 4.18822856765377 -10.9999999999999 -75.2494757281303
endloop
endfacet
facet normal 3.32912709745239e-016 -1.0 1.17498603439496e-015
outer loop
vertex 30.8117714323462 -10.9999999999999 -75.2494757281303
vertex 4.18822856765377 -10.9999999999999 -75.2494757281303
vertex 30.45 -10.9999999999999 -75.0996250943734
endloop
endfacet
facet normal 3.32912709745239e-016 -1.0 1.17498603439496e-015
outer loop
vertex 30.45 -10.9999999999999 -75.0996250943734
vertex 4.18822856765377 -10.9999999999999 -75.2494757281303
vertex 4.54999999999998 -10.9999999999999 -75.0996250943734
endloop
endfacet
facet normal 3.32912709745239e-016 -1.0 1.17498603439496e-015
outer loop
vertex 30.45 -10.9999999999999 -75.0996250943734
vertex 4.54999999999998 -10.9999999999999 -75.0996250943734
vertex 30.1393398282201 -10.9999999999999 -74.8612471604766
endloop
endfacet
facet normal 3.32912709745239e-016 -1.0 1.17498603439496e-015
outer loop
vertex 30.1393398282201 -10.9999999999999 -74.8612471604766
vertex 4.54999999999998 -10.9999999999999 -75.0996250943734
vertex 4.86066017177979 -10.9999999999999 -74.8612471604765
endloop
endfacet
facet normal 3.32912709745239e-016 -1.0 1.17498603439496e-015
outer loop
vertex 30.1393398282201 -10.9999999999999 -74.8612471604766
vertex 4.86066017177979 -10.9999999999999 -74.8612471604765
vertex 29.9009618943233 -10.9999999999999 -74.5505869886967
endloop
endfacet
facet normal 3.32912709745239e-016 -1.0 1.17498603439496e-015
outer loop
vertex 29.9009618943233 -10.9999999999999 -74.5505869886967
vertex 4.86066017177979 -10.9999999999999 -74.8612471604765
vertex 5.09903810567664 -10.9999999999999 -74.5505869886967
endloop
endfacet
facet normal 3.32912709745239e-016 -1.0 1.17498603439496e-015
outer loop
vertex 29.9009618943233 -10.9999999999999 -74.5505869886967
vertex 5.09903810567664 -10.9999999999999 -74.5505869886967
vertex 29.7511112605663 -10.9999999999999 -74.1888155563505
endloop
endfacet
facet normal 3.32912709745239e-016 -1.0 1.17498603439496e-015
outer loop
vertex 29.7511112605663 -10.9999999999999 -74.1888155563505
vertex 5.09903810567664 -10.9999999999999 -74.5505869886967
vertex 5.24888873943357 -10.9999999999999 -74.1888155563505
endloop
endfacet
facet normal 3.32912709745239e-016 -1.0 1.17498603439496e-015
outer loop
vertex 29.7511112605663 -10.9999999999999 -74.1888155563505
vertex 5.24888873943357 -10.9999999999999 -74.1888155563505
vertex 29.6999999999999 -10.9999999999999 -73.8005869886967
endloop
endfacet
facet normal 3.32912709745239e-016 -1.0 1.17498603439496e-015
outer loop
vertex 29.6999999999999 -10.9999999999999 -73.8005869886967
vertex 5.24888873943357 -10.9999999999999 -74.1888155563505
vertex 5.29999999999999 -10.9999999999999 -73.8005869886967
endloop
endfacet
facet normal 3.32912709745239e-016 -1.0 1.17498603439496e-015
outer loop
vertex 29.6999999999999 -10.9999999999999 -73.8005869886967
vertex 5.29999999999999 -10.9999999999999 -73.8005869886967
vertex 29.7511112605663 -10.9999999999999 -73.4123584210429
endloop
endfacet
facet normal 3.32912709745239e-016 -1.0 1.17498603439496e-015
outer loop
vertex 29.7511112605663 -10.9999999999999 -73.4123584210429
vertex 5.29999999999999 -10.9999999999999 -73.8005869886967
vertex 5.24888873943357 -10.9999999999999 -73.4123584210429
endloop
endfacet
facet normal 3.32912709745239e-016 -1.0 1.17498603439496e-015
outer loop
vertex 29.7511112605663 -10.9999999999999 -73.4123584210429
vertex 5.24888873943357 -10.9999999999999 -73.4123584210429
vertex 29.9009618943233 -10.9999999999999 -73.0505869886967
endloop
endfacet
facet normal 3.32912709745239e-016 -1.0 1.17498603439496e-015
outer loop
vertex 29.9009618943233 -10.9999999999999 -73.0505869886967
vertex 5.24888873943357 -10.9999999999999 -73.4123584210429
vertex 5.09903810567664 -10.9999999999999 -73.0505869886967
endloop
endfacet
facet normal 3.32912709745239e-016 -1.0 1.17498603439496e-015
outer loop
vertex 29.9009618943233 -10.9999999999999 -73.0505869886967
vertex 5.09903810567664 -10.9999999999999 -73.0505869886967
vertex 30.1393398282201 -10.9999999999999 -72.7399268169169
endloop
endfacet
facet normal 3.32912709745239e-016 -1.0 1.17498603439496e-015
outer loop
vertex 30.1393398282201 -10.9999999999999 -72.7399268169169
vertex 5.09903810567664 -10.9999999999999 -73.0505869886967
vertex 4.86066017177979 -10.9999999999999 -72.7399268169169
endloop
endfacet
facet normal 3.32912709745239e-016 -1.0 1.17498603439496e-015
outer loop
vertex 30.1393398282201 -10.9999999999999 -72.7399268169169
vertex 4.86066017177979 -10.9999999999999 -72.7399268169169
vertex 30.45 -10.9999999999999 -72.5015488830201
endloop
endfacet
facet normal 3.32912709745239e-016 -1.0 1.17498603439496e-015
outer loop
vertex 30.45 -10.9999999999999 -72.5015488830201
vertex 4.86066017177979 -10.9999999999999 -72.7399268169169
vertex 4.54999999999998 -10.9999999999999 -72.5015488830201
endloop
endfacet
facet normal 3.32912709745239e-016 -1.0 1.17498603439496e-015
outer loop
vertex 30.45 -10.9999999999999 -72.5015488830201
vertex 4.54999999999998 -10.9999999999999 -72.5015488830201
vertex 30.8117714323462 -10.9999999999999 -72.3516982492631
endloop
endfacet
facet normal 3.32912709745239e-016 -1.0 1.17498603439496e-015
outer loop
vertex 30.8117714323462 -10.9999999999999 -72.3516982492631
vertex 4.54999999999998 -10.9999999999999 -72.5015488830201
vertex 4.18822856765377 -10.9999999999999 -72.3516982492631
endloop
endfacet
facet normal 3.32912709745239e-016 -1.0 1.17498603439496e-015
outer loop
vertex 30.8117714323462 -10.9999999999999 -72.3516982492631
vertex 4.18822856765377 -10.9999999999999 -72.3516982492631
vertex 31.1999999999999 -10.9999999999999 -72.3005869886967
endloop
endfacet
facet normal 3.32912709745239e-016 -1.0 1.17498603439496e-015
outer loop
vertex 31.1999999999999 -10.9999999999999 -72.3005869886967
vertex 4.18822856765377 -10.9999999999999 -72.3516982492631
vertex 3.79999999999997 -10.9999999999999 -72.3005869886967
endloop
endfacet
facet normal 3.32912709745239e-016 -1.0 1.17498603439496e-015
outer loop
vertex -0.500000000000022 -10.9999999999999 -79.1005869886967
vertex 3.79999999999997 -10.9999999999999 -75.3005869886967
vertex 31.1999999999999 -10.9999999999999 -75.3005869886967
endloop
endfacet
facet normal 3.32912709745239e-016 -1.0 1.17498603439496e-015
outer loop
vertex 3.79999999999997 -10.9999999999999 -75.3005869886967
vertex -0.500000000000022 -10.9999999999999 -79.1005869886967
vertex 3.41177143234619 -10.9999999999999 -75.2494757281303
endloop
endfacet
facet normal 3.32912709745239e-016 -1.0 1.17498603439496e-015
outer loop
vertex 3.41177143234619 -10.9999999999999 -75.2494757281303
vertex -0.500000000000022 -10.9999999999999 -79.1005869886967
vertex 3.04999999999996 -10.9999999999999 -75.0996250943734
endloop
endfacet
facet normal 3.32912709745239e-016 -1.0 1.17498603439496e-015
outer loop
vertex 3.04999999999996 -10.9999999999999 -75.0996250943734
vertex -0.500000000000022 -10.9999999999999 -79.1005869886967
vertex 2.73933982822017 -10.9999999999999 -74.8612471604765
endloop
endfacet
facet normal 3.32912709745239e-016 -1.0 1.17498603439496e-015
outer loop
vertex 2.73933982822017 -10.9999999999999 -74.8612471604765
vertex -0.500000000000022 -10.9999999999999 -79.1005869886967
vertex 2.50096189432332 -10.9999999999999 -74.5505869886967
endloop
endfacet
facet normal 3.32912709745239e-016 -1.0 1.17498603439496e-015
outer loop
vertex 2.50096189432332 -10.9999999999999 -74.5505869886967
vertex -0.500000000000022 -10.9999999999999 -79.1005869886967
vertex -0.499999999999988 -10.9999999999999 -70.1005869886967
endloop
endfacet
facet normal 3.32912709745239e-016 -1.0 1.17498603439496e-015
outer loop
vertex 2.50096189432332 -10.9999999999999 -74.5505869886967
vertex -0.499999999999988 -10.9999999999999 -70.1005869886967
vertex 2.35111126056637 -10.9999999999999 -74.1888155563505
endloop
endfacet
facet normal 3.32912709745239e-016 -1.0 1.17498603439496e-015
outer loop
vertex 2.35111126056637 -10.9999999999999 -74.1888155563505
vertex -0.499999999999988 -10.9999999999999 -70.1005869886967
vertex 2.29999999999997 -10.9999999999999 -73.8005869886967
endloop
endfacet
facet normal 3.32912709745239e-016 -1.0 1.17498603439496e-015
outer loop
vertex 2.29999999999997 -10.9999999999999 -73.8005869886967
vertex -0.499999999999988 -10.9999999999999 -70.1005869886967
vertex 2.35111126056637 -10.9999999999999 -73.4123584210429
endloop
endfacet
facet normal 3.32912709745239e-016 -1.0 1.17498603439496e-015
outer loop
vertex 2.35111126056637 -10.9999999999999 -73.4123584210429
vertex -0.499999999999988 -10.9999999999999 -70.1005869886967
vertex 2.50096189432332 -10.9999999999999 -73.0505869886967
endloop
endfacet
facet normal 3.32912709745239e-016 -1.0 1.17498603439496e-015
outer loop
vertex 2.50096189432332 -10.9999999999999 -73.0505869886967
vertex -0.499999999999988 -10.9999999999999 -70.1005869886967
vertex 2.73933982822017 -10.9999999999999 -72.7399268169169
endloop
endfacet
facet normal 3.32912709745239e-016 -1.0 1.17498603439496e-015
outer loop
vertex 2.73933982822017 -10.9999999999999 -72.7399268169169
vertex -0.499999999999988 -10.9999999999999 -70.1005869886967
vertex 3.04999999999998 -10.9999999999999 -72.5015488830201
endloop
endfacet
facet normal 3.32912709745239e-016 -1.0 1.17498603439496e-015
outer loop
vertex 3.04999999999998 -10.9999999999999 -72.5015488830201
vertex -0.499999999999988 -10.9999999999999 -70.1005869886967
vertex 3.41177143234619 -10.9999999999999 -72.3516982492631
endloop
endfacet
facet normal 3.32912709745239e-016 -1.0 1.17498603439496e-015
outer loop
vertex 3.41177143234619 -10.9999999999999 -72.3516982492631
vertex -0.499999999999988 -10.9999999999999 -70.1005869886967
vertex 3.79999999999997 -10.9999999999999 -72.3005869886967
endloop
endfacet
facet normal 3.32912709745239e-016 -1.0 1.17498603439496e-015
outer loop
vertex 35.4999999999999 -10.9999999999999 -79.1005869886967
vertex 32.4990381056766 -10.9999999999999 -74.5505869886967
vertex 35.4999999999999 -10.9999999999999 -70.1005869886967
endloop
endfacet
facet normal 3.32912709745239e-016 -1.0 1.17498603439496e-015
outer loop
vertex 32.4990381056766 -10.9999999999999 -74.5505869886967
vertex 35.4999999999999 -10.9999999999999 -79.1005869886967
vertex 32.2606601717798 -10.9999999999999 -74.8612471604766
endloop
endfacet
facet normal 3.32912709745239e-016 -1.0 1.17498603439496e-015
outer loop
vertex 32.2606601717798 -10.9999999999999 -74.8612471604766
vertex 35.4999999999999 -10.9999999999999 -79.1005869886967
vertex 31.95 -10.9999999999999 -75.0996250943734
endloop
endfacet
facet normal 3.32912709745239e-016 -1.0 1.17498603439496e-015
outer loop
vertex 31.95 -10.9999999999999 -75.0996250943734
vertex 35.4999999999999 -10.9999999999999 -79.1005869886967
vertex 31.5882285676537 -10.9999999999999 -75.2494757281303
endloop
endfacet
facet normal 3.32912709745239e-016 -1.0 1.17498603439496e-015
outer loop
vertex 31.5882285676537 -10.9999999999999 -75.2494757281303
vertex 35.4999999999999 -10.9999999999999 -79.1005869886967
vertex 31.1999999999999 -10.9999999999999 -75.3005869886967
endloop
endfacet
facet normal 3.32912709745239e-016 -1.0 1.17498603439496e-015
outer loop
vertex 31.1999999999999 -10.9999999999999 -75.3005869886967
vertex 35.4999999999999 -10.9999999999999 -79.1005869886967
vertex -0.500000000000022 -10.9999999999999 -79.1005869886967
endloop
endfacet
facet normal 3.32912709745239e-016 -1.0 1.17498603439496e-015
outer loop
vertex 35.4999999999999 -10.9999999999999 -70.1005869886967
vertex 32.4990381056766 -10.9999999999999 -74.5505869886967
vertex 32.6488887394335 -10.9999999999999 -74.1888155563505
endloop
endfacet
facet normal 3.32912709745239e-016 -1.0 1.17498603439496e-015
outer loop
vertex 35.4999999999999 -10.9999999999999 -70.1005869886967
vertex 32.6488887394335 -10.9999999999999 -74.1888155563505
vertex 32.6999999999999 -10.9999999999999 -73.8005869886967
endloop
endfacet
facet normal 3.32912709745239e-016 -1.0 1.17498603439496e-015
outer loop
vertex 35.4999999999999 -10.9999999999999 -70.1005869886967
vertex 32.6999999999999 -10.9999999999999 -73.8005869886967
vertex 32.6488887394335 -10.9999999999999 -73.4123584210429
endloop
endfacet
facet normal 3.32912709745239e-016 -1.0 1.17498603439496e-015
outer loop
vertex 35.4999999999999 -10.9999999999999 -70.1005869886967
vertex 32.6488887394335 -10.9999999999999 -73.4123584210429
vertex 32.4990381056766 -10.9999999999999 -73.0505869886967
endloop
endfacet
facet normal 3.32912709745239e-016 -1.0 1.17498603439496e-015
outer loop
vertex 35.4999999999999 -10.9999999999999 -70.1005869886967
vertex 32.4990381056766 -10.9999999999999 -73.0505869886967
vertex 32.2606601717798 -10.9999999999999 -72.7399268169169
endloop
endfacet
facet normal 3.32912709745239e-016 -1.0 1.17498603439496e-015
outer loop
vertex 35.4999999999999 -10.9999999999999 -70.1005869886967
vertex 32.2606601717798 -10.9999999999999 -72.7399268169169
vertex 31.95 -10.9999999999999 -72.5015488830201
endloop
endfacet
facet normal 3.32912709745239e-016 -1.0 1.17498603439496e-015
outer loop
vertex 35.4999999999999 -10.9999999999999 -70.1005869886967
vertex 31.95 -10.9999999999999 -72.5015488830201
vertex 31.5882285676537 -10.9999999999999 -72.3516982492631
endloop
endfacet
facet normal 3.32912709745239e-016 -1.0 1.17498603439496e-015
outer loop
vertex 35.4999999999999 -10.9999999999999 -70.1005869886967
vertex 31.5882285676537 -10.9999999999999 -72.3516982492631
vertex 31.1999999999999 -10.9999999999999 -72.3005869886967
endloop
endfacet
facet normal 3.32912709745239e-016 -1.0 1.17498603439496e-015
outer loop
vertex 35.4999999999999 -10.9999999999999 -70.1005869886967
vertex 31.1999999999999 -10.9999999999999 -72.3005869886967
vertex 3.79999999999997 -10.9999999999999 -72.3005869886967
endloop
endfacet
facet normal 3.32912709745239e-016 -1.0 1.17498603439496e-015
outer loop
vertex 35.4999999999999 -10.9999999999999 -70.1005869886967
vertex 3.79999999999997 -10.9999999999999 -72.3005869886967
vertex -0.499999999999988 -10.9999999999999 -70.1005869886967
endloop
endfacet
facet normal 8.54535297741787e-016 2.25597318603832e-015 1.0
outer loop
vertex 27.8999999999999 -7.99999999999989 -77.1005869886967
vertex 34.4999999999999 -5.49999999999989 -77.1005869886967
vertex 34.5 -7.99999999999989 -77.1005869886967
endloop
endfacet
facet normal 8.54535297741787e-016 2.25597318603832e-015 1.0
outer loop
vertex 34.4999999999999 -5.49999999999989 -77.1005869886967
vertex 27.8999999999999 -7.99999999999989 -77.1005869886967
vertex 27.8999999999999 -5.49999999999989 -77.1005869886967
endloop
endfacet
facet normal -2.13633824435447e-016 -1.0 2.35328212674284e-033
outer loop
vertex 27.8999999999999 -5.49999999999989 -77.1005869886967
vertex 30.4499999999999 -5.49999999999989 -75.0996250943734
vertex 34.4999999999999 -5.49999999999989 -77.1005869886967
endloop
endfacet
facet normal -2.13633824435447e-016 -1.0 2.35328212674284e-033
outer loop
vertex 30.4499999999999 -5.49999999999989 -75.0996250943734
vertex 27.8999999999999 -5.49999999999989 -77.1005869886967
vertex 30.1393398282201 -5.49999999999989 -74.8612471604766
endloop
endfacet
facet normal -2.13633824435447e-016 -1.0 2.35328212674284e-033
outer loop
vertex 30.1393398282201 -5.49999999999989 -74.8612471604766
vertex 27.8999999999999 -5.49999999999989 -77.1005869886967
vertex 29.9009618943233 -5.49999999999989 -74.5505869886967
endloop
endfacet
facet normal -2.13633824435447e-016 -1.0 2.35328212674284e-033
outer loop
vertex 29.9009618943233 -5.49999999999989 -74.5505869886967
vertex 27.8999999999999 -5.49999999999989 -77.1005869886967
vertex 27.8999999999999 -5.49999999999989 -70.1005869886967
endloop
endfacet
facet normal -2.13633824435447e-016 -1.0 2.35328212674284e-033
outer loop
vertex 34.4999999999999 -5.49999999999989 -77.1005869886967
vertex 30.4499999999999 -5.49999999999989 -75.0996250943734
vertex 30.8117714323462 -5.49999999999989 -75.2494757281303
endloop
endfacet
facet normal -2.13633824435447e-016 -1.0 2.35328212674284e-033
outer loop
vertex 34.4999999999999 -5.49999999999989 -77.1005869886967
vertex 30.8117714323462 -5.49999999999989 -75.2494757281303
vertex 31.1999999999999 -5.49999999999989 -75.3005869886967
endloop
endfacet
facet normal -2.13633824435447e-016 -1.0 2.35328212674284e-033
outer loop
vertex 29.9009618943233 -5.49999999999989 -74.5505869886967
vertex 27.8999999999999 -5.49999999999989 -70.1005869886967
vertex 29.7511112605663 -5.49999999999989 -74.1888155563505
endloop
endfacet
facet normal -2.13633824435447e-016 -1.0 2.35328212674284e-033
outer loop
vertex 29.7511112605663 -5.49999999999989 -74.1888155563505
vertex 27.8999999999999 -5.49999999999989 -70.1005869886967
vertex 29.6999999999999 -5.49999999999989 -73.8005869886967
endloop
endfacet
facet normal -2.13633824435447e-016 -1.0 2.35328212674284e-033
outer loop
vertex 29.6999999999999 -5.49999999999989 -73.8005869886967
vertex 27.8999999999999 -5.49999999999989 -70.1005869886967
vertex 29.7511112605663 -5.49999999999989 -73.4123584210429
endloop
endfacet
facet normal -2.13633824435447e-016 -1.0 2.35328212674284e-033
outer loop
vertex 29.7511112605663 -5.49999999999989 -73.4123584210429
vertex 27.8999999999999 -5.49999999999989 -70.1005869886967
vertex 29.9009618943233 -5.49999999999989 -73.0505869886967
endloop
endfacet
facet normal -2.13633824435447e-016 -1.0 2.35328212674284e-033
outer loop
vertex 29.9009618943233 -5.49999999999989 -73.0505869886967
vertex 27.8999999999999 -5.49999999999989 -70.1005869886967
vertex 30.1393398282201 -5.49999999999989 -72.7399268169169
endloop
endfacet
facet normal -2.13633824435447e-016 -1.0 2.35328212674284e-033
outer loop
vertex 30.1393398282201 -5.49999999999989 -72.7399268169169
vertex 27.8999999999999 -5.49999999999989 -70.1005869886967
vertex 30.4499999999999 -5.49999999999989 -72.5015488830201
endloop
endfacet
facet normal -2.13633824435447e-016 -1.0 2.35328212674284e-033
outer loop
vertex 30.4499999999999 -5.49999999999989 -72.5015488830201
vertex 27.8999999999999 -5.49999999999989 -70.1005869886967
vertex 30.8117714323462 -5.49999999999989 -72.3516982492631
endloop
endfacet
facet normal -2.13633824435447e-016 -1.0 2.35328212674284e-033
outer loop
vertex 30.8117714323462 -5.49999999999989 -72.3516982492631
vertex 27.8999999999999 -5.49999999999989 -70.1005869886967
vertex 31.1999999999999 -5.49999999999989 -72.3005869886967
endloop
endfacet
facet normal -2.13633824435447e-016 -1.0 2.35328212674284e-033
outer loop
vertex 31.1999999999999 -5.49999999999989 -72.3005869886967
vertex 27.8999999999999 -5.49999999999989 -70.1005869886967
vertex 34.4999999999999 -5.49999999999989 -70.1005869886967
endloop
endfacet
facet normal -2.13633824435447e-016 -1.0 2.35328212674284e-033
outer loop
vertex 34.4999999999999 -5.49999999999989 -77.1005869886967
vertex 32.4990381056766 -5.49999999999989 -74.5505869886967
vertex 34.4999999999999 -5.49999999999989 -70.1005869886967
endloop
endfacet
facet normal -2.13633824435447e-016 -1.0 2.35328212674284e-033
outer loop
vertex 32.4990381056766 -5.49999999999989 -74.5505869886967
vertex 34.4999999999999 -5.49999999999989 -77.1005869886967
vertex 32.2606601717798 -5.49999999999989 -74.8612471604766
endloop
endfacet
facet normal -2.13633824435447e-016 -1.0 2.35328212674284e-033
outer loop
vertex 32.2606601717798 -5.49999999999989 -74.8612471604766
vertex 34.4999999999999 -5.49999999999989 -77.1005869886967
vertex 31.9499999999999 -5.49999999999989 -75.0996250943734
endloop
endfacet
facet normal -2.13633824435447e-016 -1.0 2.35328212674284e-033
outer loop
vertex 31.9499999999999 -5.49999999999989 -75.0996250943734
vertex 34.4999999999999 -5.49999999999989 -77.1005869886967
vertex 31.5882285676537 -5.49999999999989 -75.2494757281303
endloop
endfacet
facet normal -2.13633824435447e-016 -1.0 2.35328212674284e-033
outer loop
vertex 31.5882285676537 -5.49999999999989 -75.2494757281303
vertex 34.4999999999999 -5.49999999999989 -77.1005869886967
vertex 31.1999999999999 -5.49999999999989 -75.3005869886967
endloop
endfacet
facet normal -2.13633824435447e-016 -1.0 2.35328212674284e-033
outer loop
vertex 34.4999999999999 -5.49999999999989 -70.1005869886967
vertex 32.4990381056766 -5.49999999999989 -74.5505869886967
vertex 32.6488887394335 -5.49999999999989 -74.1888155563505
endloop
endfacet
facet normal -2.13633824435447e-016 -1.0 2.35328212674284e-033
outer loop
vertex 34.4999999999999 -5.49999999999989 -70.1005869886967
vertex 32.6488887394335 -5.49999999999989 -74.1888155563505
vertex 32.6999999999999 -5.49999999999989 -73.8005869886967
endloop
endfacet
facet normal -2.13633824435447e-016 -1.0 2.35328212674284e-033
outer loop
vertex 34.4999999999999 -5.49999999999989 -70.1005869886967
vertex 32.6999999999999 -5.49999999999989 -73.8005869886967
vertex 32.6488887394335 -5.49999999999989 -73.4123584210429
endloop
endfacet
facet normal -2.13633824435447e-016 -1.0 2.35328212674284e-033
outer loop
vertex 34.4999999999999 -5.49999999999989 -70.1005869886967
vertex 32.6488887394335 -5.49999999999989 -73.4123584210429
vertex 32.4990381056766 -5.49999999999989 -73.0505869886967
endloop
endfacet
facet normal -2.13633824435447e-016 -1.0 2.35328212674284e-033
outer loop
vertex 34.4999999999999 -5.49999999999989 -70.1005869886967
vertex 32.4990381056766 -5.49999999999989 -73.0505869886967
vertex 32.2606601717798 -5.49999999999989 -72.7399268169169
endloop
endfacet
facet normal -2.13633824435447e-016 -1.0 2.35328212674284e-033
outer loop
vertex 34.4999999999999 -5.49999999999989 -70.1005869886967
vertex 32.2606601717798 -5.49999999999989 -72.7399268169169
vertex 31.9499999999999 -5.49999999999989 -72.5015488830201
endloop
endfacet
facet normal -2.13633824435447e-016 -1.0 2.35328212674284e-033
outer loop
vertex 34.4999999999999 -5.49999999999989 -70.1005869886967
vertex 31.9499999999999 -5.49999999999989 -72.5015488830201
vertex 31.5882285676537 -5.49999999999989 -72.3516982492631
endloop
endfacet
facet normal -2.13633824435447e-016 -1.0 2.35328212674284e-033
outer loop
vertex 34.4999999999999 -5.49999999999989 -70.1005869886967
vertex 31.5882285676537 -5.49999999999989 -72.3516982492631
vertex 31.1999999999999 -5.49999999999989 -72.3005869886967
endloop
endfacet
facet normal -5.99992868627213e-016 1.0 1.87997765503193e-015
outer loop
vertex 25.9 -6.99999999999989 -76.1005869886967
vertex 7.09999999999999 -6.99999999999991 -70.1005869886967
vertex 7.09999999999999 -6.99999999999989 -76.1005869886967
endloop
endfacet
facet normal -5.99992868627213e-016 1.0 1.87997765503193e-015
outer loop
vertex 7.09999999999999 -6.99999999999991 -70.1005869886967
vertex 25.9 -6.99999999999989 -76.1005869886967
vertex 25.9 -6.99999999999989 -70.1005869886967
endloop
endfacet
facet normal 1.0 -1.49402197750876e-016 2.66789638840862e-016
outer loop
vertex 27.8999999999999 -5.49999999999989 -70.1005869886967
vertex 27.8999999999999 -7.99999999999989 -77.1005869886967
vertex 27.8999999999999 -7.99999999999989 -70.1005869886967
endloop
endfacet
facet normal 1.0 -1.49402197750876e-016 2.66789638840862e-016
outer loop
vertex 27.8999999999999 -7.99999999999989 -77.1005869886967
vertex 27.8999999999999 -5.49999999999989 -70.1005869886967
vertex 27.8999999999999 -5.49999999999989 -77.1005869886967
endloop
endfacet
facet normal 0.0 0.0 1.0
outer loop
vertex 44.8466662183008 1.02950754012966 -51.6005869886967
vertex 44.8466662183008 3.35887894605235 -51.6005869886967
vertex 45.0 2.19419324309101 -51.6005869886967
endloop
endfacet
facet normal 0.0 0.0 1.0
outer loop
vertex 44.8466662183008 3.35887894605235 -51.6005869886967
vertex 44.8466662183008 1.02950754012966 -51.6005869886967
vertex 44.39711431703 -0.0558067569089985 -51.6005869886967
endloop
endfacet
facet normal 0.0 0.0 1.0
outer loop
vertex 44.8466662183008 3.35887894605235 -51.6005869886967
vertex 44.39711431703 -0.0558067569089985 -51.6005869886967
vertex 44.39711431703 4.444193243091 -51.6005869886967
endloop
endfacet
facet normal 0.0 0.0 1.0
outer loop
vertex 44.39711431703 4.444193243091 -51.6005869886967
vertex 44.39711431703 -0.0558067569089985 -51.6005869886967
vertex 43.6819805153395 -0.987787272248463 -51.6005869886967
endloop
endfacet
facet normal 0.0 0.0 1.0
outer loop
vertex 44.39711431703 4.444193243091 -51.6005869886967
vertex 43.6819805153395 -0.987787272248463 -51.6005869886967
vertex 43.6819805153395 5.37617375843047 -51.6005869886967
endloop
endfacet
facet normal 0.0 0.0 1.0
outer loop
vertex 43.6819805153395 5.37617375843047 -51.6005869886967
vertex 43.6819805153395 -0.987787272248463 -51.6005869886967
vertex 42.75 -1.70292107393897 -51.6005869886967
endloop
endfacet
facet normal 0.0 0.0 1.0
outer loop
vertex 43.6819805153395 5.37617375843047 -51.6005869886967
vertex 42.75 -1.70292107393897 -51.6005869886967
vertex 42.75 6.09130756012097 -51.6005869886967
endloop
endfacet
facet normal 0.0 0.0 1.0
outer loop
vertex 42.75 6.09130756012097 -51.6005869886967
vertex 42.75 -1.70292107393897 -51.6005869886967
vertex 41.6646857029614 -2.15247297520981 -51.6005869886967
endloop
endfacet
facet normal 0.0 0.0 1.0
outer loop
vertex 42.75 6.09130756012097 -51.6005869886967
vertex 41.6646857029614 -2.15247297520981 -51.6005869886967
vertex 41.9 2.194193243091 -51.6005869886967
endloop
endfacet
facet normal 0.0 0.0 1.0
outer loop
vertex 41.9 2.194193243091 -51.6005869886967
vertex 41.6646857029614 -2.15247297520981 -51.6005869886967
vertex 41.8522961568047 1.83184657994747 -51.6005869886967
endloop
endfacet
facet normal 0.0 0.0 1.0
outer loop
vertex 41.8522961568047 1.83184657994747 -51.6005869886967
vertex 41.6646857029614 -2.15247297520981 -51.6005869886967
vertex 41.7124355652982 1.494193243091 -51.6005869886967
endloop
endfacet
facet normal 0.0 0.0 1.0
outer loop
vertex 41.7124355652982 1.494193243091 -51.6005869886967
vertex 41.6646857029614 -2.15247297520981 -51.6005869886967
vertex 41.4899494936612 1.20424374942983 -51.6005869886967
endloop
endfacet
facet normal 0.0 0.0 1.0
outer loop
vertex 41.4899494936612 1.20424374942983 -51.6005869886967
vertex 41.6646857029614 -2.15247297520981 -51.6005869886967
vertex 40.5 -2.305806756909 -51.6005869886967
endloop
endfacet
facet normal 0.0 0.0 1.0
outer loop
vertex 41.4899494936612 1.20424374942983 -51.6005869886967
vertex 40.5 -2.305806756909 -51.6005869886967
vertex 41.2 0.981757677792784 -51.6005869886967
endloop
endfacet
facet normal 0.0 0.0 1.0
outer loop
vertex 41.2 0.981757677792784 -51.6005869886967
vertex 40.5 -2.305806756909 -51.6005869886967
vertex 40.8623466631435 0.841897086286306 -51.6005869886967
endloop
endfacet
facet normal 0.0 0.0 1.0
outer loop
vertex 40.8623466631435 0.841897086286306 -51.6005869886967
vertex 40.5 -2.305806756909 -51.6005869886967
vertex 40.5 0.794193243091 -51.6005869886967
endloop
endfacet
facet normal 0.0 0.0 1.0
outer loop
vertex 40.5 0.794193243091 -51.6005869886967
vertex 40.5 -2.305806756909 -51.6005869886967
vertex 39.3353142970387 -2.15247297520981 -51.6005869886967
endloop
endfacet
facet normal 0.0 0.0 1.0
outer loop
vertex 40.5 0.794193243091 -51.6005869886967
vertex 39.3353142970387 -2.15247297520981 -51.6005869886967
vertex 40.1376533368565 0.841897086286303 -51.6005869886967
endloop
endfacet
facet normal 0.0 0.0 1.0
outer loop
vertex 40.1376533368565 0.841897086286303 -51.6005869886967
vertex 39.3353142970387 -2.15247297520981 -51.6005869886967
vertex 39.8 0.981757677792784 -51.6005869886967
endloop
endfacet
facet normal 0.0 0.0 1.0
outer loop
vertex 39.8 0.981757677792784 -51.6005869886967
vertex 39.3353142970387 -2.15247297520981 -51.6005869886967
vertex 39.5100505063389 1.20424374942983 -51.6005869886967
endloop
endfacet
facet normal 0.0 0.0 1.0
outer loop
vertex 39.5100505063389 1.20424374942983 -51.6005869886967
vertex 39.3353142970387 -2.15247297520981 -51.6005869886967
vertex 39.2875644347018 1.494193243091 -51.6005869886967
endloop
endfacet
facet normal 0.0 0.0 1.0
outer loop
vertex 39.2875644347018 1.494193243091 -51.6005869886967
vertex 39.3353142970387 -2.15247297520981 -51.6005869886967
vertex 38.25 -1.70292107393897 -51.6005869886967
endloop
endfacet
facet normal 0.0 0.0 1.0
outer loop
vertex 39.2875644347018 1.494193243091 -51.6005869886967
vertex 38.25 -1.70292107393897 -51.6005869886967
vertex 39.1477038431953 1.83184657994747 -51.6005869886967
endloop
endfacet
facet normal 0.0 0.0 1.0
outer loop
vertex 39.1477038431953 1.83184657994747 -51.6005869886967
vertex 38.25 -1.70292107393897 -51.6005869886967
vertex 39.1 2.19419324309099 -51.6005869886967
endloop
endfacet
facet normal 0.0 0.0 1.0
outer loop
vertex 41.9 2.194193243091 -51.6005869886967
vertex 41.6646857029614 6.54085946139181 -51.6005869886967
vertex 42.75 6.09130756012097 -51.6005869886967
endloop
endfacet
facet normal 0.0 0.0 1.0
outer loop
vertex 41.6646857029614 6.54085946139181 -51.6005869886967
vertex 41.9 2.194193243091 -51.6005869886967
vertex 41.8522961568047 2.55653990623453 -51.6005869886967
endloop
endfacet
facet normal 0.0 0.0 1.0
outer loop
vertex 41.6646857029614 6.54085946139181 -51.6005869886967
vertex 41.8522961568047 2.55653990623453 -51.6005869886967
vertex 41.7124355652982 2.894193243091 -51.6005869886967
endloop
endfacet
facet normal 0.0 0.0 1.0
outer loop
vertex 41.6646857029614 6.54085946139181 -51.6005869886967
vertex 41.7124355652982 2.894193243091 -51.6005869886967
vertex 41.4899494936612 3.18414273675217 -51.6005869886967
endloop
endfacet
facet normal 0.0 0.0 1.0
outer loop
vertex 41.6646857029614 6.54085946139181 -51.6005869886967
vertex 41.4899494936612 3.18414273675217 -51.6005869886967
vertex 40.5 6.694193243091 -51.6005869886967
endloop
endfacet
facet normal 0.0 0.0 1.0
outer loop
vertex 40.5 6.694193243091 -51.6005869886967
vertex 41.4899494936612 3.18414273675217 -51.6005869886967
vertex 41.2 3.40662880838922 -51.6005869886967
endloop
endfacet
facet normal 0.0 0.0 1.0
outer loop
vertex 40.5 6.694193243091 -51.6005869886967
vertex 41.2 3.40662880838922 -51.6005869886967
vertex 40.8623466631435 3.5464893998957 -51.6005869886967
endloop
endfacet
facet normal 0.0 0.0 1.0
outer loop
vertex 40.5 6.694193243091 -51.6005869886967
vertex 40.8623466631435 3.5464893998957 -51.6005869886967
vertex 40.5 3.594193243091 -51.6005869886967
endloop
endfacet
facet normal 0.0 0.0 1.0
outer loop
vertex 40.5 6.694193243091 -51.6005869886967
vertex 40.5 3.594193243091 -51.6005869886967
vertex 40.1376533368565 3.54648939989569 -51.6005869886967
endloop
endfacet
facet normal 0.0 0.0 1.0
outer loop
vertex 40.5 6.694193243091 -51.6005869886967
vertex 40.1376533368565 3.54648939989569 -51.6005869886967
vertex 39.3353142970387 6.54085946139181 -51.6005869886967
endloop
endfacet
facet normal 0.0 0.0 1.0
outer loop
vertex 39.3353142970387 6.54085946139181 -51.6005869886967
vertex 40.1376533368565 3.54648939989569 -51.6005869886967
vertex 39.8 3.40662880838922 -51.6005869886967
endloop
endfacet
facet normal 0.0 0.0 1.0
outer loop
vertex 39.3353142970387 6.54085946139181 -51.6005869886967
vertex 39.8 3.40662880838922 -51.6005869886967
vertex 39.5100505063389 3.18414273675217 -51.6005869886967
endloop
endfacet
facet normal 0.0 0.0 1.0
outer loop
vertex 39.3353142970387 6.54085946139181 -51.6005869886967
vertex 39.5100505063389 3.18414273675217 -51.6005869886967
vertex 39.2875644347018 2.894193243091 -51.6005869886967
endloop
endfacet
facet normal 0.0 0.0 1.0
outer loop
vertex 39.3353142970387 6.54085946139181 -51.6005869886967
vertex 39.2875644347018 2.894193243091 -51.6005869886967
vertex 38.25 6.09130756012097 -51.6005869886967
endloop
endfacet
facet normal 0.0 0.0 1.0
outer loop
vertex 38.25 6.09130756012097 -51.6005869886967
vertex 39.2875644347018 2.894193243091 -51.6005869886967
vertex 39.1477038431953 2.55653990623453 -51.6005869886967
endloop
endfacet
facet normal 0.0 0.0 1.0
outer loop
vertex 38.25 6.09130756012097 -51.6005869886967
vertex 39.1477038431953 2.55653990623453 -51.6005869886967
vertex 39.1 2.19419324309099 -51.6005869886967
endloop
endfacet
facet normal 0.0 0.0 1.0
outer loop
vertex 38.25 6.09130756012097 -51.6005869886967
vertex 39.1 2.19419324309099 -51.6005869886967
vertex 38.25 -1.70292107393897 -51.6005869886967
endloop
endfacet
facet normal 0.0 0.0 1.0
outer loop
vertex 38.25 6.09130756012097 -51.6005869886967
vertex 38.25 -1.70292107393897 -51.6005869886967
vertex 37.3180194846606 -0.987787272248466 -51.6005869886967
endloop
endfacet
facet normal 0.0 0.0 1.0
outer loop
vertex 38.25 6.09130756012097 -51.6005869886967
vertex 37.3180194846606 -0.987787272248466 -51.6005869886967
vertex 37.3180194846605 5.37617375843046 -51.6005869886967
endloop
endfacet
facet normal 0.0 0.0 1.0
outer loop
vertex 37.3180194846605 5.37617375843046 -51.6005869886967
vertex 37.3180194846606 -0.987787272248466 -51.6005869886967
vertex 36.60288568297 -0.0558067569090041 -51.6005869886967
endloop
endfacet
facet normal 0.0 0.0 1.0
outer loop
vertex 37.3180194846605 5.37617375843046 -51.6005869886967
vertex 36.60288568297 -0.0558067569090041 -51.6005869886967
vertex 36.60288568297 4.44419324309099 -51.6005869886967
endloop
endfacet
facet normal 0.0 0.0 1.0
outer loop
vertex 36.60288568297 4.44419324309099 -51.6005869886967
vertex 36.60288568297 -0.0558067569090041 -51.6005869886967
vertex 36.1533337816992 1.02950754012965 -51.6005869886967
endloop
endfacet
facet normal 0.0 0.0 1.0
outer loop
vertex 36.60288568297 4.44419324309099 -51.6005869886967
vertex 36.1533337816992 1.02950754012965 -51.6005869886967
vertex 36.1533337816992 3.35887894605234 -51.6005869886967
endloop
endfacet
facet normal 0.0 0.0 1.0
outer loop
vertex 36.1533337816992 3.35887894605234 -51.6005869886967
vertex 36.1533337816992 1.02950754012965 -51.6005869886967
vertex 36.0 2.19419324309099 -51.6005869886967
endloop
endfacet
facet normal -0.258819045102521 0.965925826289068 4.1242683238186e-016
outer loop
vertex 39.3353142970387 6.54085946139181 -51.6005869886967
vertex 38.25 6.09130756012097 -76.1005869886967
vertex 39.3353142970387 6.54085946139181 -76.1005869886967
endloop
endfacet
facet normal -0.5 0.866025403784439 4.09963610393754e-016
outer loop
vertex 38.25 6.09130756012097 -76.1005869886967
vertex 39.3353142970387 6.54085946139181 -51.6005869886967
vertex 38.25 6.09130756012097 -51.6005869886967
endloop
endfacet
facet normal -0.5 0.866025403784439 4.09963610393754e-016
outer loop
vertex 38.25 6.09130756012097 -51.6005869886967
vertex 37.3180194846606 5.37617375843046 -76.1005869886967
vertex 38.25 6.09130756012097 -76.1005869886967
endloop
endfacet
facet normal -0.707106781186548 0.707106781186547 1.00971090047808e-016
outer loop
vertex 37.3180194846606 5.37617375843046 -76.1005869886967
vertex 38.25 6.09130756012097 -51.6005869886967
vertex 37.3180194846605 5.37617375843046 -51.6005869886967
endloop
endfacet
facet normal -0.866025403784439 0.499999999999999 2.5938748648377e-017
outer loop
vertex 36.60288568297 4.444193243091 -76.1005869886967
vertex 37.3180194846605 5.37617375843046 -51.6005869886967
vertex 36.60288568297 4.44419324309099 -51.6005869886967
endloop
endfacet
facet normal -0.707106781186548 0.707106781186547 1.00971090047808e-016
outer loop
vertex 37.3180194846605 5.37617375843046 -51.6005869886967
vertex 36.60288568297 4.444193243091 -76.1005869886967
vertex 37.3180194846606 5.37617375843046 -76.1005869886967
endloop
endfacet
facet normal -0.965925826289069 0.25881904510252 3.97327059172188e-016
outer loop
vertex 36.1533337816992 3.35887894605234 -76.1005869886967
vertex 36.60288568297 4.44419324309099 -51.6005869886967
vertex 36.1533337816992 3.35887894605234 -51.6005869886967
endloop
endfacet
facet normal -0.866025403784439 0.499999999999999 2.59387486483771e-017
outer loop
vertex 36.60288568297 4.44419324309099 -51.6005869886967
vertex 36.1533337816992 3.35887894605234 -76.1005869886967
vertex 36.60288568297 4.444193243091 -76.1005869886967
endloop
endfacet
facet normal -0.965925826289069 0.25881904510252 3.97327059172188e-016
outer loop
vertex 36.1533337816992 3.35887894605234 -76.1005869886967
vertex 36.0 2.19419324309099 -51.6005869886967
vertex 36.0 2.19419324309099 -76.1005869886967
endloop
endfacet
facet normal -1.0 -2.85155516660701e-016 7.10620553437817e-016
outer loop
vertex 36.0 2.19419324309099 -51.6005869886967
vertex 36.1533337816992 3.35887894605234 -76.1005869886967
vertex 36.1533337816992 3.35887894605234 -51.6005869886967
endloop
endfacet
facet normal -1.0 -7.21799901547397e-016 7.10620553437817e-016
outer loop
vertex 36.0 2.19419324309099 -76.1005869886967
vertex 36.1533337816992 1.02950754012965 -51.6005869886967
vertex 36.1533337816992 1.02950754012965 -76.1005869886967
endloop
endfacet
facet normal -0.965925826289068 -0.258819045102521 4.68639705290033e-016
outer loop
vertex 36.1533337816992 1.02950754012965 -51.6005869886967
vertex 36.0 2.19419324309099 -76.1005869886967
vertex 36.0 2.19419324309099 -51.6005869886967
endloop
endfacet
facet normal -0.965925826289068 -0.258819045102522 4.68639705290032e-016
outer loop
vertex 36.1533337816992 1.02950754012965 -76.1005869886967
vertex 36.60288568297 -0.0558067569090041 -51.6005869886967
vertex 36.60288568297 -0.0558067569090069 -76.1005869886967
endloop
endfacet
facet normal -0.866025403784438 -0.500000000000002 2.57554297590032e-016
outer loop
vertex 36.60288568297 -0.0558067569090041 -51.6005869886967
vertex 36.1533337816992 1.02950754012965 -76.1005869886967
vertex 36.1533337816992 1.02950754012965 -51.6005869886967
endloop
endfacet
facet normal -0.866025403784438 -0.500000000000002 2.57554297590032e-016
outer loop
vertex 36.60288568297 -0.0558067569090069 -76.1005869886967
vertex 37.3180194846606 -0.987787272248466 -51.6005869886967
vertex 37.3180194846606 -0.987787272248466 -76.1005869886967
endloop
endfacet
facet normal -0.707106781186547 -0.707106781186549 6.39022533763172e-017
outer loop
vertex 37.3180194846606 -0.987787272248466 -51.6005869886967
vertex 36.60288568297 -0.0558067569090069 -76.1005869886967
vertex 36.60288568297 -0.0558067569090041 -51.6005869886967
endloop
endfacet
facet normal -0.707106781186547 -0.707106781186549 6.39022533763172e-017
outer loop
vertex 37.3180194846606 -0.987787272248466 -51.6005869886967
vertex 38.25 -1.70292107393898 -76.1005869886967
vertex 37.3180194846606 -0.987787272248466 -76.1005869886967
endloop
endfacet
facet normal -0.5 -0.866025403784439 -2.47614302366218e-016
outer loop
vertex 38.25 -1.70292107393898 -76.1005869886967
vertex 37.3180194846606 -0.987787272248466 -51.6005869886967
vertex 38.25 -1.70292107393897 -51.6005869886967
endloop
endfacet
facet normal -0.5 -0.866025403784439 -2.47614302366218e-016
outer loop
vertex 38.25 -1.70292107393897 -51.6005869886967
vertex 39.3353142970387 -2.15247297520981 -76.1005869886967
vertex 38.25 -1.70292107393898 -76.1005869886967
endloop
endfacet
facet normal -0.258819045102521 -0.965925826289068 -1.89221714395451e-016
outer loop
vertex 39.3353142970387 -2.15247297520981 -76.1005869886967
vertex 38.25 -1.70292107393897 -51.6005869886967
vertex 39.3353142970387 -2.15247297520981 -51.6005869886967
endloop
endfacet
facet normal -0.258819045102521 -0.965925826289068 -1.89221714395451e-016
outer loop
vertex 39.3353142970387 -2.15247297520981 -51.6005869886967
vertex 40.5 -2.305806756909 -76.1005869886967
vertex 39.3353142970387 -2.15247297520981 -76.1005869886967
endloop
endfacet
facet normal 3.11888846347642e-016 -1.0 -4.08823964384445e-017
outer loop
vertex 40.5 -2.305806756909 -76.1005869886967
vertex 39.3353142970387 -2.15247297520981 -51.6005869886967
vertex 40.5 -2.305806756909 -51.6005869886967
endloop
endfacet
facet normal 3.11888846347642e-016 -1.0 -4.08823964384445e-017
outer loop
vertex 40.5 -2.305806756909 -51.6005869886967
vertex 41.6646857029614 -2.15247297520981 -76.1005869886967
vertex 40.5 -2.305806756909 -76.1005869886967
endloop
endfacet
facet normal 0.258819045102521 -0.965925826289068 -6.62481899443531e-017
outer loop
vertex 41.6646857029614 -2.15247297520981 -76.1005869886967
vertex 40.5 -2.305806756909 -51.6005869886967
vertex 41.6646857029614 -2.15247297520981 -51.6005869886967
endloop
endfacet
facet normal 0.258819045102521 -0.965925826289068 -6.62481899443531e-017
outer loop
vertex 41.6646857029614 -2.15247297520981 -51.6005869886967
vertex 42.75 -1.70292107393897 -76.1005869886967
vertex 41.6646857029614 -2.15247297520981 -76.1005869886967
endloop
endfacet
facet normal 0.5 -0.866025403784439 -1.98192774187706e-017
outer loop
vertex 42.75 -1.70292107393897 -76.1005869886967
vertex 41.6646857029614 -2.15247297520981 -51.6005869886967
vertex 42.75 -1.70292107393897 -51.6005869886967
endloop
endfacet
facet normal 0.5 -0.866025403784439 -1.98192774187706e-017
outer loop
vertex 42.75 -1.70292107393897 -51.6005869886967
vertex 43.6819805153395 -0.987787272248466 -76.1005869886967
vertex 42.75 -1.70292107393897 -76.1005869886967
endloop
endfacet
facet normal 0.707106781186547 -0.707106781186548 2.94716742235171e-016
outer loop
vertex 43.6819805153395 -0.987787272248466 -76.1005869886967
vertex 42.75 -1.70292107393897 -51.6005869886967
vertex 43.6819805153395 -0.987787272248463 -51.6005869886967
endloop
endfacet
facet normal 0.707106781186547 -0.707106781186548 2.94716742235171e-016
outer loop
vertex 43.6819805153395 -0.987787272248463 -51.6005869886967
vertex 44.39711431703 -0.0558067569090013 -76.1005869886967
vertex 43.6819805153395 -0.987787272248466 -76.1005869886967
endloop
endfacet
facet normal 0.866025403784438 -0.500000000000002 1.7165224638842e-016
outer loop
vertex 44.39711431703 -0.0558067569090013 -76.1005869886967
vertex 43.6819805153395 -0.987787272248463 -51.6005869886967
vertex 44.39711431703 -0.0558067569089985 -51.6005869886967
endloop
endfacet
facet normal 0.866025403784438 -0.500000000000002 1.7165224638842e-016
outer loop
vertex 44.39711431703 -0.0558067569089985 -51.6005869886967
vertex 44.8466662183008 1.02950754012965 -76.1005869886967
vertex 44.39711431703 -0.0558067569090013 -76.1005869886967
endloop
endfacet
facet normal 0.965925826289068 -0.258819045102522 -3.31751239506992e-016
outer loop
vertex 44.8466662183008 1.02950754012965 -76.1005869886967
vertex 44.39711431703 -0.0558067569089985 -51.6005869886967
vertex 44.8466662183008 1.02950754012966 -51.6005869886967
endloop
endfacet
facet normal 0.965925826289068 -0.258819045102522 -3.31751239506992e-016
outer loop
vertex 44.8466662183008 1.02950754012966 -51.6005869886967
vertex 45.0 2.194193243091 -76.1005869886967
vertex 44.8466662183008 1.02950754012965 -76.1005869886967
endloop
endfacet
facet normal 1.0 8.01999890608224e-016 -3.18929516627401e-016
outer loop
vertex 45.0 2.194193243091 -76.1005869886967
vertex 44.8466662183008 1.02950754012966 -51.6005869886967
vertex 45.0 2.19419324309101 -51.6005869886967
endloop
endfacet
facet normal 1.0 1.23864427549492e-015 -3.18929516627401e-016
outer loop
vertex 45.0 2.19419324309101 -51.6005869886967
vertex 44.8466662183008 3.35887894605234 -76.1005869886967
vertex 45.0 2.194193243091 -76.1005869886967
endloop
endfacet
facet normal 0.965925826289068 0.258819045102522 -2.94758925005952e-016
outer loop
vertex 44.8466662183008 3.35887894605234 -76.1005869886967
vertex 45.0 2.19419324309101 -51.6005869886967
vertex 44.8466662183008 3.35887894605235 -51.6005869886967
endloop
endfacet
facet normal 0.965925826289068 0.258819045102522 -2.94758925005952e-016
outer loop
vertex 44.8466662183008 3.35887894605235 -51.6005869886967
vertex 44.39711431703 4.444193243091 -76.1005869886967
vertex 44.8466662183008 3.35887894605234 -76.1005869886967
endloop
endfacet
facet normal 0.866025403784438 0.500000000000001 -2.02893201917224e-016
outer loop
vertex 44.39711431703 4.444193243091 -76.1005869886967
vertex 44.8466662183008 3.35887894605235 -51.6005869886967
vertex 44.39711431703 4.444193243091 -51.6005869886967
endloop
endfacet
facet normal 0.707106781186547 0.707106781186548 1.46345822975064e-016
outer loop
vertex 43.6819805153395 5.37617375843047 -51.6005869886967
vertex 44.39711431703 4.444193243091 -76.1005869886967
vertex 44.39711431703 4.444193243091 -51.6005869886967
endloop
endfacet
facet normal 0.866025403784438 0.500000000000001 -2.02893201917224e-016
outer loop
vertex 44.39711431703 4.444193243091 -76.1005869886967
vertex 43.6819805153395 5.37617375843047 -51.6005869886967
vertex 43.6819805153395 5.37617375843046 -76.1005869886967
endloop
endfacet
facet normal 0.707106781186547 0.707106781186548 1.46345822975064e-016
outer loop
vertex 43.6819805153395 5.37617375843047 -51.6005869886967
vertex 42.75 6.09130756012097 -76.1005869886967
vertex 43.6819805153395 5.37617375843046 -76.1005869886967
endloop
endfacet
facet normal 0.499999999999999 0.866025403784439 2.32114104310762e-016
outer loop
vertex 42.75 6.09130756012097 -76.1005869886967
vertex 43.6819805153395 5.37617375843047 -51.6005869886967
vertex 42.75 6.09130756012097 -51.6005869886967
endloop
endfacet
facet normal 0.499999999999999 0.866025403784439 2.32114104310762e-016
outer loop
vertex 42.75 6.09130756012097 -51.6005869886967
vertex 41.6646857029614 6.54085946139181 -76.1005869886967
vertex 42.75 6.09130756012097 -76.1005869886967
endloop
endfacet
facet normal 0.25881904510252 0.965925826289069 1.36705649321468e-016
outer loop
vertex 41.6646857029614 6.54085946139181 -76.1005869886967
vertex 42.75 6.09130756012097 -51.6005869886967
vertex 41.6646857029614 6.54085946139181 -51.6005869886967
endloop
endfacet
facet normal 0.25881904510252 0.965925826289069 1.36705649321468e-016
outer loop
vertex 41.6646857029614 6.54085946139181 -51.6005869886967
vertex 40.5 6.694193243091 -76.1005869886967
vertex 41.6646857029614 6.54085946139181 -76.1005869886967
endloop
endfacet
facet normal 0.0 1.0 1.61350219946056e-016
outer loop
vertex 40.5 6.694193243091 -76.1005869886967
vertex 41.6646857029614 6.54085946139181 -51.6005869886967
vertex 40.5 6.694193243091 -51.6005869886967
endloop
endfacet
facet normal 0.0 1.0 1.61350219946056e-016
outer loop
vertex 40.5 6.694193243091 -51.6005869886967
vertex 39.3353142970387 6.54085946139181 -76.1005869886967
vertex 40.5 6.694193243091 -76.1005869886967
endloop
endfacet
facet normal -0.258819045102521 0.965925826289068 4.1242683238186e-016
outer loop
vertex 39.3353142970387 6.54085946139181 -76.1005869886967
vertex 40.5 6.694193243091 -51.6005869886967
vertex 39.3353142970387 6.54085946139181 -51.6005869886967
endloop
endfacet
facet normal 0.96592582628907 -0.258819045102515 -3.49272959971468e-031
outer loop
vertex 39.1477038431953 2.55653990623453 -51.6005869886967
vertex 39.1 2.19419324309099 -57.1005869886967
vertex 39.1 2.19419324309099 -51.6005869886967
endloop
endfacet
facet normal 1.0 6.41599912486576e-016 -5.17629762306735e-031
outer loop
vertex 39.1 2.19419324309099 -57.1005869886967
vertex 39.1477038431953 2.55653990623453 -51.6005869886967
vertex 39.1477038431953 2.55653990623453 -57.1005869886967
endloop
endfacet
facet normal 0.866025403784438 -0.500000000000002 -1.57113782614993e-031
outer loop
vertex 39.2875644347018 2.894193243091 -51.6005869886967
vertex 39.1477038431953 2.55653990623453 -57.1005869886967
vertex 39.1477038431953 2.55653990623453 -51.6005869886967
endloop
endfacet
facet normal 0.96592582628907 -0.258819045102515 -3.49272959971468e-031
outer loop
vertex 39.1477038431953 2.55653990623453 -57.1005869886967
vertex 39.2875644347018 2.894193243091 -51.6005869886967
vertex 39.2875644347018 2.894193243091 -57.1005869886967
endloop
endfacet
facet normal 0.707106781186546 -0.70710678118655 4.57524393838865e-032
outer loop
vertex 39.5100505063389 3.18414273675217 -51.6005869886967
vertex 39.2875644347018 2.894193243091 -57.1005869886967
vertex 39.2875644347018 2.894193243091 -51.6005869886967
endloop
endfacet
facet normal 0.866025403784438 -0.500000000000002 -1.57113782614993e-031
outer loop
vertex 39.2875644347018 2.894193243091 -57.1005869886967
vertex 39.5100505063389 3.18414273675217 -51.6005869886967
vertex 39.5100505063389 3.18414273675217 -57.1005869886967
endloop
endfacet
facet normal 0.707106781186546 -0.70710678118655 4.57524393838865e-032
outer loop
vertex 39.5100505063389 3.18414273675217 -51.6005869886967
vertex 39.8 3.40662880838922 -57.1005869886967
vertex 39.5100505063389 3.18414273675217 -57.1005869886967
endloop
endfacet
facet normal 0.499999999999999 -0.866025403784439 2.45500708248233e-031
outer loop
vertex 39.8 3.40662880838922 -57.1005869886967
vertex 39.5100505063389 3.18414273675217 -51.6005869886967
vertex 39.8 3.40662880838922 -51.6005869886967
endloop
endfacet
facet normal 0.499999999999999 -0.866025403784439 2.45500708248233e-031
outer loop
vertex 39.8 3.40662880838922 -51.6005869886967
vertex 40.1376533368565 3.54648939989569 -57.1005869886967
vertex 39.8 3.40662880838922 -57.1005869886967
endloop
endfacet
facet normal 0.258819045102522 -0.965925826289068 4.28518509554565e-031
outer loop
vertex 40.1376533368565 3.54648939989569 -57.1005869886967
vertex 39.8 3.40662880838922 -51.6005869886967
vertex 40.1376533368565 3.54648939989569 -51.6005869886967
endloop
endfacet
facet normal 0.258819045102522 -0.965925826289068 4.28518509554565e-031
outer loop
vertex 40.1376533368565 3.54648939989569 -51.6005869886967
vertex 40.5 3.594193243091 -57.1005869886967
vertex 40.1376533368565 3.54648939989569 -57.1005869886967
endloop
endfacet
facet normal 1.89806640777279e-015 -1.0 5.82333482595076e-031
outer loop
vertex 40.5 3.594193243091 -57.1005869886967
vertex 40.1376533368565 3.54648939989569 -51.6005869886967
vertex 40.5 3.594193243091 -51.6005869886967
endloop
endfacet
facet normal 1.89806640777279e-015 -1.0 5.82333482595076e-031
outer loop
vertex 40.5 3.594193243091 -51.6005869886967
vertex 40.8623466631435 3.5464893998957 -57.1005869886967
vertex 40.5 3.594193243091 -57.1005869886967
endloop
endfacet
facet normal -0.258819045102522 -0.965925826289068 6.96463391148314e-031
outer loop
vertex 40.8623466631435 3.5464893998957 -57.1005869886967
vertex 40.5 3.594193243091 -51.6005869886967
vertex 40.8623466631435 3.5464893998957 -51.6005869886967
endloop
endfacet
facet normal -0.258819045102522 -0.965925826289068 6.96463391148314e-031
outer loop
vertex 40.8623466631435 3.5464893998957 -51.6005869886967
vertex 41.2 3.40662880838922 -57.1005869886967
vertex 40.8623466631435 3.5464893998957 -57.1005869886967
endloop
endfacet
facet normal -0.500000000000001 -0.866025403784438 7.63130470554967e-031
outer loop
vertex 41.2 3.40662880838922 -57.1005869886967
vertex 40.8623466631435 3.5464893998957 -51.6005869886967
vertex 41.2 3.40662880838922 -51.6005869886967
endloop
endfacet
facet normal -0.500000000000001 -0.866025403784438 7.63130470554967e-031
outer loop
vertex 41.2 3.40662880838922 -51.6005869886967
vertex 41.4899494936612 3.18414273675217 -57.1005869886967
vertex 41.2 3.40662880838922 -57.1005869886967
endloop
endfacet
facet normal -0.707106781186546 -0.70710678118655 7.7779146952603e-031
outer loop
vertex 41.4899494936612 3.18414273675217 -57.1005869886967
vertex 41.2 3.40662880838922 -51.6005869886967
vertex 41.4899494936612 3.18414273675217 -51.6005869886967
endloop
endfacet
facet normal -0.707106781186546 -0.70710678118655 7.7779146952603e-031
outer loop
vertex 41.4899494936612 3.18414273675217 -57.1005869886967
vertex 41.7124355652982 2.894193243091 -51.6005869886967
vertex 41.7124355652982 2.894193243091 -57.1005869886967
endloop
endfacet
facet normal -0.866025403784438 -0.500000000000001 7.39447265210071e-031
outer loop
vertex 41.7124355652982 2.894193243091 -51.6005869886967
vertex 41.4899494936612 3.18414273675217 -57.1005869886967
vertex 41.4899494936612 3.18414273675217 -51.6005869886967
endloop
endfacet
facet normal -0.866025403784438 -0.500000000000001 7.39447265210071e-031
outer loop
vertex 41.7124355652982 2.894193243091 -57.1005869886967
vertex 41.8522961568047 2.55653990623453 -51.6005869886967
vertex 41.8522961568047 2.55653990623453 -57.1005869886967
endloop
endfacet
facet normal -0.96592582628907 -0.258819045102515 6.50710951764427e-031
outer loop
vertex 41.8522961568047 2.55653990623453 -51.6005869886967
vertex 41.7124355652982 2.894193243091 -57.1005869886967
vertex 41.7124355652982 2.894193243091 -51.6005869886967
endloop
endfacet
facet normal -0.96592582628907 -0.258819045102515 6.50710951764427e-031
outer loop
vertex 41.8522961568047 2.55653990623453 -57.1005869886967
vertex 41.9 2.194193243091 -51.6005869886967
vertex 41.9 2.194193243091 -57.1005869886967
endloop
endfacet
facet normal -1.0 1.24755538539056e-016 5.17629762306734e-031
outer loop
vertex 41.9 2.194193243091 -51.6005869886967
vertex 41.8522961568047 2.55653990623453 -57.1005869886967
vertex 41.8522961568047 2.55653990623453 -51.6005869886967
endloop
endfacet
facet normal -1.0 1.24755538539056e-016 5.17629762306734e-031
outer loop
vertex 41.9 2.194193243091 -57.1005869886967
vertex 41.8522961568047 1.83184657994747 -51.6005869886967
vertex 41.8522961568047 1.83184657994747 -57.1005869886967
endloop
endfacet
facet normal -0.96592582628907 0.258819045102515 3.49272959971467e-031
outer loop
vertex 41.8522961568047 1.83184657994747 -51.6005869886967
vertex 41.9 2.194193243091 -57.1005869886967
vertex 41.9 2.194193243091 -51.6005869886967
endloop
endfacet
facet normal -0.96592582628907 0.258819045102515 3.49272959971467e-031
outer loop
vertex 41.8522961568047 1.83184657994747 -57.1005869886967
vertex 41.7124355652982 1.494193243091 -51.6005869886967
vertex 41.7124355652982 1.494193243091 -57.1005869886967
endloop
endfacet
facet normal -0.866025403784438 0.500000000000002 1.57113782614993e-031
outer loop
vertex 41.7124355652982 1.494193243091 -51.6005869886967
vertex 41.8522961568047 1.83184657994747 -57.1005869886967
vertex 41.8522961568047 1.83184657994747 -51.6005869886967
endloop
endfacet
facet normal -0.866025403784438 0.500000000000002 1.57113782614993e-031
outer loop
vertex 41.7124355652982 1.494193243091 -57.1005869886967
vertex 41.4899494936612 1.20424374942983 -51.6005869886967
vertex 41.4899494936612 1.20424374942983 -57.1005869886967
endloop
endfacet
facet normal -0.707106781186545 0.70710678118655 -4.5752439383887e-032
outer loop
vertex 41.4899494936612 1.20424374942983 -51.6005869886967
vertex 41.7124355652982 1.494193243091 -57.1005869886967
vertex 41.7124355652982 1.494193243091 -51.6005869886967
endloop
endfacet
facet normal -0.707106781186545 0.70710678118655 -4.5752439383887e-032
outer loop
vertex 41.4899494936612 1.20424374942983 -51.6005869886967
vertex 41.2 0.981757677792784 -57.1005869886967
vertex 41.4899494936612 1.20424374942983 -57.1005869886967
endloop
endfacet
facet normal -0.5 0.866025403784439 -2.45500708248233e-031
outer loop
vertex 41.2 0.981757677792784 -57.1005869886967
vertex 41.4899494936612 1.20424374942983 -51.6005869886967
vertex 41.2 0.981757677792784 -51.6005869886967
endloop
endfacet
facet normal -0.5 0.866025403784439 -2.45500708248233e-031
outer loop
vertex 41.2 0.981757677792784 -51.6005869886967
vertex 40.8623466631435 0.841897086286306 -57.1005869886967
vertex 41.2 0.981757677792784 -57.1005869886967
endloop
endfacet
facet normal -0.258819045102522 0.965925826289068 -4.28518509554566e-031
outer loop
vertex 40.8623466631435 0.841897086286306 -57.1005869886967
vertex 41.2 0.981757677792784 -51.6005869886967
vertex 40.8623466631435 0.841897086286306 -51.6005869886967
endloop
endfacet
facet normal -0.258819045102522 0.965925826289068 -4.28518509554566e-031
outer loop
vertex 40.8623466631435 0.841897086286306 -51.6005869886967
vertex 40.5 0.794193243091 -57.1005869886967
vertex 40.8623466631435 0.841897086286306 -57.1005869886967
endloop
endfacet
facet normal -9.44577648938572e-016 1.0 -5.82333482595076e-031
outer loop
vertex 40.5 0.794193243091 -57.1005869886967
vertex 40.8623466631435 0.841897086286306 -51.6005869886967
vertex 40.5 0.794193243091 -51.6005869886967
endloop
endfacet
facet normal -9.44577648938572e-016 1.0 -5.82333482595076e-031
outer loop
vertex 40.5 0.794193243091 -51.6005869886967
vertex 40.1376533368565 0.841897086286303 -57.1005869886967
vertex 40.5 0.794193243091 -57.1005869886967
endloop
endfacet
facet normal 0.258819045102522 0.965925826289068 -6.96463391148314e-031
outer loop
vertex 40.1376533368565 0.841897086286303 -57.1005869886967
vertex 40.5 0.794193243091 -51.6005869886967
vertex 40.1376533368565 0.841897086286303 -51.6005869886967
endloop
endfacet
facet normal 0.258819045102522 0.965925826289068 -6.96463391148314e-031
outer loop
vertex 40.1376533368565 0.841897086286303 -51.6005869886967
vertex 39.8 0.981757677792784 -57.1005869886967
vertex 40.1376533368565 0.841897086286303 -57.1005869886967
endloop
endfacet
facet normal 0.5 0.866025403784439 -7.63130470554967e-031
outer loop
vertex 39.8 0.981757677792784 -57.1005869886967
vertex 40.1376533368565 0.841897086286303 -51.6005869886967
vertex 39.8 0.981757677792784 -51.6005869886967
endloop
endfacet
facet normal 0.5 0.866025403784439 -7.63130470554967e-031
outer loop
vertex 39.8 0.981757677792784 -51.6005869886967
vertex 39.5100505063389 1.20424374942983 -57.1005869886967
vertex 39.8 0.981757677792784 -57.1005869886967
endloop
endfacet
facet normal 0.707106781186549 0.707106781186546 -7.77791469526029e-031
outer loop
vertex 39.5100505063389 1.20424374942983 -57.1005869886967
vertex 39.8 0.981757677792784 -51.6005869886967
vertex 39.5100505063389 1.20424374942983 -51.6005869886967
endloop
endfacet
facet normal 0.866025403784437 0.500000000000003 -7.39447265210072e-031
outer loop
vertex 39.2875644347018 1.494193243091 -51.6005869886967
vertex 39.5100505063389 1.20424374942983 -57.1005869886967
vertex 39.5100505063389 1.20424374942983 -51.6005869886967
endloop
endfacet
facet normal 0.707106781186549 0.707106781186546 -7.77791469526029e-031
outer loop
vertex 39.5100505063389 1.20424374942983 -57.1005869886967
vertex 39.2875644347018 1.494193243091 -51.6005869886967
vertex 39.2875644347018 1.494193243091 -57.1005869886967
endloop
endfacet
facet normal 0.965925826289068 0.258819045102522 -6.5071095176443e-031
outer loop
vertex 39.1477038431953 1.83184657994747 -51.6005869886967
vertex 39.2875644347018 1.494193243091 -57.1005869886967
vertex 39.2875644347018 1.494193243091 -51.6005869886967
endloop
endfacet
facet normal 0.866025403784437 0.500000000000003 -7.39447265210072e-031
outer loop
vertex 39.2875644347018 1.494193243091 -57.1005869886967
vertex 39.1477038431953 1.83184657994747 -51.6005869886967
vertex 39.1477038431953 1.83184657994747 -57.1005869886967
endloop
endfacet
facet normal 1.0 6.41599912486576e-016 -5.17629762306735e-031
outer loop
vertex 39.1 2.19419324309099 -51.6005869886967
vertex 39.1477038431953 1.83184657994747 -57.1005869886967
vertex 39.1477038431953 1.83184657994747 -51.6005869886967
endloop
endfacet
facet normal 0.965925826289068 0.258819045102522 -6.5071095176443e-031
outer loop
vertex 39.1477038431953 1.83184657994747 -57.1005869886967
vertex 39.1 2.19419324309099 -51.6005869886967
vertex 39.1 2.19419324309099 -57.1005869886967
endloop
endfacet
facet normal 0.999999967091219 -0.000256549334968542 -3.90398059051426e-020
outer loop
vertex 45.5026571650159 7.20442196312916 -76.1005869886967
vertex 45.5 -3.15290337845444 -79.1005869886967
vertex 45.5 -3.15290337845444 -76.1005869886967
endloop
endfacet
facet normal 0.999999967091219 -0.000256549334968542 -3.90398059051426e-020
outer loop
vertex 45.5 -3.15290337845444 -79.1005869886967
vertex 45.5026571650159 7.20442196312916 -76.1005869886967
vertex 45.5026571650159 7.20442196312916 -79.1005869886967
endloop
endfacet
facet normal 0.0 0.0 -1.0
outer loop
vertex 43.3977774788672 2.97065037839856 -57.1005869886967
vertex 43.3977774788672 1.41773610778344 -57.1005869886967
vertex 43.5 2.194193243091 -57.1005869886967
endloop
endfacet
facet normal 0.0 0.0 -1.0
outer loop
vertex 43.3977774788672 1.41773610778344 -57.1005869886967
vertex 43.3977774788672 2.97065037839856 -57.1005869886967
vertex 43.0980762113533 3.694193243091 -57.1005869886967
endloop
endfacet
facet normal 0.0 0.0 -1.0
outer loop
vertex 43.3977774788672 1.41773610778344 -57.1005869886967
vertex 43.0980762113533 3.694193243091 -57.1005869886967
vertex 43.0980762113533 0.694193243090997 -57.1005869886967
endloop
endfacet
facet normal 0.0 0.0 -1.0
outer loop
vertex 43.0980762113533 0.694193243090997 -57.1005869886967
vertex 43.0980762113533 3.694193243091 -57.1005869886967
vertex 42.6213203435597 4.31551358665064 -57.1005869886967
endloop
endfacet
facet normal 0.0 0.0 -1.0
outer loop
vertex 43.0980762113533 0.694193243090997 -57.1005869886967
vertex 42.6213203435597 4.31551358665064 -57.1005869886967
vertex 42.6213203435597 0.0728728995313552 -57.1005869886967
endloop
endfacet
facet normal 0.0 0.0 -1.0
outer loop
vertex 42.6213203435597 0.0728728995313552 -57.1005869886967
vertex 42.6213203435597 4.31551358665064 -57.1005869886967
vertex 42.0 4.79226945444432 -57.1005869886967
endloop
endfacet
facet normal 0.0 0.0 -1.0
outer loop
vertex 42.6213203435597 0.0728728995313552 -57.1005869886967
vertex 42.0 4.79226945444432 -57.1005869886967
vertex 42.0 -0.403882968262317 -57.1005869886967
endloop
endfacet
facet normal 0.0 0.0 -1.0
outer loop
vertex 42.0 -0.403882968262317 -57.1005869886967
vertex 42.0 4.79226945444432 -57.1005869886967
vertex 41.9 2.194193243091 -57.1005869886967
endloop
endfacet
facet normal 0.0 0.0 -1.0
outer loop
vertex 41.9 2.194193243091 -57.1005869886967
vertex 42.0 4.79226945444432 -57.1005869886967
vertex 41.8522961568047 2.55653990623453 -57.1005869886967
endloop
endfacet
facet normal 0.0 0.0 -1.0
outer loop
vertex 41.8522961568047 2.55653990623453 -57.1005869886967
vertex 42.0 4.79226945444432 -57.1005869886967
vertex 41.2764571353076 5.09197072195821 -57.1005869886967
endloop
endfacet
facet normal 0.0 0.0 -1.0
outer loop
vertex 41.8522961568047 2.55653990623453 -57.1005869886967
vertex 41.2764571353076 5.09197072195821 -57.1005869886967
vertex 41.7124355652982 2.894193243091 -57.1005869886967
endloop
endfacet
facet normal 0.0 0.0 -1.0
outer loop
vertex 41.7124355652982 2.894193243091 -57.1005869886967
vertex 41.2764571353076 5.09197072195821 -57.1005869886967
vertex 41.4899494936612 3.18414273675217 -57.1005869886967
endloop
endfacet
facet normal 0.0 0.0 -1.0
outer loop
vertex 41.4899494936612 3.18414273675217 -57.1005869886967
vertex 41.2764571353076 5.09197072195821 -57.1005869886967
vertex 41.2 3.40662880838922 -57.1005869886967
endloop
endfacet
facet normal 0.0 0.0 -1.0
outer loop
vertex 41.2 3.40662880838922 -57.1005869886967
vertex 41.2764571353076 5.09197072195821 -57.1005869886967
vertex 40.5 5.194193243091 -57.1005869886967
endloop
endfacet
facet normal 0.0 0.0 -1.0
outer loop
vertex 41.2 3.40662880838922 -57.1005869886967
vertex 40.5 5.194193243091 -57.1005869886967
vertex 40.8623466631435 3.5464893998957 -57.1005869886967
endloop
endfacet
facet normal 0.0 0.0 -1.0
outer loop
vertex 40.8623466631435 3.5464893998957 -57.1005869886967
vertex 40.5 5.194193243091 -57.1005869886967
vertex 40.5 3.594193243091 -57.1005869886967
endloop
endfacet
facet normal 0.0 0.0 -1.0
outer loop
vertex 40.5 3.594193243091 -57.1005869886967
vertex 40.5 5.194193243091 -57.1005869886967
vertex 39.7235428646925 5.09197072195821 -57.1005869886967
endloop
endfacet
facet normal 0.0 0.0 -1.0
outer loop
vertex 40.5 3.594193243091 -57.1005869886967
vertex 39.7235428646925 5.09197072195821 -57.1005869886967
vertex 40.1376533368565 3.54648939989569 -57.1005869886967
endloop
endfacet
facet normal 0.0 0.0 -1.0
outer loop
vertex 40.1376533368565 3.54648939989569 -57.1005869886967
vertex 39.7235428646925 5.09197072195821 -57.1005869886967
vertex 39.8 3.40662880838922 -57.1005869886967
endloop
endfacet
facet normal 0.0 0.0 -1.0
outer loop
vertex 39.8 3.40662880838922 -57.1005869886967
vertex 39.7235428646925 5.09197072195821 -57.1005869886967
vertex 39.5100505063389 3.18414273675217 -57.1005869886967
endloop
endfacet
facet normal 0.0 0.0 -1.0
outer loop
vertex 39.5100505063389 3.18414273675217 -57.1005869886967
vertex 39.7235428646925 5.09197072195821 -57.1005869886967
vertex 39.0 4.79226945444432 -57.1005869886967
endloop
endfacet
facet normal 0.0 0.0 -1.0
outer loop
vertex 39.5100505063389 3.18414273675217 -57.1005869886967
vertex 39.0 4.79226945444432 -57.1005869886967
vertex 39.2875644347018 2.894193243091 -57.1005869886967
endloop
endfacet
facet normal 0.0 0.0 -1.0
outer loop
vertex 39.2875644347018 2.894193243091 -57.1005869886967
vertex 39.0 4.79226945444432 -57.1005869886967
vertex 39.1477038431953 2.55653990623453 -57.1005869886967
endloop
endfacet
facet normal 0.0 0.0 -1.0
outer loop
vertex 39.1477038431953 2.55653990623453 -57.1005869886967
vertex 39.0 4.79226945444432 -57.1005869886967
vertex 39.1 2.19419324309099 -57.1005869886967
endloop
endfacet
facet normal 0.0 0.0 -1.0
outer loop
vertex 39.1 2.19419324309099 -57.1005869886967
vertex 39.0 4.79226945444432 -57.1005869886967
vertex 39.0 -0.403882968262317 -57.1005869886967
endloop
endfacet
facet normal 0.0 0.0 -1.0
outer loop
vertex 39.0 -0.403882968262317 -57.1005869886967
vertex 39.0 4.79226945444432 -57.1005869886967
vertex 38.3786796564404 0.0728728995313552 -57.1005869886967
endloop
endfacet
facet normal 0.0 0.0 -1.0
outer loop
vertex 38.3786796564404 0.0728728995313552 -57.1005869886967
vertex 39.0 4.79226945444432 -57.1005869886967
vertex 38.3786796564404 4.31551358665064 -57.1005869886967
endloop
endfacet
facet normal 0.0 0.0 -1.0
outer loop
vertex 38.3786796564404 0.0728728995313552 -57.1005869886967
vertex 38.3786796564404 4.31551358665064 -57.1005869886967
vertex 37.9019237886467 3.694193243091 -57.1005869886967
endloop
endfacet
facet normal 0.0 0.0 -1.0
outer loop
vertex 38.3786796564404 0.0728728995313552 -57.1005869886967
vertex 37.9019237886467 3.694193243091 -57.1005869886967
vertex 37.9019237886467 0.694193243090997 -57.1005869886967
endloop
endfacet
facet normal 0.0 0.0 -1.0
outer loop
vertex 37.9019237886467 0.694193243090997 -57.1005869886967
vertex 37.9019237886467 3.694193243091 -57.1005869886967
vertex 37.6022225211328 1.41773610778343 -57.1005869886967
endloop
endfacet
facet normal 0.0 0.0 -1.0
outer loop
vertex 37.6022225211328 1.41773610778343 -57.1005869886967
vertex 37.9019237886467 3.694193243091 -57.1005869886967
vertex 37.6022225211328 2.97065037839856 -57.1005869886967
endloop
endfacet
facet normal 0.0 0.0 -1.0
outer loop
vertex 37.6022225211328 1.41773610778343 -57.1005869886967
vertex 37.6022225211328 2.97065037839856 -57.1005869886967
vertex 37.5 2.19419324309099 -57.1005869886967
endloop
endfacet
facet normal 0.0 0.0 -1.0
outer loop
vertex 42.0 -0.403882968262317 -57.1005869886967
vertex 41.8522961568047 1.83184657994747 -57.1005869886967
vertex 41.2764571353076 -0.703584235776205 -57.1005869886967
endloop
endfacet
facet normal 0.0 0.0 -1.0
outer loop
vertex 41.8522961568047 1.83184657994747 -57.1005869886967
vertex 42.0 -0.403882968262317 -57.1005869886967
vertex 41.9 2.194193243091 -57.1005869886967
endloop
endfacet
facet normal 0.0 0.0 -1.0
outer loop
vertex 41.2764571353076 -0.703584235776205 -57.1005869886967
vertex 41.8522961568047 1.83184657994747 -57.1005869886967
vertex 41.7124355652982 1.494193243091 -57.1005869886967
endloop
endfacet
facet normal 0.0 0.0 -1.0
outer loop
vertex 41.2764571353076 -0.703584235776205 -57.1005869886967
vertex 41.7124355652982 1.494193243091 -57.1005869886967
vertex 41.4899494936612 1.20424374942983 -57.1005869886967
endloop
endfacet
facet normal 0.0 0.0 -1.0
outer loop
vertex 41.2764571353076 -0.703584235776205 -57.1005869886967
vertex 41.4899494936612 1.20424374942983 -57.1005869886967
vertex 41.2 0.981757677792784 -57.1005869886967
endloop
endfacet
facet normal 0.0 0.0 -1.0
outer loop
vertex 41.2764571353076 -0.703584235776205 -57.1005869886967
vertex 41.2 0.981757677792784 -57.1005869886967
vertex 40.5 -0.805806756909 -57.1005869886967
endloop
endfacet
facet normal 0.0 0.0 -1.0
outer loop
vertex 40.5 -0.805806756909 -57.1005869886967
vertex 41.2 0.981757677792784 -57.1005869886967
vertex 40.8623466631435 0.841897086286306 -57.1005869886967
endloop
endfacet
facet normal 0.0 0.0 -1.0
outer loop
vertex 40.5 -0.805806756909 -57.1005869886967
vertex 40.8623466631435 0.841897086286306 -57.1005869886967
vertex 40.5 0.794193243091 -57.1005869886967
endloop
endfacet
facet normal 0.0 0.0 -1.0
outer loop
vertex 40.5 -0.805806756909 -57.1005869886967
vertex 40.5 0.794193243091 -57.1005869886967
vertex 40.1376533368565 0.841897086286303 -57.1005869886967
endloop
endfacet
facet normal 0.0 0.0 -1.0
outer loop
vertex 40.5 -0.805806756909 -57.1005869886967
vertex 40.1376533368565 0.841897086286303 -57.1005869886967
vertex 39.7235428646925 -0.703584235776205 -57.1005869886967
endloop
endfacet
facet normal 0.0 0.0 -1.0
outer loop
vertex 39.7235428646925 -0.703584235776205 -57.1005869886967
vertex 40.1376533368565 0.841897086286303 -57.1005869886967
vertex 39.8 0.981757677792784 -57.1005869886967
endloop
endfacet
facet normal 0.0 0.0 -1.0
outer loop
vertex 39.7235428646925 -0.703584235776205 -57.1005869886967
vertex 39.8 0.981757677792784 -57.1005869886967
vertex 39.5100505063389 1.20424374942983 -57.1005869886967
endloop
endfacet
facet normal 0.0 0.0 -1.0
outer loop
vertex 39.7235428646925 -0.703584235776205 -57.1005869886967
vertex 39.5100505063389 1.20424374942983 -57.1005869886967
vertex 39.0 -0.403882968262317 -57.1005869886967
endloop
endfacet
facet normal 0.0 0.0 -1.0
outer loop
vertex 39.0 -0.403882968262317 -57.1005869886967
vertex 39.5100505063389 1.20424374942983 -57.1005869886967
vertex 39.2875644347018 1.494193243091 -57.1005869886967
endloop
endfacet
facet normal 0.0 0.0 -1.0
outer loop
vertex 39.0 -0.403882968262317 -57.1005869886967
vertex 39.2875644347018 1.494193243091 -57.1005869886967
vertex 39.1477038431953 1.83184657994747 -57.1005869886967
endloop
endfacet
facet normal 0.0 0.0 -1.0
outer loop
vertex 39.0 -0.403882968262317 -57.1005869886967
vertex 39.1477038431953 1.83184657994747 -57.1005869886967
vertex 39.1 2.19419324309099 -57.1005869886967
endloop
endfacet
facet normal -0.258819045102521 -0.965925826289068 0.0
outer loop
vertex 41.2764571353076 5.09197072195821 -57.1005869886967
vertex 42.0 4.79226945444432 -79.1005869886967
vertex 41.2764571353076 5.09197072195821 -79.1005869886967
endloop
endfacet
facet normal -0.5 -0.866025403784439 0.0
outer loop
vertex 42.0 4.79226945444432 -79.1005869886967
vertex 41.2764571353076 5.09197072195821 -57.1005869886967
vertex 42.0 4.79226945444432 -57.1005869886967
endloop
endfacet
facet normal -0.5 -0.866025403784439 0.0
outer loop
vertex 42.0 4.79226945444432 -57.1005869886967
vertex 42.6213203435597 4.31551358665064 -79.1005869886967
vertex 42.0 4.79226945444432 -79.1005869886967
endloop
endfacet
facet normal -0.707106781186546 -0.707106781186549 0.0
outer loop
vertex 42.6213203435597 4.31551358665064 -79.1005869886967
vertex 42.0 4.79226945444432 -57.1005869886967
vertex 42.6213203435597 4.31551358665064 -57.1005869886967
endloop
endfacet
facet normal -0.707106781186546 -0.707106781186549 0.0
outer loop
vertex 42.6213203435597 4.31551358665064 -79.1005869886967
vertex 43.0980762113533 3.694193243091 -57.1005869886967
vertex 43.0980762113533 3.694193243091 -79.1005869886967
endloop
endfacet
facet normal -0.866025403784439 -0.5 0.0
outer loop
vertex 43.0980762113533 3.694193243091 -57.1005869886967
vertex 42.6213203435597 4.31551358665064 -79.1005869886967
vertex 42.6213203435597 4.31551358665064 -57.1005869886967
endloop
endfacet
facet normal -0.866025403784439 -0.5 0.0
outer loop
vertex 43.0980762113533 3.694193243091 -79.1005869886967
vertex 43.3977774788672 2.97065037839856 -57.1005869886967
vertex 43.3977774788672 2.97065037839856 -79.1005869886967
endloop
endfacet
facet normal -0.965925826289069 -0.25881904510252 0.0
outer loop
vertex 43.3977774788672 2.97065037839856 -57.1005869886967
vertex 43.0980762113533 3.694193243091 -79.1005869886967
vertex 43.0980762113533 3.694193243091 -57.1005869886967
endloop
endfacet
facet normal -0.965925826289069 -0.25881904510252 0.0
outer loop
vertex 43.3977774788672 2.97065037839856 -79.1005869886967
vertex 43.5 2.194193243091 -57.1005869886967
vertex 43.5 2.194193243091 -79.1005869886967
endloop
endfacet
facet normal -1.0 0.0 0.0
outer loop
vertex 43.5 2.194193243091 -57.1005869886967
vertex 43.3977774788672 2.97065037839856 -79.1005869886967
vertex 43.3977774788672 2.97065037839856 -57.1005869886967
endloop
endfacet
facet normal -1.0 0.0 0.0
outer loop
vertex 43.5 2.194193243091 -79.1005869886967
vertex 43.3977774788672 1.41773610778344 -57.1005869886967
vertex 43.3977774788672 1.41773610778344 -79.1005869886967
endloop
endfacet
facet normal -0.965925826289069 0.25881904510252 0.0
outer loop
vertex 43.3977774788672 1.41773610778344 -57.1005869886967
vertex 43.5 2.194193243091 -79.1005869886967
vertex 43.5 2.194193243091 -57.1005869886967
endloop
endfacet
facet normal -0.965925826289069 0.25881904510252 0.0
outer loop
vertex 43.3977774788672 1.41773610778344 -79.1005869886967
vertex 43.0980762113533 0.694193243090997 -57.1005869886967
vertex 43.0980762113533 0.694193243090997 -79.1005869886967
endloop
endfacet
facet normal -0.866025403784439 0.5 0.0
outer loop
vertex 43.0980762113533 0.694193243090997 -57.1005869886967
vertex 43.3977774788672 1.41773610778344 -79.1005869886967
vertex 43.3977774788672 1.41773610778344 -57.1005869886967
endloop
endfacet
facet normal -0.866025403784439 0.5 0.0
outer loop
vertex 43.0980762113533 0.694193243090997 -79.1005869886967
vertex 42.6213203435597 0.0728728995313552 -57.1005869886967
vertex 42.6213203435597 0.0728728995313552 -79.1005869886967
endloop
endfacet
facet normal -0.707106781186546 0.707106781186549 0.0
outer loop
vertex 42.6213203435597 0.0728728995313552 -57.1005869886967
vertex 43.0980762113533 0.694193243090997 -79.1005869886967
vertex 43.0980762113533 0.694193243090997 -57.1005869886967
endloop
endfacet
facet normal -0.707106781186545 0.70710678118655 0.0
outer loop
vertex 42.6213203435597 0.0728728995313552 -79.1005869886967
vertex 42.0 -0.403882968262317 -57.1005869886967
vertex 42.0 -0.403882968262317 -79.1005869886967
endloop
endfacet
facet normal -0.499999999999999 0.866025403784439 0.0
outer loop
vertex 42.0 -0.403882968262317 -57.1005869886967
vertex 42.6213203435597 0.0728728995313552 -79.1005869886967
vertex 42.6213203435597 0.0728728995313552 -57.1005869886967
endloop
endfacet
facet normal -0.499999999999999 0.866025403784439 0.0
outer loop
vertex 42.0 -0.403882968262317 -57.1005869886967
vertex 41.2764571353076 -0.703584235776205 -79.1005869886967
vertex 42.0 -0.403882968262317 -79.1005869886967
endloop
endfacet
facet normal -0.258819045102521 0.965925826289068 0.0
outer loop
vertex 41.2764571353076 -0.703584235776205 -79.1005869886967
vertex 42.0 -0.403882968262317 -57.1005869886967
vertex 41.2764571353076 -0.703584235776205 -57.1005869886967
endloop
endfacet
facet normal -0.258819045102521 0.965925826289068 0.0
outer loop
vertex 41.2764571353076 -0.703584235776205 -57.1005869886967
vertex 40.5 -0.805806756909 -79.1005869886967
vertex 41.2764571353076 -0.703584235776205 -79.1005869886967
endloop
endfacet
facet normal 0.0 1.0 0.0
outer loop
vertex 40.5 -0.805806756909 -79.1005869886967
vertex 41.2764571353076 -0.703584235776205 -57.1005869886967
vertex 40.5 -0.805806756909 -57.1005869886967
endloop
endfacet
facet normal 0.0 1.0 0.0
outer loop
vertex 40.5 -0.805806756909 -57.1005869886967
vertex 39.7235428646925 -0.703584235776205 -79.1005869886967
vertex 40.5 -0.805806756909 -79.1005869886967
endloop
endfacet
facet normal 0.25881904510252 0.965925826289068 0.0
outer loop
vertex 39.7235428646925 -0.703584235776205 -79.1005869886967
vertex 40.5 -0.805806756909 -57.1005869886967
vertex 39.7235428646925 -0.703584235776205 -57.1005869886967
endloop
endfacet
facet normal 0.258819045102521 0.965925826289068 0.0
outer loop
vertex 39.7235428646925 -0.703584235776205 -57.1005869886967
vertex 39.0 -0.403882968262317 -79.1005869886967
vertex 39.7235428646925 -0.703584235776205 -79.1005869886967
endloop
endfacet
facet normal 0.499999999999998 0.86602540378444 0.0
outer loop
vertex 39.0 -0.403882968262317 -79.1005869886967
vertex 39.7235428646925 -0.703584235776205 -57.1005869886967
vertex 39.0 -0.403882968262317 -57.1005869886967
endloop
endfacet
facet normal 0.499999999999999 0.866025403784439 0.0
outer loop
vertex 39.0 -0.403882968262317 -57.1005869886967
vertex 38.3786796564404 0.0728728995313552 -79.1005869886967
vertex 39.0 -0.403882968262317 -79.1005869886967
endloop
endfacet
facet normal 0.707106781186547 0.707106781186548 0.0
outer loop
vertex 38.3786796564404 0.0728728995313552 -79.1005869886967
vertex 39.0 -0.403882968262317 -57.1005869886967
vertex 38.3786796564404 0.0728728995313552 -57.1005869886967
endloop
endfacet
facet normal 0.866025403784438 0.500000000000001 0.0
outer loop
vertex 37.9019237886467 0.694193243090997 -57.1005869886967
vertex 38.3786796564404 0.0728728995313552 -79.1005869886967
vertex 38.3786796564404 0.0728728995313552 -57.1005869886967
endloop
endfacet
facet normal 0.707106781186547 0.707106781186548 0.0
outer loop
vertex 38.3786796564404 0.0728728995313552 -79.1005869886967
vertex 37.9019237886467 0.694193243090997 -57.1005869886967
vertex 37.9019237886467 0.694193243090997 -79.1005869886967
endloop
endfacet
facet normal 0.965925826289068 0.258819045102524 0.0
outer loop
vertex 37.6022225211328 1.41773610778343 -57.1005869886967
vertex 37.9019237886467 0.694193243090997 -79.1005869886967
vertex 37.9019237886467 0.694193243090997 -57.1005869886967
endloop
endfacet
facet normal 0.866025403784438 0.500000000000001 0.0
outer loop
vertex 37.9019237886467 0.694193243090997 -79.1005869886967
vertex 37.6022225211328 1.41773610778343 -57.1005869886967
vertex 37.6022225211328 1.41773610778343 -79.1005869886967
endloop
endfacet
facet normal 1.0 6.50511022382224e-016 0.0
outer loop
vertex 37.5 2.19419324309099 -57.1005869886967
vertex 37.6022225211328 1.41773610778343 -79.1005869886967
vertex 37.6022225211328 1.41773610778343 -57.1005869886967
endloop
endfacet
facet normal 0.965925826289068 0.258819045102524 0.0
outer loop
vertex 37.6022225211328 1.41773610778343 -79.1005869886967
vertex 37.5 2.19419324309099 -57.1005869886967
vertex 37.5 2.19419324309099 -79.1005869886967
endloop
endfacet
facet normal 0.965925826289069 -0.258819045102519 0.0
outer loop
vertex 37.6022225211328 2.97065037839856 -57.1005869886967
vertex 37.5 2.19419324309099 -79.1005869886967
vertex 37.5 2.19419324309099 -57.1005869886967
endloop
endfacet
facet normal 1.0 6.50511022382224e-016 0.0
outer loop
vertex 37.5 2.19419324309099 -79.1005869886967
vertex 37.6022225211328 2.97065037839856 -57.1005869886967
vertex 37.6022225211328 2.97065037839856 -79.1005869886967
endloop
endfacet
facet normal 0.866025403784439 -0.5 0.0
outer loop
vertex 37.9019237886467 3.694193243091 -57.1005869886967
vertex 37.6022225211328 2.97065037839856 -79.1005869886967
vertex 37.6022225211328 2.97065037839856 -57.1005869886967
endloop
endfacet
facet normal 0.965925826289069 -0.258819045102519 0.0
outer loop
vertex 37.6022225211328 2.97065037839856 -79.1005869886967
vertex 37.9019237886467 3.694193243091 -57.1005869886967
vertex 37.9019237886467 3.694193243091 -79.1005869886967
endloop
endfacet
facet normal 0.707106781186548 -0.707106781186547 0.0
outer loop
vertex 38.3786796564404 4.31551358665064 -57.1005869886967
vertex 37.9019237886467 3.694193243091 -79.1005869886967
vertex 37.9019237886467 3.694193243091 -57.1005869886967
endloop
endfacet
facet normal 0.866025403784439 -0.5 0.0
outer loop
vertex 37.9019237886467 3.694193243091 -79.1005869886967
vertex 38.3786796564404 4.31551358665064 -57.1005869886967
vertex 38.3786796564404 4.31551358665064 -79.1005869886967
endloop
endfacet
facet normal 0.707106781186548 -0.707106781186547 0.0
outer loop
vertex 38.3786796564404 4.31551358665064 -57.1005869886967
vertex 39.0 4.79226945444432 -79.1005869886967
vertex 38.3786796564404 4.31551358665064 -79.1005869886967
endloop
endfacet
facet normal 0.500000000000001 -0.866025403784438 0.0
outer loop
vertex 39.0 4.79226945444432 -79.1005869886967
vertex 38.3786796564404 4.31551358665064 -57.1005869886967
vertex 39.0 4.79226945444432 -57.1005869886967
endloop
endfacet
facet normal 0.500000000000001 -0.866025403784438 0.0
outer loop
vertex 39.0 4.79226945444432 -57.1005869886967
vertex 39.7235428646925 5.09197072195821 -79.1005869886967
vertex 39.0 4.79226945444432 -79.1005869886967
endloop
endfacet
facet normal 0.25881904510252 -0.965925826289068 0.0
outer loop
vertex 39.7235428646925 5.09197072195821 -79.1005869886967
vertex 39.0 4.79226945444432 -57.1005869886967
vertex 39.7235428646925 5.09197072195821 -57.1005869886967
endloop
endfacet
facet normal 0.25881904510252 -0.965925826289068 0.0
outer loop
vertex 39.7235428646925 5.09197072195821 -57.1005869886967
vertex 40.5 5.194193243091 -79.1005869886967
vertex 39.7235428646925 5.09197072195821 -79.1005869886967
endloop
endfacet
facet normal 0.0 -1.0 0.0
outer loop
vertex 40.5 5.194193243091 -79.1005869886967
vertex 39.7235428646925 5.09197072195821 -57.1005869886967
vertex 40.5 5.194193243091 -57.1005869886967
endloop
endfacet
facet normal 0.0 -1.0 0.0
outer loop
vertex 40.5 5.194193243091 -57.1005869886967
vertex 41.2764571353076 5.09197072195821 -79.1005869886967
vertex 40.5 5.194193243091 -79.1005869886967
endloop
endfacet
facet normal -0.258819045102521 -0.965925826289068 0.0
outer loop
vertex 41.2764571353076 5.09197072195821 -79.1005869886967
vertex 40.5 5.194193243091 -57.1005869886967
vertex 41.2764571353076 5.09197072195821 -57.1005869886967
endloop
endfacet
facet normal -1.0 1.69197988952874e-015 1.39233090807856e-015
outer loop
vertex -10.5000000000001 7.19419324309113 -79.1005869886967
vertex -10.5000000000001 2.19419324309112 -76.1005869886967
vertex -10.5000000000001 2.19419324309112 -79.1005869886967
endloop
endfacet
facet normal -1.0 1.69197988952874e-015 1.39233090807856e-015
outer loop
vertex -10.5000000000001 2.19419324309112 -76.1005869886967
vertex -10.5000000000001 7.19419324309113 -79.1005869886967
vertex -10.5000000000001 7.19419324309113 -76.1005869886967
endloop
endfacet
facet normal -1.0 -1.12798659301916e-015 -2.40223039498039e-031
outer loop
vertex -10.5000000000001 -2.80580675690887 -79.1005869886967
vertex -10.5000000000001 2.19419324309112 -76.1005869886967
vertex -10.5000000000001 -2.80580675690888 -76.1005869886967
endloop
endfacet
facet normal -1.0 -1.12798659301916e-015 -2.40223039498039e-031
outer loop
vertex -10.5000000000001 2.19419324309112 -76.1005869886967
vertex -10.5000000000001 -2.80580675690887 -79.1005869886967
vertex -10.5000000000001 2.19419324309112 -79.1005869886967
endloop
endfacet
facet normal 1.06933318747763e-016 1.0 -3.38104207597516e-031
outer loop
vertex -5.50000000000008 0.794193243091116 -51.6005869886967
vertex -5.86234666314361 0.841897086286418 -57.1005869886967
vertex -5.50000000000008 0.794193243091116 -57.1005869886967
endloop
endfacet
facet normal 0.258819045102521 0.965925826289068 -4.14091394250974e-031
outer loop
vertex -5.86234666314361 0.841897086286418 -57.1005869886967
vertex -5.50000000000008 0.794193243091116 -51.6005869886967
vertex -5.86234666314361 0.841897086286418 -51.6005869886967
endloop
endfacet
facet normal -0.25881904510252 0.965925826289068 -2.39075777939908e-031
outer loop
vertex -5.13765333685655 0.841897086286418 -51.6005869886967
vertex -5.50000000000008 0.794193243091116 -57.1005869886967
vertex -5.13765333685655 0.841897086286418 -57.1005869886967
endloop
endfacet
facet normal 1.06933318747763e-016 1.0 -3.38104207597516e-031
outer loop
vertex -5.50000000000008 0.794193243091116 -57.1005869886967
vertex -5.13765333685655 0.841897086286418 -51.6005869886967
vertex -5.50000000000008 0.794193243091116 -51.6005869886967
endloop
endfacet
facet normal -0.500000000000001 0.866025403784438 -1.23754729107098e-031
outer loop
vertex -4.80000000000008 0.9817576777929 -51.6005869886967
vertex -5.13765333685655 0.841897086286418 -57.1005869886967
vertex -4.80000000000008 0.9817576777929 -57.1005869886967
endloop
endfacet
facet normal -0.25881904510252 0.965925826289068 -2.39075777939908e-031
outer loop
vertex -5.13765333685655 0.841897086286418 -57.1005869886967
vertex -4.80000000000008 0.9817576777929 -51.6005869886967
vertex -5.13765333685655 0.841897086286418 -51.6005869886967
endloop
endfacet
facet normal -0.707106781186548 0.707106781186547 4.53410891112854e-046
outer loop
vertex -4.51005050633891 1.20424374942995 -51.6005869886967
vertex -4.80000000000008 0.9817576777929 -57.1005869886967
vertex -4.51005050633891 1.20424374942995 -57.1005869886967
endloop
endfacet
facet normal -0.500000000000001 0.866025403784438 -1.23754729107098e-031
outer loop
vertex -4.80000000000008 0.9817576777929 -57.1005869886967
vertex -4.51005050633891 1.20424374942995 -51.6005869886967
vertex -4.80000000000008 0.9817576777929 -51.6005869886967
endloop
endfacet
facet normal -0.866025403784439 0.5 1.23754729107098e-031
outer loop
vertex -4.28756443470186 1.49419324309111 -57.1005869886967
vertex -4.51005050633891 1.20424374942995 -51.6005869886967
vertex -4.51005050633891 1.20424374942995 -57.1005869886967
endloop
endfacet
facet normal -0.707106781186548 0.707106781186547 4.53410891112854e-046
outer loop
vertex -4.51005050633891 1.20424374942995 -51.6005869886967
vertex -4.28756443470186 1.49419324309111 -57.1005869886967
vertex -4.28756443470186 1.49419324309111 -51.6005869886967
endloop
endfacet
facet normal -0.965925826289068 0.258819045102521 2.39075777939907e-031
outer loop
vertex -4.14770384319538 1.83184657994758 -57.1005869886967
vertex -4.28756443470186 1.49419324309111 -51.6005869886967
vertex -4.28756443470186 1.49419324309111 -57.1005869886967
endloop
endfacet
facet normal -0.866025403784439 0.5 1.23754729107098e-031
outer loop
vertex -4.28756443470186 1.49419324309111 -51.6005869886967
vertex -4.14770384319538 1.83184657994758 -57.1005869886967
vertex -4.14770384319538 1.83184657994758 -51.6005869886967
endloop
endfacet
facet normal -1.0 -7.03977681756105e-016 3.38104207597516e-031
outer loop
vertex -4.10000000000008 2.19419324309111 -57.1005869886967
vertex -4.14770384319538 1.83184657994758 -51.6005869886967
vertex -4.14770384319538 1.83184657994758 -57.1005869886967
endloop
endfacet
facet normal -0.965925826289068 0.258819045102521 2.39075777939907e-031
outer loop
vertex -4.14770384319538 1.83184657994758 -51.6005869886967
vertex -4.10000000000008 2.19419324309111 -57.1005869886967
vertex -4.10000000000008 2.19419324309111 -51.6005869886967
endloop
endfacet
facet normal -0.965925826289068 -0.258819045102521 4.14091394250974e-031
outer loop
vertex -4.14770384319538 2.55653990623464 -57.1005869886967
vertex -4.10000000000008 2.19419324309111 -51.6005869886967
vertex -4.10000000000008 2.19419324309111 -57.1005869886967
endloop
endfacet
facet normal -1.0 -7.03977681756105e-016 3.38104207597516e-031
outer loop
vertex -4.10000000000008 2.19419324309111 -51.6005869886967
vertex -4.14770384319538 2.55653990623464 -57.1005869886967
vertex -4.14770384319538 2.55653990623464 -51.6005869886967
endloop
endfacet
facet normal -0.866025403784438 -0.500000000000001 4.61858936704614e-031
outer loop
vertex -4.28756443470186 2.89419324309111 -57.1005869886967
vertex -4.14770384319538 2.55653990623464 -51.6005869886967
vertex -4.14770384319538 2.55653990623464 -57.1005869886967
endloop
endfacet
facet normal -0.965925826289068 -0.258819045102521 4.14091394250974e-031
outer loop
vertex -4.14770384319538 2.55653990623464 -51.6005869886967
vertex -4.28756443470186 2.89419324309111 -57.1005869886967
vertex -4.28756443470186 2.89419324309111 -51.6005869886967
endloop
endfacet
facet normal -0.707106781186547 -0.707106781186549 4.78151555879815e-031
outer loop
vertex -4.51005050633891 3.18414273675228 -57.1005869886967
vertex -4.28756443470186 2.89419324309111 -51.6005869886967
vertex -4.28756443470186 2.89419324309111 -57.1005869886967
endloop
endfacet
facet normal -0.866025403784438 -0.500000000000001 4.61858936704614e-031
outer loop
vertex -4.28756443470186 2.89419324309111 -51.6005869886967
vertex -4.51005050633891 3.18414273675228 -57.1005869886967
vertex -4.51005050633891 3.18414273675228 -51.6005869886967
endloop
endfacet
facet normal -0.5 -0.866025403784439 4.61858936704614e-031
outer loop
vertex -4.80000000000008 3.40662880838933 -51.6005869886967
vertex -4.51005050633891 3.18414273675228 -57.1005869886967
vertex -4.80000000000008 3.40662880838933 -57.1005869886967
endloop
endfacet
facet normal -0.707106781186547 -0.707106781186549 4.78151555879815e-031
outer loop
vertex -4.51005050633891 3.18414273675228 -57.1005869886967
vertex -4.80000000000008 3.40662880838933 -51.6005869886967
vertex -4.51005050633891 3.18414273675228 -51.6005869886967
endloop
endfacet
facet normal -0.258819045102521 -0.965925826289068 4.14091394250974e-031
outer loop
vertex -5.13765333685655 3.54648939989581 -51.6005869886967
vertex -4.80000000000008 3.40662880838933 -57.1005869886967
vertex -5.13765333685655 3.54648939989581 -57.1005869886967
endloop
endfacet
facet normal -0.5 -0.866025403784439 4.61858936704614e-031
outer loop
vertex -4.80000000000008 3.40662880838933 -57.1005869886967
vertex -5.13765333685655 3.54648939989581 -51.6005869886967
vertex -4.80000000000008 3.40662880838933 -51.6005869886967
endloop
endfacet
facet normal -1.4257775833035e-016 -1.0 3.38104207597516e-031
outer loop
vertex -5.50000000000008 3.59419324309111 -51.6005869886967
vertex -5.13765333685655 3.54648939989581 -57.1005869886967
vertex -5.50000000000008 3.59419324309111 -57.1005869886967
endloop
endfacet
facet normal -0.258819045102521 -0.965925826289068 4.14091394250974e-031
outer loop
vertex -5.13765333685655 3.54648939989581 -57.1005869886967
vertex -5.50000000000008 3.59419324309111 -51.6005869886967
vertex -5.13765333685655 3.54648939989581 -51.6005869886967
endloop
endfacet
facet normal 0.258819045102521 -0.965925826289068 2.39075777939908e-031
outer loop
vertex -5.86234666314361 3.54648939989581 -51.6005869886967
vertex -5.50000000000008 3.59419324309111 -57.1005869886967
vertex -5.86234666314361 3.54648939989581 -57.1005869886967
endloop
endfacet
facet normal -1.4257775833035e-016 -1.0 3.38104207597516e-031
outer loop
vertex -5.50000000000008 3.59419324309111 -57.1005869886967
vertex -5.86234666314361 3.54648939989581 -51.6005869886967
vertex -5.50000000000008 3.59419324309111 -51.6005869886967
endloop
endfacet
facet normal 0.5 -0.866025403784439 1.23754729107098e-031
outer loop
vertex -6.20000000000008 3.40662880838933 -51.6005869886967
vertex -5.86234666314361 3.54648939989581 -57.1005869886967
vertex -6.20000000000008 3.40662880838933 -57.1005869886967
endloop
endfacet
facet normal 0.258819045102521 -0.965925826289068 2.39075777939908e-031
outer loop
vertex -5.86234666314361 3.54648939989581 -57.1005869886967
vertex -6.20000000000008 3.40662880838933 -51.6005869886967
vertex -5.86234666314361 3.54648939989581 -51.6005869886967
endloop
endfacet
facet normal 0.707106781186548 -0.707106781186548 1.23018458829069e-046
outer loop
vertex -6.48994949366125 3.18414273675228 -51.6005869886967
vertex -6.20000000000008 3.40662880838933 -57.1005869886967
vertex -6.48994949366125 3.18414273675228 -57.1005869886967
endloop
endfacet
facet normal 0.5 -0.866025403784439 1.23754729107098e-031
outer loop
vertex -6.20000000000008 3.40662880838933 -57.1005869886967
vertex -6.48994949366125 3.18414273675228 -51.6005869886967
vertex -6.20000000000008 3.40662880838933 -51.6005869886967
endloop
endfacet
facet normal 0.707106781186548 -0.707106781186548 1.23018458829069e-046
outer loop
vertex -6.48994949366125 3.18414273675228 -51.6005869886967
vertex -6.7124355652983 2.89419324309111 -57.1005869886967
vertex -6.7124355652983 2.89419324309111 -51.6005869886967
endloop
endfacet
facet normal 0.866025403784439 -0.5 -1.23754729107098e-031
outer loop
vertex -6.7124355652983 2.89419324309111 -57.1005869886967
vertex -6.48994949366125 3.18414273675228 -51.6005869886967
vertex -6.48994949366125 3.18414273675228 -57.1005869886967
endloop
endfacet
facet normal 0.866025403784439 -0.5 -1.23754729107098e-031
outer loop
vertex -6.7124355652983 2.89419324309111 -51.6005869886967
vertex -6.85229615680478 2.55653990623464 -57.1005869886967
vertex -6.85229615680478 2.55653990623464 -51.6005869886967
endloop
endfacet
facet normal 0.965925826289068 -0.258819045102521 -2.39075777939907e-031
outer loop
vertex -6.85229615680478 2.55653990623464 -57.1005869886967
vertex -6.7124355652983 2.89419324309111 -51.6005869886967
vertex -6.7124355652983 2.89419324309111 -57.1005869886967
endloop
endfacet
facet normal 0.965925826289068 -0.258819045102521 -2.39075777939907e-031
outer loop
vertex -6.85229615680478 2.55653990623464 -51.6005869886967
vertex -6.90000000000008 2.19419324309111 -57.1005869886967
vertex -6.90000000000008 2.19419324309111 -51.6005869886967
endloop
endfacet
facet normal 1.0 1.78222197912938e-015 -3.38104207597516e-031
outer loop
vertex -6.90000000000008 2.19419324309111 -57.1005869886967
vertex -6.85229615680478 2.55653990623464 -51.6005869886967
vertex -6.85229615680478 2.55653990623464 -57.1005869886967
endloop
endfacet
facet normal 1.0 1.78222197912938e-015 -3.38104207597516e-031
outer loop
vertex -6.90000000000008 2.19419324309111 -51.6005869886967
vertex -6.85229615680477 1.83184657994758 -57.1005869886967
vertex -6.85229615680477 1.83184657994758 -51.6005869886967
endloop
endfacet
facet normal 0.965925826289068 0.258819045102521 -4.14091394250974e-031
outer loop
vertex -6.85229615680477 1.83184657994758 -57.1005869886967
vertex -6.90000000000008 2.19419324309111 -51.6005869886967
vertex -6.90000000000008 2.19419324309111 -57.1005869886967
endloop
endfacet
facet normal 0.965925826289068 0.258819045102521 -4.14091394250974e-031
outer loop
vertex -6.85229615680477 1.83184657994758 -51.6005869886967
vertex -6.7124355652983 1.49419324309111 -57.1005869886967
vertex -6.7124355652983 1.49419324309111 -51.6005869886967
endloop
endfacet
facet normal 0.866025403784439 0.499999999999999 -4.61858936704613e-031
outer loop
vertex -6.7124355652983 1.49419324309111 -57.1005869886967
vertex -6.85229615680477 1.83184657994758 -51.6005869886967
vertex -6.85229615680477 1.83184657994758 -57.1005869886967
endloop
endfacet
facet normal 0.866025403784439 0.499999999999999 -4.61858936704613e-031
outer loop
vertex -6.7124355652983 1.49419324309111 -51.6005869886967
vertex -6.48994949366125 1.20424374942995 -57.1005869886967
vertex -6.48994949366125 1.20424374942995 -51.6005869886967
endloop
endfacet
facet normal 0.707106781186547 0.707106781186548 -4.78151555879815e-031
outer loop
vertex -6.48994949366125 1.20424374942995 -57.1005869886967
vertex -6.7124355652983 1.49419324309111 -51.6005869886967
vertex -6.7124355652983 1.49419324309111 -57.1005869886967
endloop
endfacet
facet normal 0.5 0.866025403784439 -4.61858936704614e-031
outer loop
vertex -6.20000000000008 0.9817576777929 -51.6005869886967
vertex -6.48994949366125 1.20424374942995 -57.1005869886967
vertex -6.20000000000008 0.9817576777929 -57.1005869886967
endloop
endfacet
facet normal 0.707106781186547 0.707106781186548 -4.78151555879815e-031
outer loop
vertex -6.48994949366125 1.20424374942995 -57.1005869886967
vertex -6.20000000000008 0.9817576777929 -51.6005869886967
vertex -6.48994949366125 1.20424374942995 -51.6005869886967
endloop
endfacet
facet normal 0.258819045102521 0.965925826289068 -4.14091394250974e-031
outer loop
vertex -5.86234666314361 0.841897086286418 -51.6005869886967
vertex -6.20000000000008 0.9817576777929 -57.1005869886967
vertex -5.86234666314361 0.841897086286418 -57.1005869886967
endloop
endfacet
facet normal 0.5 0.866025403784439 -4.61858936704614e-031
outer loop
vertex -6.20000000000008 0.9817576777929 -57.1005869886967
vertex -5.86234666314361 0.841897086286418 -51.6005869886967
vertex -6.20000000000008 0.9817576777929 -51.6005869886967
endloop
endfacet
facet normal 1.50535680775269e-030 -3.92701775935485e-031 1.0
outer loop
vertex -1.15333378169927 1.02950754012977 -51.6005869886967
vertex -1.15333378169927 3.35887894605245 -51.6005869886967
vertex -1.00000000000008 2.19419324309111 -51.6005869886967
endloop
endfacet
facet normal 1.50535680775269e-030 -3.92701775935485e-031 1.0
outer loop
vertex -1.15333378169927 3.35887894605245 -51.6005869886967
vertex -1.15333378169927 1.02950754012977 -51.6005869886967
vertex -1.60288568297011 -0.0558067569088828 -51.6005869886967
endloop
endfacet
facet normal 1.50535680775269e-030 -3.92701775935485e-031 1.0
outer loop
vertex -1.15333378169927 3.35887894605245 -51.6005869886967
vertex -1.60288568297011 -0.0558067569088828 -51.6005869886967
vertex -1.60288568297011 4.44419324309111 -51.6005869886967
endloop
endfacet
facet normal 1.50535680775269e-030 -3.92701775935485e-031 1.0
outer loop
vertex -1.60288568297011 4.44419324309111 -51.6005869886967
vertex -1.60288568297011 -0.0558067569088828 -51.6005869886967
vertex -2.31801948466061 -0.987787272248348 -51.6005869886967
endloop
endfacet
facet normal 1.50535680775269e-030 -3.92701775935485e-031 1.0
outer loop
vertex -1.60288568297011 4.44419324309111 -51.6005869886967
vertex -2.31801948466061 -0.987787272248348 -51.6005869886967
vertex -2.31801948466061 5.37617375843057 -51.6005869886967
endloop
endfacet
facet normal 1.50535680775269e-030 -3.92701775935485e-031 1.0
outer loop
vertex -2.31801948466061 5.37617375843057 -51.6005869886967
vertex -2.31801948466061 -0.987787272248348 -51.6005869886967
vertex -3.25000000000007 -1.70292107393886 -51.6005869886967
endloop
endfacet
facet normal 1.50535680775269e-030 -3.92701775935485e-031 1.0
outer loop
vertex -2.31801948466061 5.37617375843057 -51.6005869886967
vertex -3.25000000000007 -1.70292107393886 -51.6005869886967
vertex -3.25000000000008 6.09130756012109 -51.6005869886967
endloop
endfacet
facet normal 1.50535680775269e-030 -3.92701775935485e-031 1.0
outer loop
vertex -3.25000000000008 6.09130756012109 -51.6005869886967
vertex -3.25000000000007 -1.70292107393886 -51.6005869886967
vertex -4.33531429703873 -2.15247297520969 -51.6005869886967
endloop
endfacet
facet normal 1.50535680775269e-030 -3.92701775935485e-031 1.0
outer loop
vertex -3.25000000000008 6.09130756012109 -51.6005869886967
vertex -4.33531429703873 -2.15247297520969 -51.6005869886967
vertex -4.10000000000008 2.19419324309111 -51.6005869886967
endloop
endfacet
facet normal 1.50535680775269e-030 -3.92701775935485e-031 1.0
outer loop
vertex -4.10000000000008 2.19419324309111 -51.6005869886967
vertex -4.33531429703873 -2.15247297520969 -51.6005869886967
vertex -4.14770384319538 1.83184657994758 -51.6005869886967
endloop
endfacet
facet normal 1.50535680775269e-030 -3.92701775935485e-031 1.0
outer loop
vertex -4.14770384319538 1.83184657994758 -51.6005869886967
vertex -4.33531429703873 -2.15247297520969 -51.6005869886967
vertex -4.28756443470186 1.49419324309111 -51.6005869886967
endloop
endfacet
facet normal 1.50535680775269e-030 -3.92701775935485e-031 1.0
outer loop
vertex -4.28756443470186 1.49419324309111 -51.6005869886967
vertex -4.33531429703873 -2.15247297520969 -51.6005869886967
vertex -4.51005050633891 1.20424374942995 -51.6005869886967
endloop
endfacet
facet normal 1.50535680775269e-030 -3.92701775935485e-031 1.0
outer loop
vertex -4.51005050633891 1.20424374942995 -51.6005869886967
vertex -4.33531429703873 -2.15247297520969 -51.6005869886967
vertex -5.50000000000007 -2.30580675690889 -51.6005869886967
endloop
endfacet
facet normal 1.50535680775269e-030 -3.92701775935485e-031 1.0
outer loop
vertex -4.51005050633891 1.20424374942995 -51.6005869886967
vertex -5.50000000000007 -2.30580675690889 -51.6005869886967
vertex -4.80000000000008 0.9817576777929 -51.6005869886967
endloop
endfacet
facet normal 1.50535680775269e-030 -3.92701775935485e-031 1.0
outer loop
vertex -4.80000000000008 0.9817576777929 -51.6005869886967
vertex -5.50000000000007 -2.30580675690889 -51.6005869886967
vertex -5.13765333685655 0.841897086286418 -51.6005869886967
endloop
endfacet
facet normal 1.50535680775269e-030 -3.92701775935485e-031 1.0
outer loop
vertex -5.13765333685655 0.841897086286418 -51.6005869886967
vertex -5.50000000000007 -2.30580675690889 -51.6005869886967
vertex -5.50000000000008 0.794193243091116 -51.6005869886967
endloop
endfacet
facet normal 1.50535680775269e-030 -3.92701775935485e-031 1.0
outer loop
vertex -5.50000000000008 0.794193243091116 -51.6005869886967
vertex -5.50000000000007 -2.30580675690889 -51.6005869886967
vertex -6.66468570296143 -2.15247297520969 -51.6005869886967
endloop
endfacet
facet normal 1.50535680775269e-030 -3.92701775935485e-031 1.0
outer loop
vertex -5.50000000000008 0.794193243091116 -51.6005869886967
vertex -6.66468570296143 -2.15247297520969 -51.6005869886967
vertex -5.86234666314361 0.841897086286418 -51.6005869886967
endloop
endfacet
facet normal 1.50535680775269e-030 -3.92701775935485e-031 1.0
outer loop
vertex -5.86234666314361 0.841897086286418 -51.6005869886967
vertex -6.66468570296143 -2.15247297520969 -51.6005869886967
vertex -6.20000000000008 0.9817576777929 -51.6005869886967
endloop
endfacet
facet normal 1.50535680775269e-030 -3.92701775935485e-031 1.0
outer loop
vertex -6.20000000000008 0.9817576777929 -51.6005869886967
vertex -6.66468570296143 -2.15247297520969 -51.6005869886967
vertex -6.48994949366125 1.20424374942995 -51.6005869886967
endloop
endfacet
facet normal 1.50535680775269e-030 -3.92701775935485e-031 1.0
outer loop
vertex -6.48994949366125 1.20424374942995 -51.6005869886967
vertex -6.66468570296143 -2.15247297520969 -51.6005869886967
vertex -6.7124355652983 1.49419324309111 -51.6005869886967
endloop
endfacet
facet normal 1.50535680775269e-030 -3.92701775935485e-031 1.0
outer loop
vertex -6.7124355652983 1.49419324309111 -51.6005869886967
vertex -6.66468570296143 -2.15247297520969 -51.6005869886967
vertex -7.75000000000008 -1.70292107393886 -51.6005869886967
endloop
endfacet
facet normal 1.50535680775269e-030 -3.92701775935485e-031 1.0
outer loop
vertex -6.7124355652983 1.49419324309111 -51.6005869886967
vertex -7.75000000000008 -1.70292107393886 -51.6005869886967
vertex -6.85229615680477 1.83184657994758 -51.6005869886967
endloop
endfacet
facet normal 1.50535680775269e-030 -3.92701775935485e-031 1.0
outer loop
vertex -6.85229615680477 1.83184657994758 -51.6005869886967
vertex -7.75000000000008 -1.70292107393886 -51.6005869886967
vertex -6.90000000000008 2.19419324309111 -51.6005869886967
endloop
endfacet
facet normal 1.50535680775269e-030 -3.92701775935485e-031 1.0
outer loop
vertex -4.10000000000008 2.19419324309111 -51.6005869886967
vertex -4.33531429703873 6.54085946139192 -51.6005869886967
vertex -3.25000000000008 6.09130756012109 -51.6005869886967
endloop
endfacet
facet normal 1.50535680775269e-030 -3.92701775935485e-031 1.0
outer loop
vertex -4.33531429703873 6.54085946139192 -51.6005869886967
vertex -4.10000000000008 2.19419324309111 -51.6005869886967
vertex -4.14770384319538 2.55653990623464 -51.6005869886967
endloop
endfacet
facet normal 1.50535680775269e-030 -3.92701775935485e-031 1.0
outer loop
vertex -4.33531429703873 6.54085946139192 -51.6005869886967
vertex -4.14770384319538 2.55653990623464 -51.6005869886967
vertex -4.28756443470186 2.89419324309111 -51.6005869886967
endloop
endfacet
facet normal 1.50535680775269e-030 -3.92701775935485e-031 1.0
outer loop
vertex -4.33531429703873 6.54085946139192 -51.6005869886967
vertex -4.28756443470186 2.89419324309111 -51.6005869886967
vertex -4.51005050633891 3.18414273675228 -51.6005869886967
endloop
endfacet
facet normal 1.50535680775269e-030 -3.92701775935485e-031 1.0
outer loop
vertex -4.33531429703873 6.54085946139192 -51.6005869886967
vertex -4.51005050633891 3.18414273675228 -51.6005869886967
vertex -5.50000000000008 6.69419324309111 -51.6005869886967
endloop
endfacet
facet normal 1.50535680775269e-030 -3.92701775935485e-031 1.0
outer loop
vertex -5.50000000000008 6.69419324309111 -51.6005869886967
vertex -4.51005050633891 3.18414273675228 -51.6005869886967
vertex -4.80000000000008 3.40662880838933 -51.6005869886967
endloop
endfacet
facet normal 1.50535680775269e-030 -3.92701775935485e-031 1.0
outer loop
vertex -5.50000000000008 6.69419324309111 -51.6005869886967
vertex -4.80000000000008 3.40662880838933 -51.6005869886967
vertex -5.13765333685655 3.54648939989581 -51.6005869886967
endloop
endfacet
facet normal 1.50535680775269e-030 -3.92701775935485e-031 1.0
outer loop
vertex -5.50000000000008 6.69419324309111 -51.6005869886967
vertex -5.13765333685655 3.54648939989581 -51.6005869886967
vertex -5.50000000000008 3.59419324309111 -51.6005869886967
endloop
endfacet
facet normal 1.50535680775269e-030 -3.92701775935485e-031 1.0
outer loop
vertex -5.50000000000008 6.69419324309111 -51.6005869886967
vertex -5.50000000000008 3.59419324309111 -51.6005869886967
vertex -5.86234666314361 3.54648939989581 -51.6005869886967
endloop
endfacet
facet normal 1.50535680775269e-030 -3.92701775935485e-031 1.0
outer loop
vertex -5.50000000000008 6.69419324309111 -51.6005869886967
vertex -5.86234666314361 3.54648939989581 -51.6005869886967
vertex -6.66468570296142 6.54085946139192 -51.6005869886967
endloop
endfacet
facet normal 1.50535680775269e-030 -3.92701775935485e-031 1.0
outer loop
vertex -6.66468570296142 6.54085946139192 -51.6005869886967
vertex -5.86234666314361 3.54648939989581 -51.6005869886967
vertex -6.20000000000008 3.40662880838933 -51.6005869886967
endloop
endfacet
facet normal 1.50535680775269e-030 -3.92701775935485e-031 1.0
outer loop
vertex -6.66468570296142 6.54085946139192 -51.6005869886967
vertex -6.20000000000008 3.40662880838933 -51.6005869886967
vertex -6.48994949366125 3.18414273675228 -51.6005869886967
endloop
endfacet
facet normal 1.50535680775269e-030 -3.92701775935485e-031 1.0
outer loop
vertex -6.66468570296142 6.54085946139192 -51.6005869886967
vertex -6.48994949366125 3.18414273675228 -51.6005869886967
vertex -6.7124355652983 2.89419324309111 -51.6005869886967
endloop
endfacet
facet normal 1.50535680775269e-030 -3.92701775935485e-031 1.0
outer loop
vertex -6.66468570296142 6.54085946139192 -51.6005869886967
vertex -6.7124355652983 2.89419324309111 -51.6005869886967
vertex -7.75000000000008 6.09130756012109 -51.6005869886967
endloop
endfacet
facet normal 1.50535680775269e-030 -3.92701775935485e-031 1.0
outer loop
vertex -7.75000000000008 6.09130756012109 -51.6005869886967
vertex -6.7124355652983 2.89419324309111 -51.6005869886967
vertex -6.85229615680478 2.55653990623464 -51.6005869886967
endloop
endfacet
facet normal 1.50535680775269e-030 -3.92701775935485e-031 1.0
outer loop
vertex -7.75000000000008 6.09130756012109 -51.6005869886967
vertex -6.85229615680478 2.55653990623464 -51.6005869886967
vertex -6.90000000000008 2.19419324309111 -51.6005869886967
endloop
endfacet
facet normal 1.50535680775269e-030 -3.92701775935485e-031 1.0
outer loop
vertex -7.75000000000008 6.09130756012109 -51.6005869886967
vertex -6.90000000000008 2.19419324309111 -51.6005869886967
vertex -7.75000000000008 -1.70292107393886 -51.6005869886967
endloop
endfacet
facet normal 1.50535680775269e-030 -3.92701775935485e-031 1.0
outer loop
vertex -7.75000000000008 6.09130756012109 -51.6005869886967
vertex -7.75000000000008 -1.70292107393886 -51.6005869886967
vertex -8.68198051533954 -0.98778727224835 -51.6005869886967
endloop
endfacet
facet normal 1.50535680775269e-030 -3.92701775935485e-031 1.0
outer loop
vertex -7.75000000000008 6.09130756012109 -51.6005869886967
vertex -8.68198051533954 -0.98778727224835 -51.6005869886967
vertex -8.68198051533954 5.37617375843058 -51.6005869886967
endloop
endfacet
facet normal 1.50535680775269e-030 -3.92701775935485e-031 1.0
outer loop
vertex -8.68198051533954 5.37617375843058 -51.6005869886967
vertex -8.68198051533954 -0.98778727224835 -51.6005869886967
vertex -9.39711431703005 -0.0558067569088857 -51.6005869886967
endloop
endfacet
facet normal 1.50535680775269e-030 -3.92701775935485e-031 1.0
outer loop
vertex -8.68198051533954 5.37617375843058 -51.6005869886967
vertex -9.39711431703005 -0.0558067569088857 -51.6005869886967
vertex -9.39711431703005 4.44419324309111 -51.6005869886967
endloop
endfacet
facet normal 1.50535680775269e-030 -3.92701775935485e-031 1.0
outer loop
vertex -9.39711431703005 4.44419324309111 -51.6005869886967
vertex -9.39711431703005 -0.0558067569088857 -51.6005869886967
vertex -9.84666621830089 1.02950754012977 -51.6005869886967
endloop
endfacet
facet normal 1.50535680775269e-030 -3.92701775935485e-031 1.0
outer loop
vertex -9.39711431703005 4.44419324309111 -51.6005869886967
vertex -9.84666621830089 1.02950754012977 -51.6005869886967
vertex -9.84666621830089 3.35887894605245 -51.6005869886967
endloop
endfacet
facet normal 1.50535680775269e-030 -3.92701775935485e-031 1.0
outer loop
vertex -9.84666621830089 3.35887894605245 -51.6005869886967
vertex -9.84666621830089 1.02950754012977 -51.6005869886967
vertex -10.0000000000001 2.19419324309111 -51.6005869886967
endloop
endfacet
facet normal 0.866025403784439 -0.499999999999999 -1.50002812524142e-030
outer loop
vertex -1.60288568297011 -0.0558067569088828 -51.6005869886967
vertex -2.31801948466061 -0.987787272248348 -76.1005869886967
vertex -2.31801948466061 -0.987787272248348 -51.6005869886967
endloop
endfacet
facet normal 0.707106781186548 -0.707106781186547 -1.34213009561524e-030
outer loop
vertex -2.31801948466061 -0.987787272248348 -76.1005869886967
vertex -1.60288568297011 -0.0558067569088828 -51.6005869886967
vertex -1.60288568297011 -0.0558067569088828 -76.1005869886967
endloop
endfacet
facet normal 0.965925826289068 -0.25881904510252 -1.55570171704608e-030
outer loop
vertex -1.15333378169927 1.02950754012977 -51.6005869886967
vertex -1.60288568297011 -0.0558067569088828 -76.1005869886967
vertex -1.60288568297011 -0.0558067569088828 -51.6005869886967
endloop
endfacet
facet normal 0.866025403784439 -0.499999999999999 -1.50002812524142e-030
outer loop
vertex -1.60288568297011 -0.0558067569088828 -76.1005869886967
vertex -1.15333378169927 1.02950754012977 -51.6005869886967
vertex -1.15333378169927 1.02950754012977 -76.1005869886967
endloop
endfacet
facet normal 1.0 2.67333296869407e-016 -1.50535680775269e-030
outer loop
vertex -1.00000000000008 2.19419324309111 -51.6005869886967
vertex -1.15333378169927 1.02950754012977 -76.1005869886967
vertex -1.15333378169927 1.02950754012977 -51.6005869886967
endloop
endfacet
facet normal 0.965925826289068 -0.25881904510252 -1.55570171704608e-030
outer loop
vertex -1.15333378169927 1.02950754012977 -76.1005869886967
vertex -1.00000000000008 2.19419324309111 -51.6005869886967
vertex -1.00000000000008 2.19419324309111 -76.1005869886967
endloop
endfacet
facet normal 0.965925826289068 0.258819045102521 -1.3524243197307e-030
outer loop
vertex -1.15333378169927 3.35887894605245 -51.6005869886967
vertex -1.00000000000008 2.19419324309111 -76.1005869886967
vertex -1.00000000000008 2.19419324309111 -51.6005869886967
endloop
endfacet
facet normal 1.0 -1.33666648434704e-016 -1.50535680775269e-030
outer loop
vertex -1.00000000000008 2.19419324309111 -76.1005869886967
vertex -1.15333378169927 3.35887894605245 -51.6005869886967
vertex -1.15333378169927 3.35887894605245 -76.1005869886967
endloop
endfacet
facet normal 0.866025403784439 0.499999999999999 -1.10732634930594e-030
outer loop
vertex -1.60288568297011 4.44419324309111 -51.6005869886967
vertex -1.15333378169927 3.35887894605245 -76.1005869886967
vertex -1.15333378169927 3.35887894605245 -51.6005869886967
endloop
endfacet
facet normal 0.965925826289069 0.258819045102521 -1.35242431973071e-030
outer loop
vertex -1.15333378169927 3.35887894605245 -76.1005869886967
vertex -1.60288568297011 4.44419324309111 -51.6005869886967
vertex -1.60288568297011 4.44419324309111 -76.1005869886967
endloop
endfacet
facet normal 0.707106781186548 0.707106781186547 -7.86765918119281e-031
outer loop
vertex -2.31801948466061 5.37617375843057 -51.6005869886967
vertex -1.60288568297011 4.44419324309111 -76.1005869886967
vertex -1.60288568297011 4.44419324309111 -51.6005869886967
endloop
endfacet
facet normal 0.866025403784439 0.499999999999999 -1.10732634930594e-030
outer loop
vertex -1.60288568297011 4.44419324309111 -76.1005869886967
vertex -2.31801948466061 5.37617375843057 -51.6005869886967
vertex -2.31801948466061 5.37617375843057 -76.1005869886967
endloop
endfacet
facet normal 0.707106781186548 0.707106781186547 -7.86765918119281e-031
outer loop
vertex -2.31801948466061 5.37617375843057 -51.6005869886967
vertex -3.25000000000008 6.09130756012109 -76.1005869886967
vertex -2.31801948466061 5.37617375843057 -76.1005869886967
endloop
endfacet
facet normal 0.5 0.866025403784439 -4.12588689804951e-031
outer loop
vertex -3.25000000000008 6.09130756012109 -76.1005869886967
vertex -2.31801948466061 5.37617375843057 -51.6005869886967
vertex -3.25000000000008 6.09130756012109 -51.6005869886967
endloop
endfacet
facet normal 0.5 0.866025403784439 -4.12588689804951e-031
outer loop
vertex -3.25000000000008 6.09130756012109 -51.6005869886967
vertex -4.33531429703873 6.54085946139192 -76.1005869886967
vertex -3.25000000000008 6.09130756012109 -76.1005869886967
endloop
endfacet
facet normal 0.258819045102521 0.965925826289068 -1.02942241154628e-032
outer loop
vertex -4.33531429703873 6.54085946139192 -76.1005869886967
vertex -3.25000000000008 6.09130756012109 -51.6005869886967
vertex -4.33531429703873 6.54085946139192 -51.6005869886967
endloop
endfacet
facet normal 0.258819045102521 0.965925826289068 -1.02942241154628e-032
outer loop
vertex -4.33531429703873 6.54085946139192 -51.6005869886967
vertex -5.50000000000008 6.69419324309111 -76.1005869886967
vertex -4.33531429703873 6.54085946139192 -76.1005869886967
endloop
endfacet
facet normal 0.0 1.0 3.92701775935485e-031
outer loop
vertex -5.50000000000008 6.69419324309111 -76.1005869886967
vertex -4.33531429703873 6.54085946139192 -51.6005869886967
vertex -5.50000000000008 6.69419324309111 -51.6005869886967
endloop
endfacet
facet normal 0.0 1.0 3.92701775935485e-031
outer loop
vertex -5.50000000000008 6.69419324309111 -51.6005869886967
vertex -6.66468570296142 6.54085946139192 -76.1005869886967
vertex -5.50000000000008 6.69419324309111 -76.1005869886967
endloop
endfacet
facet normal -0.25881904510252 0.965925826289068 7.68935798926797e-031
outer loop
vertex -6.66468570296142 6.54085946139192 -76.1005869886967
vertex -5.50000000000008 6.69419324309111 -51.6005869886967
vertex -6.66468570296142 6.54085946139192 -51.6005869886967
endloop
endfacet
facet normal -0.25881904510252 0.965925826289068 7.68935798926797e-031
outer loop
vertex -6.66468570296142 6.54085946139192 -51.6005869886967
vertex -7.75000000000008 6.09130756012109 -76.1005869886967
vertex -6.66468570296142 6.54085946139192 -76.1005869886967
endloop
endfacet
facet normal -0.5 0.866025403784439 1.09276811794774e-030
outer loop
vertex -7.75000000000008 6.09130756012109 -76.1005869886967
vertex -6.66468570296142 6.54085946139192 -51.6005869886967
vertex -7.75000000000008 6.09130756012109 -51.6005869886967
endloop
endfacet
facet normal -0.5 0.866025403784439 1.09276811794774e-030
outer loop
vertex -7.75000000000008 6.09130756012109 -51.6005869886967
vertex -8.68198051533954 5.37617375843058 -76.1005869886967
vertex -7.75000000000008 6.09130756012109 -76.1005869886967
endloop
endfacet
facet normal -0.707106781186548 0.707106781186547 1.34213009561524e-030
outer loop
vertex -8.68198051533954 5.37617375843058 -76.1005869886967
vertex -7.75000000000008 6.09130756012109 -51.6005869886967
vertex -8.68198051533954 5.37617375843058 -51.6005869886967
endloop
endfacet
facet normal -0.707106781186548 0.707106781186547 1.34213009561524e-030
outer loop
vertex -8.68198051533954 5.37617375843058 -76.1005869886967
vertex -9.39711431703005 4.44419324309111 -51.6005869886967
vertex -9.39711431703005 4.44419324309111 -76.1005869886967
endloop
endfacet
facet normal -0.866025403784439 0.5 1.50002812524142e-030
outer loop
vertex -9.39711431703005 4.44419324309111 -51.6005869886967
vertex -8.68198051533954 5.37617375843058 -76.1005869886967
vertex -8.68198051533954 5.37617375843058 -51.6005869886967
endloop
endfacet
facet normal -0.866025403784439 0.5 1.50002812524142e-030
outer loop
vertex -9.39711431703005 4.44419324309111 -76.1005869886967
vertex -9.84666621830089 3.35887894605245 -51.6005869886967
vertex -9.84666621830089 3.35887894605245 -76.1005869886967
endloop
endfacet
facet normal -0.965925826289068 0.258819045102521 1.55570171704608e-030
outer loop
vertex -9.84666621830089 3.35887894605245 -51.6005869886967
vertex -9.39711431703005 4.44419324309111 -76.1005869886967
vertex -9.39711431703005 4.44419324309111 -51.6005869886967
endloop
endfacet
facet normal -0.965925826289068 0.258819045102521 1.55570171704608e-030
outer loop
vertex -9.84666621830089 3.35887894605245 -76.1005869886967
vertex -10.0000000000001 2.19419324309111 -51.6005869886967
vertex -10.0000000000001 2.19419324309111 -76.1005869886967
endloop
endfacet
facet normal -1.0 0.0 1.50535680775269e-030
outer loop
vertex -10.0000000000001 2.19419324309111 -51.6005869886967
vertex -9.84666621830089 3.35887894605245 -76.1005869886967
vertex -9.84666621830089 3.35887894605245 -51.6005869886967
endloop
endfacet
facet normal -1.0 -4.09911055199756e-016 1.50535680775269e-030
outer loop
vertex -10.0000000000001 2.19419324309111 -76.1005869886967
vertex -9.84666621830089 1.02950754012977 -51.6005869886967
vertex -9.84666621830089 1.02950754012977 -76.1005869886967
endloop
endfacet
facet normal -0.965925826289068 -0.258819045102521 1.3524243197307e-030
outer loop
vertex -9.84666621830089 1.02950754012977 -51.6005869886967
vertex -10.0000000000001 2.19419324309111 -76.1005869886967
vertex -10.0000000000001 2.19419324309111 -51.6005869886967
endloop
endfacet
facet normal -0.965925826289068 -0.258819045102522 1.3524243197307e-030
outer loop
vertex -9.84666621830089 1.02950754012977 -76.1005869886967
vertex -9.39711431703005 -0.0558067569088857 -51.6005869886967
vertex -9.39711431703005 -0.0558067569088857 -76.1005869886967
endloop
endfacet
facet normal -0.866025403784439 -0.5 1.10732634930593e-030
outer loop
vertex -9.39711431703005 -0.0558067569088857 -51.6005869886967
vertex -9.84666621830089 1.02950754012977 -76.1005869886967
vertex -9.84666621830089 1.02950754012977 -51.6005869886967
endloop
endfacet
facet normal -0.866025403784439 -0.5 1.10732634930593e-030
outer loop
vertex -9.39711431703005 -0.0558067569088857 -76.1005869886967
vertex -8.68198051533954 -0.98778727224835 -51.6005869886967
vertex -8.68198051533954 -0.98778727224835 -76.1005869886967
endloop
endfacet
facet normal -0.707106781186548 -0.707106781186547 7.8676591811928e-031
outer loop
vertex -8.68198051533954 -0.98778727224835 -51.6005869886967
vertex -9.39711431703005 -0.0558067569088857 -76.1005869886967
vertex -9.39711431703005 -0.0558067569088857 -51.6005869886967
endloop
endfacet
facet normal -0.707106781186548 -0.707106781186547 7.8676591811928e-031
outer loop
vertex -8.68198051533954 -0.98778727224835 -51.6005869886967
vertex -7.75000000000008 -1.70292107393886 -76.1005869886967
vertex -8.68198051533954 -0.98778727224835 -76.1005869886967
endloop
endfacet
facet normal -0.5 -0.866025403784439 4.12588689804951e-031
outer loop
vertex -7.75000000000008 -1.70292107393886 -76.1005869886967
vertex -8.68198051533954 -0.98778727224835 -51.6005869886967
vertex -7.75000000000008 -1.70292107393886 -51.6005869886967
endloop
endfacet
facet normal -0.5 -0.866025403784439 4.12588689804951e-031
outer loop
vertex -7.75000000000008 -1.70292107393886 -51.6005869886967
vertex -6.66468570296143 -2.15247297520969 -76.1005869886967
vertex -7.75000000000008 -1.70292107393886 -76.1005869886967
endloop
endfacet
facet normal -0.25881904510252 -0.965925826289069 1.02942241154619e-032
outer loop
vertex -6.66468570296143 -2.15247297520969 -76.1005869886967
vertex -7.75000000000008 -1.70292107393886 -51.6005869886967
vertex -6.66468570296143 -2.15247297520969 -51.6005869886967
endloop
endfacet
facet normal -0.25881904510252 -0.965925826289069 1.02942241154619e-032
outer loop
vertex -6.66468570296143 -2.15247297520969 -51.6005869886967
vertex -5.50000000000007 -2.30580675690889 -76.1005869886967
vertex -6.66468570296143 -2.15247297520969 -76.1005869886967
endloop
endfacet
facet normal 1.22082205570363e-015 -1.0 -3.92701775935486e-031
outer loop
vertex -5.50000000000007 -2.30580675690889 -76.1005869886967
vertex -6.66468570296143 -2.15247297520969 -51.6005869886967
vertex -5.50000000000007 -2.30580675690889 -51.6005869886967
endloop
endfacet
facet normal 1.22082205570363e-015 -1.0 -3.92701775935486e-031
outer loop
vertex -5.50000000000007 -2.30580675690889 -51.6005869886967
vertex -4.33531429703873 -2.15247297520969 -76.1005869886967
vertex -5.50000000000007 -2.30580675690889 -76.1005869886967
endloop
endfacet
facet normal 0.258819045102523 -0.965925826289068 -7.689357989268e-031
outer loop
vertex -4.33531429703873 -2.15247297520969 -76.1005869886967
vertex -5.50000000000007 -2.30580675690889 -51.6005869886967
vertex -4.33531429703873 -2.15247297520969 -51.6005869886967
endloop
endfacet
facet normal 0.258819045102523 -0.965925826289068 -7.689357989268e-031
outer loop
vertex -4.33531429703873 -2.15247297520969 -51.6005869886967
vertex -3.25000000000007 -1.70292107393886 -76.1005869886967
vertex -4.33531429703873 -2.15247297520969 -76.1005869886967
endloop
endfacet
facet normal 0.500000000000001 -0.866025403784438 -1.09276811794774e-030
outer loop
vertex -3.25000000000007 -1.70292107393886 -76.1005869886967
vertex -4.33531429703873 -2.15247297520969 -51.6005869886967
vertex -3.25000000000007 -1.70292107393886 -51.6005869886967
endloop
endfacet
facet normal 0.500000000000001 -0.866025403784438 -1.09276811794774e-030
outer loop
vertex -3.25000000000007 -1.70292107393886 -51.6005869886967
vertex -2.31801948466061 -0.987787272248348 -76.1005869886967
vertex -3.25000000000007 -1.70292107393886 -76.1005869886967
endloop
endfacet
facet normal 0.707106781186548 -0.707106781186547 -1.34213009561524e-030
outer loop
vertex -2.31801948466061 -0.987787272248348 -76.1005869886967
vertex -3.25000000000007 -1.70292107393886 -51.6005869886967
vertex -2.31801948466061 -0.987787272248348 -51.6005869886967
endloop
endfacet
facet normal 0.0 0.0 -1.0
outer loop
vertex -2.60222252113288 2.97065037839868 -57.1005869886967
vertex -2.60222252113288 1.41773610778355 -57.1005869886967
vertex -2.50000000000008 2.19419324309111 -57.1005869886967
endloop
endfacet
facet normal 0.0 0.0 -1.0
outer loop
vertex -2.60222252113288 1.41773610778355 -57.1005869886967
vertex -2.60222252113288 2.97065037839868 -57.1005869886967
vertex -2.90192378864676 3.69419324309111 -57.1005869886967
endloop
endfacet
facet normal 0.0 0.0 -1.0
outer loop
vertex -2.60222252113288 1.41773610778355 -57.1005869886967
vertex -2.90192378864676 3.69419324309111 -57.1005869886967
vertex -2.90192378864676 0.694193243091116 -57.1005869886967
endloop
endfacet
facet normal 0.0 0.0 -1.0
outer loop
vertex -2.90192378864676 0.694193243091116 -57.1005869886967
vertex -2.90192378864676 3.69419324309111 -57.1005869886967
vertex -3.37867965644044 4.31551358665076 -57.1005869886967
endloop
endfacet
facet normal 0.0 0.0 -1.0
outer loop
vertex -2.90192378864676 0.694193243091116 -57.1005869886967
vertex -3.37867965644044 4.31551358665076 -57.1005869886967
vertex -3.37867965644043 0.0728728995314736 -57.1005869886967
endloop
endfacet
facet normal 0.0 0.0 -1.0
outer loop
vertex -3.37867965644043 0.0728728995314736 -57.1005869886967
vertex -3.37867965644044 4.31551358665076 -57.1005869886967
vertex -4.00000000000008 -0.403882968262202 -57.1005869886967
endloop
endfacet
facet normal 0.0 0.0 -1.0
outer loop
vertex -4.00000000000008 -0.403882968262202 -57.1005869886967
vertex -3.37867965644044 4.31551358665076 -57.1005869886967
vertex -4.00000000000008 4.79226945444443 -57.1005869886967
endloop
endfacet
facet normal 0.0 0.0 -1.0
outer loop
vertex -4.00000000000008 -0.403882968262202 -57.1005869886967
vertex -4.00000000000008 4.79226945444443 -57.1005869886967
vertex -4.10000000000008 2.19419324309111 -57.1005869886967
endloop
endfacet
facet normal 0.0 0.0 -1.0
outer loop
vertex -4.10000000000008 2.19419324309111 -57.1005869886967
vertex -4.00000000000008 4.79226945444443 -57.1005869886967
vertex -4.14770384319538 2.55653990623464 -57.1005869886967
endloop
endfacet
facet normal 0.0 0.0 -1.0
outer loop
vertex -4.14770384319538 2.55653990623464 -57.1005869886967
vertex -4.00000000000008 4.79226945444443 -57.1005869886967
vertex -4.72354286469252 5.09197072195832 -57.1005869886967
endloop
endfacet
facet normal 0.0 0.0 -1.0
outer loop
vertex -4.14770384319538 2.55653990623464 -57.1005869886967
vertex -4.72354286469252 5.09197072195832 -57.1005869886967
vertex -4.28756443470186 2.89419324309111 -57.1005869886967
endloop
endfacet
facet normal 0.0 0.0 -1.0
outer loop
vertex -4.28756443470186 2.89419324309111 -57.1005869886967
vertex -4.72354286469252 5.09197072195832 -57.1005869886967
vertex -4.51005050633891 3.18414273675228 -57.1005869886967
endloop
endfacet
facet normal 0.0 0.0 -1.0
outer loop
vertex -4.51005050633891 3.18414273675228 -57.1005869886967
vertex -4.72354286469252 5.09197072195832 -57.1005869886967
vertex -4.80000000000008 3.40662880838933 -57.1005869886967
endloop
endfacet
facet normal 0.0 0.0 -1.0
outer loop
vertex -4.80000000000008 3.40662880838933 -57.1005869886967
vertex -4.72354286469252 5.09197072195832 -57.1005869886967
vertex -5.50000000000008 5.19419324309111 -57.1005869886967
endloop
endfacet
facet normal 0.0 0.0 -1.0
outer loop
vertex -4.80000000000008 3.40662880838933 -57.1005869886967
vertex -5.50000000000008 5.19419324309111 -57.1005869886967
vertex -5.13765333685655 3.54648939989581 -57.1005869886967
endloop
endfacet
facet normal 0.0 0.0 -1.0
outer loop
vertex -5.13765333685655 3.54648939989581 -57.1005869886967
vertex -5.50000000000008 5.19419324309111 -57.1005869886967
vertex -5.50000000000008 3.59419324309111 -57.1005869886967
endloop
endfacet
facet normal 0.0 0.0 -1.0
outer loop
vertex -5.50000000000008 3.59419324309111 -57.1005869886967
vertex -5.50000000000008 5.19419324309111 -57.1005869886967
vertex -6.27645713530764 5.09197072195832 -57.1005869886967
endloop
endfacet
facet normal 0.0 0.0 -1.0
outer loop
vertex -5.50000000000008 3.59419324309111 -57.1005869886967
vertex -6.27645713530764 5.09197072195832 -57.1005869886967
vertex -5.86234666314361 3.54648939989581 -57.1005869886967
endloop
endfacet
facet normal 0.0 0.0 -1.0
outer loop
vertex -5.86234666314361 3.54648939989581 -57.1005869886967
vertex -6.27645713530764 5.09197072195832 -57.1005869886967
vertex -6.20000000000008 3.40662880838933 -57.1005869886967
endloop
endfacet
facet normal 0.0 0.0 -1.0
outer loop
vertex -6.20000000000008 3.40662880838933 -57.1005869886967
vertex -6.27645713530764 5.09197072195832 -57.1005869886967
vertex -6.48994949366125 3.18414273675228 -57.1005869886967
endloop
endfacet
facet normal 0.0 0.0 -1.0
outer loop
vertex -6.48994949366125 3.18414273675228 -57.1005869886967
vertex -6.27645713530764 5.09197072195832 -57.1005869886967
vertex -7.00000000000008 4.79226945444443 -57.1005869886967
endloop
endfacet
facet normal 0.0 0.0 -1.0
outer loop
vertex -6.48994949366125 3.18414273675228 -57.1005869886967
vertex -7.00000000000008 4.79226945444443 -57.1005869886967
vertex -6.7124355652983 2.89419324309111 -57.1005869886967
endloop
endfacet
facet normal 0.0 0.0 -1.0
outer loop
vertex -6.7124355652983 2.89419324309111 -57.1005869886967
vertex -7.00000000000008 4.79226945444443 -57.1005869886967
vertex -6.85229615680478 2.55653990623464 -57.1005869886967
endloop
endfacet
facet normal 0.0 0.0 -1.0
outer loop
vertex -6.85229615680478 2.55653990623464 -57.1005869886967
vertex -7.00000000000008 4.79226945444443 -57.1005869886967
vertex -6.90000000000008 2.19419324309111 -57.1005869886967
endloop
endfacet
facet normal 0.0 0.0 -1.0
outer loop
vertex -4.00000000000008 -0.403882968262202 -57.1005869886967
vertex -4.14770384319538 1.83184657994758 -57.1005869886967
vertex -4.72354286469251 -0.703584235776092 -57.1005869886967
endloop
endfacet
facet normal 0.0 0.0 -1.0
outer loop
vertex -4.14770384319538 1.83184657994758 -57.1005869886967
vertex -4.00000000000008 -0.403882968262202 -57.1005869886967
vertex -4.10000000000008 2.19419324309111 -57.1005869886967
endloop
endfacet
facet normal 0.0 0.0 -1.0
outer loop
vertex -4.72354286469251 -0.703584235776092 -57.1005869886967
vertex -4.14770384319538 1.83184657994758 -57.1005869886967
vertex -4.28756443470186 1.49419324309111 -57.1005869886967
endloop
endfacet
facet normal 0.0 0.0 -1.0
outer loop
vertex -4.72354286469251 -0.703584235776092 -57.1005869886967
vertex -4.28756443470186 1.49419324309111 -57.1005869886967
vertex -4.51005050633891 1.20424374942995 -57.1005869886967
endloop
endfacet
facet normal 0.0 0.0 -1.0
outer loop
vertex -4.72354286469251 -0.703584235776092 -57.1005869886967
vertex -4.51005050633891 1.20424374942995 -57.1005869886967
vertex -4.80000000000008 0.9817576777929 -57.1005869886967
endloop
endfacet
facet normal 0.0 0.0 -1.0
outer loop
vertex -4.72354286469251 -0.703584235776092 -57.1005869886967
vertex -4.80000000000008 0.9817576777929 -57.1005869886967
vertex -5.50000000000007 -0.805806756908887 -57.1005869886967
endloop
endfacet
facet normal 0.0 0.0 -1.0
outer loop
vertex -5.50000000000007 -0.805806756908887 -57.1005869886967
vertex -4.80000000000008 0.9817576777929 -57.1005869886967
vertex -5.13765333685655 0.841897086286418 -57.1005869886967
endloop
endfacet
facet normal 0.0 0.0 -1.0
outer loop
vertex -5.50000000000007 -0.805806756908887 -57.1005869886967
vertex -5.13765333685655 0.841897086286418 -57.1005869886967
vertex -5.50000000000008 0.794193243091116 -57.1005869886967
endloop
endfacet
facet normal 0.0 0.0 -1.0
outer loop
vertex -5.50000000000007 -0.805806756908887 -57.1005869886967
vertex -5.50000000000008 0.794193243091116 -57.1005869886967
vertex -6.27645713530764 -0.703584235776092 -57.1005869886967
endloop
endfacet
facet normal 0.0 0.0 -1.0
outer loop
vertex -6.27645713530764 -0.703584235776092 -57.1005869886967
vertex -5.50000000000008 0.794193243091116 -57.1005869886967
vertex -5.86234666314361 0.841897086286418 -57.1005869886967
endloop
endfacet
facet normal 0.0 0.0 -1.0
outer loop
vertex -6.27645713530764 -0.703584235776092 -57.1005869886967
vertex -5.86234666314361 0.841897086286418 -57.1005869886967
vertex -6.20000000000008 0.9817576777929 -57.1005869886967
endloop
endfacet
facet normal 0.0 0.0 -1.0
outer loop
vertex -6.27645713530764 -0.703584235776092 -57.1005869886967
vertex -6.20000000000008 0.9817576777929 -57.1005869886967
vertex -6.48994949366125 1.20424374942995 -57.1005869886967
endloop
endfacet
facet normal 0.0 0.0 -1.0
outer loop
vertex -6.27645713530764 -0.703584235776092 -57.1005869886967
vertex -6.48994949366125 1.20424374942995 -57.1005869886967
vertex -7.00000000000008 -0.403882968262204 -57.1005869886967
endloop
endfacet
facet normal 0.0 0.0 -1.0
outer loop
vertex -7.00000000000008 -0.403882968262204 -57.1005869886967
vertex -6.48994949366125 1.20424374942995 -57.1005869886967
vertex -6.7124355652983 1.49419324309111 -57.1005869886967
endloop
endfacet
facet normal 0.0 0.0 -1.0
outer loop
vertex -7.00000000000008 -0.403882968262204 -57.1005869886967
vertex -6.7124355652983 1.49419324309111 -57.1005869886967
vertex -6.85229615680477 1.83184657994758 -57.1005869886967
endloop
endfacet
facet normal 0.0 0.0 -1.0
outer loop
vertex -7.00000000000008 -0.403882968262204 -57.1005869886967
vertex -6.85229615680477 1.83184657994758 -57.1005869886967
vertex -6.90000000000008 2.19419324309111 -57.1005869886967
endloop
endfacet
facet normal 0.0 0.0 -1.0
outer loop
vertex -7.00000000000008 -0.403882968262204 -57.1005869886967
vertex -6.90000000000008 2.19419324309111 -57.1005869886967
vertex -7.00000000000008 4.79226945444443 -57.1005869886967
endloop
endfacet
facet normal 0.0 0.0 -1.0
outer loop
vertex -7.00000000000008 -0.403882968262204 -57.1005869886967
vertex -7.00000000000008 4.79226945444443 -57.1005869886967
vertex -7.62132034355972 4.31551358665076 -57.1005869886967
endloop
endfacet
facet normal 0.0 0.0 -1.0
outer loop
vertex -7.00000000000008 -0.403882968262204 -57.1005869886967
vertex -7.62132034355972 4.31551358665076 -57.1005869886967
vertex -7.62132034355972 0.0728728995314708 -57.1005869886967
endloop
endfacet
facet normal 0.0 0.0 -1.0
outer loop
vertex -7.62132034355972 0.0728728995314708 -57.1005869886967
vertex -7.62132034355972 4.31551358665076 -57.1005869886967
vertex -8.0980762113534 3.69419324309111 -57.1005869886967
endloop
endfacet
facet normal 0.0 0.0 -1.0
outer loop
vertex -7.62132034355972 0.0728728995314708 -57.1005869886967
vertex -8.0980762113534 3.69419324309111 -57.1005869886967
vertex -8.0980762113534 0.694193243091113 -57.1005869886967
endloop
endfacet
facet normal 0.0 0.0 -1.0
outer loop
vertex -8.0980762113534 0.694193243091113 -57.1005869886967
vertex -8.0980762113534 3.69419324309111 -57.1005869886967
vertex -8.39777747886729 2.97065037839868 -57.1005869886967
endloop
endfacet
facet normal 0.0 0.0 -1.0
outer loop
vertex -8.0980762113534 0.694193243091113 -57.1005869886967
vertex -8.39777747886729 2.97065037839868 -57.1005869886967
vertex -8.39777747886729 1.41773610778355 -57.1005869886967
endloop
endfacet
facet normal 0.0 0.0 -1.0
outer loop
vertex -8.39777747886729 1.41773610778355 -57.1005869886967
vertex -8.39777747886729 2.97065037839868 -57.1005869886967
vertex -8.50000000000008 2.19419324309111 -57.1005869886967
endloop
endfacet
facet normal 0.25881904510252 0.965925826289068 0.0
outer loop
vertex -6.27645713530764 -0.703584235776092 -57.1005869886967
vertex -7.00000000000008 -0.403882968262204 -79.1005869886967
vertex -6.27645713530764 -0.703584235776092 -79.1005869886967
endloop
endfacet
facet normal 0.5 0.866025403784439 0.0
outer loop
vertex -7.00000000000008 -0.403882968262204 -79.1005869886967
vertex -6.27645713530764 -0.703584235776092 -57.1005869886967
vertex -7.00000000000008 -0.403882968262204 -57.1005869886967
endloop
endfacet
facet normal 0.5 0.866025403784439 0.0
outer loop
vertex -7.00000000000008 -0.403882968262204 -57.1005869886967
vertex -7.62132034355972 0.0728728995314708 -79.1005869886967
vertex -7.00000000000008 -0.403882968262204 -79.1005869886967
endloop
endfacet
facet normal 0.707106781186547 0.707106781186548 0.0
outer loop
vertex -7.62132034355972 0.0728728995314708 -79.1005869886967
vertex -7.00000000000008 -0.403882968262204 -57.1005869886967
vertex -7.62132034355972 0.0728728995314708 -57.1005869886967
endloop
endfacet
facet normal 0.866025403784439 0.5 0.0
outer loop
vertex -8.0980762113534 0.694193243091113 -57.1005869886967
vertex -7.62132034355972 0.0728728995314708 -79.1005869886967
vertex -7.62132034355972 0.0728728995314708 -57.1005869886967
endloop
endfacet
facet normal 0.707106781186547 0.707106781186548 0.0
outer loop
vertex -7.62132034355972 0.0728728995314708 -79.1005869886967
vertex -8.0980762113534 0.694193243091113 -57.1005869886967
vertex -8.0980762113534 0.694193243091113 -79.1005869886967
endloop
endfacet
facet normal 0.965925826289068 0.258819045102521 0.0
outer loop
vertex -8.39777747886729 1.41773610778355 -57.1005869886967
vertex -8.0980762113534 0.694193243091113 -79.1005869886967
vertex -8.0980762113534 0.694193243091113 -57.1005869886967
endloop
endfacet
facet normal 0.866025403784439 0.5 0.0
outer loop
vertex -8.0980762113534 0.694193243091113 -79.1005869886967
vertex -8.39777747886729 1.41773610778355 -57.1005869886967
vertex -8.39777747886729 1.41773610778355 -79.1005869886967
endloop
endfacet
facet normal 1.0 0.0 0.0
outer loop
vertex -8.50000000000008 2.19419324309111 -57.1005869886967
vertex -8.39777747886729 1.41773610778355 -79.1005869886967
vertex -8.39777747886729 1.41773610778355 -57.1005869886967
endloop
endfacet
facet normal 0.965925826289068 0.258819045102521 0.0
outer loop
vertex -8.39777747886729 1.41773610778355 -79.1005869886967
vertex -8.50000000000008 2.19419324309111 -57.1005869886967
vertex -8.50000000000008 2.19419324309111 -79.1005869886967
endloop
endfacet
facet normal 0.965925826289068 -0.258819045102521 0.0
outer loop
vertex -8.39777747886729 2.97065037839868 -57.1005869886967
vertex -8.50000000000008 2.19419324309111 -79.1005869886967
vertex -8.50000000000008 2.19419324309111 -57.1005869886967
endloop
endfacet
facet normal 1.0 0.0 0.0
outer loop
vertex -8.50000000000008 2.19419324309111 -79.1005869886967
vertex -8.39777747886729 2.97065037839868 -57.1005869886967
vertex -8.39777747886729 2.97065037839868 -79.1005869886967
endloop
endfacet
facet normal 0.866025403784439 -0.5 0.0
outer loop
vertex -8.0980762113534 3.69419324309111 -57.1005869886967
vertex -8.39777747886729 2.97065037839868 -79.1005869886967
vertex -8.39777747886729 2.97065037839868 -57.1005869886967
endloop
endfacet
facet normal 0.965925826289068 -0.258819045102521 0.0
outer loop
vertex -8.39777747886729 2.97065037839868 -79.1005869886967
vertex -8.0980762113534 3.69419324309111 -57.1005869886967
vertex -8.0980762113534 3.69419324309111 -79.1005869886967
endloop
endfacet
facet normal 0.707106781186548 -0.707106781186548 0.0
outer loop
vertex -7.62132034355972 4.31551358665076 -57.1005869886967
vertex -8.0980762113534 3.69419324309111 -79.1005869886967
vertex -8.0980762113534 3.69419324309111 -57.1005869886967
endloop
endfacet
facet normal 0.866025403784439 -0.5 0.0
outer loop
vertex -8.0980762113534 3.69419324309111 -79.1005869886967
vertex -7.62132034355972 4.31551358665076 -57.1005869886967
vertex -7.62132034355972 4.31551358665076 -79.1005869886967
endloop
endfacet
facet normal 0.707106781186548 -0.707106781186548 0.0
outer loop
vertex -7.62132034355972 4.31551358665076 -57.1005869886967
vertex -7.00000000000008 4.79226945444443 -79.1005869886967
vertex -7.62132034355972 4.31551358665076 -79.1005869886967
endloop
endfacet
facet normal 0.500000000000001 -0.866025403784438 0.0
outer loop
vertex -7.00000000000008 4.79226945444443 -79.1005869886967
vertex -7.62132034355972 4.31551358665076 -57.1005869886967
vertex -7.00000000000008 4.79226945444443 -57.1005869886967
endloop
endfacet
facet normal 0.5 -0.866025403784439 0.0
outer loop
vertex -7.00000000000008 4.79226945444443 -57.1005869886967
vertex -6.27645713530764 5.09197072195832 -79.1005869886967
vertex -7.00000000000008 4.79226945444443 -79.1005869886967
endloop
endfacet
facet normal 0.258819045102521 -0.965925826289068 0.0
outer loop
vertex -6.27645713530764 5.09197072195832 -79.1005869886967
vertex -7.00000000000008 4.79226945444443 -57.1005869886967
vertex -6.27645713530764 5.09197072195832 -57.1005869886967
endloop
endfacet
facet normal 0.258819045102521 -0.965925826289068 0.0
outer loop
vertex -6.27645713530764 5.09197072195832 -57.1005869886967
vertex -5.50000000000008 5.19419324309111 -79.1005869886967
vertex -6.27645713530764 5.09197072195832 -79.1005869886967
endloop
endfacet
facet normal 0.0 -1.0 0.0
outer loop
vertex -5.50000000000008 5.19419324309111 -79.1005869886967
vertex -6.27645713530764 5.09197072195832 -57.1005869886967
vertex -5.50000000000008 5.19419324309111 -57.1005869886967
endloop
endfacet
facet normal 0.0 -1.0 0.0
outer loop
vertex -5.50000000000008 5.19419324309111 -57.1005869886967
vertex -4.72354286469252 5.09197072195832 -79.1005869886967
vertex -5.50000000000008 5.19419324309111 -79.1005869886967
endloop
endfacet
facet normal -0.258819045102522 -0.965925826289068 0.0
outer loop
vertex -4.72354286469252 5.09197072195832 -79.1005869886967
vertex -5.50000000000008 5.19419324309111 -57.1005869886967
vertex -4.72354286469252 5.09197072195832 -57.1005869886967
endloop
endfacet
facet normal -0.258819045102522 -0.965925826289068 0.0
outer loop
vertex -4.72354286469252 5.09197072195832 -79.1005869886967
vertex -4.00000000000008 4.79226945444443 -57.1005869886967
vertex -4.00000000000008 4.79226945444443 -79.1005869886967
endloop
endfacet
facet normal -0.500000000000001 -0.866025403784438 0.0
outer loop
vertex -4.00000000000008 4.79226945444443 -57.1005869886967
vertex -4.72354286469252 5.09197072195832 -79.1005869886967
vertex -4.72354286469252 5.09197072195832 -57.1005869886967
endloop
endfacet
facet normal -0.500000000000001 -0.866025403784438 0.0
outer loop
vertex -4.00000000000008 4.79226945444443 -57.1005869886967
vertex -3.37867965644044 4.31551358665076 -79.1005869886967
vertex -4.00000000000008 4.79226945444443 -79.1005869886967
endloop
endfacet
facet normal -0.707106781186548 -0.707106781186547 0.0
outer loop
vertex -3.37867965644044 4.31551358665076 -79.1005869886967
vertex -4.00000000000008 4.79226945444443 -57.1005869886967
vertex -3.37867965644044 4.31551358665076 -57.1005869886967
endloop
endfacet
facet normal -0.707106781186548 -0.707106781186547 0.0
outer loop
vertex -3.37867965644044 4.31551358665076 -79.1005869886967
vertex -2.90192378864676 3.69419324309111 -57.1005869886967
vertex -2.90192378864676 3.69419324309111 -79.1005869886967
endloop
endfacet
facet normal -0.866025403784439 -0.5 0.0
outer loop
vertex -2.90192378864676 3.69419324309111 -57.1005869886967
vertex -3.37867965644044 4.31551358665076 -79.1005869886967
vertex -3.37867965644044 4.31551358665076 -57.1005869886967
endloop
endfacet
facet normal -0.866025403784439 -0.5 0.0
outer loop
vertex -2.90192378864676 3.69419324309111 -79.1005869886967
vertex -2.60222252113288 2.97065037839868 -57.1005869886967
vertex -2.60222252113288 2.97065037839868 -79.1005869886967
endloop
endfacet
facet normal -0.965925826289068 -0.258819045102521 0.0
outer loop
vertex -2.60222252113288 2.97065037839868 -57.1005869886967
vertex -2.90192378864676 3.69419324309111 -79.1005869886967
vertex -2.90192378864676 3.69419324309111 -57.1005869886967
endloop
endfacet
facet normal -0.965925826289068 -0.258819045102521 0.0
outer loop
vertex -2.60222252113288 2.97065037839868 -79.1005869886967
vertex -2.50000000000008 2.19419324309111 -57.1005869886967
vertex -2.50000000000008 2.19419324309111 -79.1005869886967
endloop
endfacet
facet normal -1.0 -5.34666593738814e-017 0.0
outer loop
vertex -2.50000000000008 2.19419324309111 -57.1005869886967
vertex -2.60222252113288 2.97065037839868 -79.1005869886967
vertex -2.60222252113288 2.97065037839868 -57.1005869886967
endloop
endfacet
facet normal -1.0 -5.34666593738814e-017 0.0
outer loop
vertex -2.50000000000008 2.19419324309111 -79.1005869886967
vertex -2.60222252113288 1.41773610778355 -57.1005869886967
vertex -2.60222252113288 1.41773610778355 -79.1005869886967
endloop
endfacet
facet normal -0.965925826289068 0.25881904510252 0.0
outer loop
vertex -2.60222252113288 1.41773610778355 -57.1005869886967
vertex -2.50000000000008 2.19419324309111 -79.1005869886967
vertex -2.50000000000008 2.19419324309111 -57.1005869886967
endloop
endfacet
facet normal -0.965925826289068 0.25881904510252 0.0
outer loop
vertex -2.60222252113288 1.41773610778355 -79.1005869886967
vertex -2.90192378864676 0.694193243091116 -57.1005869886967
vertex -2.90192378864676 0.694193243091116 -79.1005869886967
endloop
endfacet
facet normal -0.866025403784439 0.499999999999999 0.0
outer loop
vertex -2.90192378864676 0.694193243091116 -57.1005869886967
vertex -2.60222252113288 1.41773610778355 -79.1005869886967
vertex -2.60222252113288 1.41773610778355 -57.1005869886967
endloop
endfacet
facet normal -0.866025403784439 0.499999999999999 0.0
outer loop
vertex -2.90192378864676 0.694193243091116 -79.1005869886967
vertex -3.37867965644043 0.0728728995314736 -57.1005869886967
vertex -3.37867965644043 0.0728728995314736 -79.1005869886967
endloop
endfacet
facet normal -0.707106781186548 0.707106781186547 0.0
outer loop
vertex -3.37867965644043 0.0728728995314736 -57.1005869886967
vertex -2.90192378864676 0.694193243091116 -79.1005869886967
vertex -2.90192378864676 0.694193243091116 -57.1005869886967
endloop
endfacet
facet normal -0.707106781186548 0.707106781186547 0.0
outer loop
vertex -3.37867965644043 0.0728728995314736 -57.1005869886967
vertex -4.00000000000008 -0.403882968262202 -79.1005869886967
vertex -3.37867965644043 0.0728728995314736 -79.1005869886967
endloop
endfacet
facet normal -0.500000000000001 0.866025403784438 0.0
outer loop
vertex -4.00000000000008 -0.403882968262202 -79.1005869886967
vertex -3.37867965644043 0.0728728995314736 -57.1005869886967
vertex -4.00000000000008 -0.403882968262202 -57.1005869886967
endloop
endfacet
facet normal -0.500000000000001 0.866025403784438 0.0
outer loop
vertex -4.00000000000008 -0.403882968262202 -57.1005869886967
vertex -4.72354286469251 -0.703584235776092 -79.1005869886967
vertex -4.00000000000008 -0.403882968262202 -79.1005869886967
endloop
endfacet
facet normal -0.258819045102522 0.965925826289068 0.0
outer loop
vertex -4.72354286469251 -0.703584235776092 -79.1005869886967
vertex -4.00000000000008 -0.403882968262202 -57.1005869886967
vertex -4.72354286469251 -0.703584235776092 -57.1005869886967
endloop
endfacet
facet normal -0.258819045102522 0.965925826289068 0.0
outer loop
vertex -4.72354286469251 -0.703584235776092 -57.1005869886967
vertex -5.50000000000007 -0.805806756908887 -79.1005869886967
vertex -4.72354286469251 -0.703584235776092 -79.1005869886967
endloop
endfacet
facet normal -1.52379979215562e-015 1.0 0.0
outer loop
vertex -5.50000000000007 -0.805806756908887 -79.1005869886967
vertex -4.72354286469251 -0.703584235776092 -57.1005869886967
vertex -5.50000000000007 -0.805806756908887 -57.1005869886967
endloop
endfacet
facet normal -1.52379979215562e-015 1.0 0.0
outer loop
vertex -5.50000000000007 -0.805806756908887 -57.1005869886967
vertex -6.27645713530764 -0.703584235776092 -79.1005869886967
vertex -5.50000000000007 -0.805806756908887 -79.1005869886967
endloop
endfacet
facet normal 0.25881904510252 0.965925826289068 0.0
outer loop
vertex -6.27645713530764 -0.703584235776092 -79.1005869886967
vertex -5.50000000000007 -0.805806756908887 -57.1005869886967
vertex -6.27645713530764 -0.703584235776092 -57.1005869886967
endloop
endfacet
facet normal -1.55866234335573e-017 -8.55106635326956e-016 1.0
outer loop
vertex -0.499999999999988 -10.9999999999999 -70.1005869886967
vertex 34.5 -7.99999999999989 -70.1005869886967
vertex 35.4999999999999 -10.9999999999999 -70.1005869886967
endloop
endfacet
facet normal -1.55866234335573e-017 -8.55106635326956e-016 1.0
outer loop
vertex 34.5 -7.99999999999989 -70.1005869886967
vertex -0.499999999999988 -10.9999999999999 -70.1005869886967
vertex 27.8999999999999 -7.99999999999989 -70.1005869886967
endloop
endfacet
facet normal -1.55866234335573e-017 -8.55106635326956e-016 1.0
outer loop
vertex 27.8999999999999 -7.99999999999989 -70.1005869886967
vertex -0.499999999999988 -10.9999999999999 -70.1005869886967
vertex 25.9 -6.99999999999989 -70.1005869886967
endloop
endfacet
facet normal -1.55866234335573e-017 -8.55106635326956e-016 1.0
outer loop
vertex 27.8999999999999 -7.99999999999989 -70.1005869886967
vertex 25.9 -6.99999999999989 -70.1005869886967
vertex 27.8999999999999 -5.49999999999989 -70.1005869886967
endloop
endfacet
facet normal -1.55866234335573e-017 -8.55106635326956e-016 1.0
outer loop
vertex 25.9 -6.99999999999989 -70.1005869886967
vertex -0.499999999999988 -10.9999999999999 -70.1005869886967
vertex 7.09999999999999 -7.99999999999991 -70.1005869886967
endloop
endfacet
facet normal -1.55866234335573e-017 -8.55106635326956e-016 1.0
outer loop
vertex 7.09999999999999 -7.99999999999991 -70.1005869886967
vertex -0.499999999999988 -10.9999999999999 -70.1005869886967
vertex 0.499999999999982 -8.00260624138963 -70.1005869886967
endloop
endfacet
facet normal -1.55866234335573e-017 -8.55106635326956e-016 1.0
outer loop
vertex 0.499999999999982 -8.00260624138963 -70.1005869886967
vertex -0.499999999999988 -10.9999999999999 -70.1005869886967
vertex 0.499999999999982 -5.49999999999989 -70.1005869886967
endloop
endfacet
facet normal -1.55866234335573e-017 -8.55106635326956e-016 1.0
outer loop
vertex 0.499999999999982 -5.49999999999989 -70.1005869886967
vertex 6.69999999999999 -3.49999999999988 -70.1005869886967
vertex 6.69999999999999 -5.49999999999989 -70.1005869886967
endloop
endfacet
facet normal -1.55866234335573e-017 -8.55106635326956e-016 1.0
outer loop
vertex 6.69999999999999 -3.49999999999988 -70.1005869886967
vertex 0.499999999999982 -5.49999999999989 -70.1005869886967
vertex -1.50000000000002 -3.49999999999988 -70.1005869886967
endloop
endfacet
facet normal -1.55866234335573e-017 -8.55106635326956e-016 1.0
outer loop
vertex -1.50000000000002 -3.49999999999988 -70.1005869886967
vertex 0.499999999999982 -5.49999999999989 -70.1005869886967
vertex -0.499999999999988 -10.9999999999999 -70.1005869886967
endloop
endfacet
facet normal -1.55866234335573e-017 -8.55106635326956e-016 1.0
outer loop
vertex -1.50000000000002 -3.49999999999988 -70.1005869886967
vertex -0.499999999999988 -10.9999999999999 -70.1005869886967
vertex -1.50000000000002 -9.88058067569075 -70.1005869886967
endloop
endfacet
facet normal -1.55866234335573e-017 -8.55106635326956e-016 1.0
outer loop
vertex 7.09999999999999 -6.99999999999991 -70.1005869886967
vertex 25.9 -6.99999999999989 -70.1005869886967
vertex 7.09999999999999 -7.99999999999991 -70.1005869886967
endloop
endfacet
facet normal -1.55866234335573e-017 -8.55106635326956e-016 1.0
outer loop
vertex 35.4999999999999 -10.9999999999999 -70.1005869886967
vertex 36.4999999999999 -3.49999999999989 -70.1005869886967
vertex 36.5 -10.2152903378453 -70.1005869886967
endloop
endfacet
facet normal -1.55866234335573e-017 -8.55106635326956e-016 1.0
outer loop
vertex 36.4999999999999 -3.49999999999989 -70.1005869886967
vertex 35.4999999999999 -10.9999999999999 -70.1005869886967
vertex 34.4999999999999 -5.49999999999989 -70.1005869886967
endloop
endfacet
facet normal -1.55866234335573e-017 -8.55106635326956e-016 1.0
outer loop
vertex 36.4999999999999 -3.49999999999989 -70.1005869886967
vertex 34.4999999999999 -5.49999999999989 -70.1005869886967
vertex 25.9 -3.49999999999989 -70.1005869886967
endloop
endfacet
facet normal -1.55866234335573e-017 -8.55106635326956e-016 1.0
outer loop
vertex 34.4999999999999 -5.49999999999989 -70.1005869886967
vertex 35.4999999999999 -10.9999999999999 -70.1005869886967
vertex 34.5 -7.99999999999989 -70.1005869886967
endloop
endfacet
facet normal -1.55866234335573e-017 -8.55106635326956e-016 1.0
outer loop
vertex 25.9 -3.49999999999989 -70.1005869886967
vertex 34.4999999999999 -5.49999999999989 -70.1005869886967
vertex 27.8999999999999 -5.49999999999989 -70.1005869886967
endloop
endfacet
facet normal -1.55866234335573e-017 -8.55106635326956e-016 1.0
outer loop
vertex 25.9 -3.49999999999989 -70.1005869886967
vertex 27.8999999999999 -5.49999999999989 -70.1005869886967
vertex 25.9 -6.99999999999989 -70.1005869886967
endloop
endfacet
facet normal 1.0 -1.09823818311869e-031 7.55348164968189e-016
outer loop
vertex 0.499999999999982 -5.49999999999989 -70.1005869886967
vertex 0.499999999999988 -8.00260624138963 -77.1005869886967
vertex 0.499999999999982 -8.00260624138963 -70.1005869886967
endloop
endfacet
facet normal 1.0 -1.09823818311869e-031 7.55348164968189e-016
outer loop
vertex 0.499999999999988 -8.00260624138963 -77.1005869886967
vertex 0.499999999999982 -5.49999999999989 -70.1005869886967
vertex 0.499999999999988 -5.49999999999989 -77.1005869886967
endloop
endfacet
facet normal -1.0 -2.25597318603832e-015 -2.57635406189316e-032
outer loop
vertex 34.4999999999999 -5.49999999999989 -77.1005869886967
vertex 34.5 -7.99999999999989 -70.1005869886967
vertex 34.5 -7.99999999999989 -77.1005869886967
endloop
endfacet
facet normal -1.0 -2.25597318603832e-015 -2.57635406189316e-032
outer loop
vertex 34.5 -7.99999999999989 -70.1005869886967
vertex 34.4999999999999 -5.49999999999989 -77.1005869886967
vertex 34.4999999999999 -5.49999999999989 -70.1005869886967
endloop
endfacet
facet normal 0.99263036803088 0.121181485643973 3.10524377761924e-017
outer loop
vertex 42.5 31.8 -76.1005869886967
vertex 45.5026571650159 7.20442196312916 -79.1005869886967
vertex 45.5026571650159 7.20442196312916 -76.1005869886967
endloop
endfacet
facet normal 0.99263036803088 0.121181485643973 3.10524377761924e-017
outer loop
vertex 45.5026571650159 7.20442196312916 -79.1005869886967
vertex 42.5 31.8 -76.1005869886967
vertex 42.5 31.8 -79.1005869886967
endloop
endfacet
facet normal -0.992649309985878 0.121026226019656 1.63369267375671e-018
outer loop
vertex -7.50000000000008 31.8000000000001 -79.1005869886967
vertex -10.5000000000001 7.19419324309113 -76.1005869886967
vertex -10.5000000000001 7.19419324309113 -79.1005869886967
endloop
endfacet
facet normal -0.992649309985878 0.121026226019656 1.63369267375671e-018
outer loop
vertex -10.5000000000001 7.19419324309113 -76.1005869886967
vertex -7.50000000000008 31.8000000000001 -79.1005869886967
vertex -7.50000000000008 31.8000000000001 -76.1005869886967
endloop
endfacet
facet normal 0.617332768455856 -0.786702137400572 0.0
outer loop
vertex 35.4999999999999 -10.9999999999999 -79.1005869886967
vertex 36.5 -10.2152903378453 -76.1005869886967
vertex 45.5 -3.15290337845444 -79.1005869886967
endloop
endfacet
facet normal 0.617332768455856 -0.786702137400572 0.0
outer loop
vertex 36.5 -10.2152903378453 -76.1005869886967
vertex 35.4999999999999 -10.9999999999999 -79.1005869886967
vertex 35.4999999999999 -10.9999999999999 -70.1005869886967
endloop
endfacet
facet normal 0.617332768455856 -0.786702137400572 0.0
outer loop
vertex 36.5 -10.2152903378453 -76.1005869886967
vertex 35.4999999999999 -10.9999999999999 -70.1005869886967
vertex 36.5 -10.2152903378453 -70.1005869886967
endloop
endfacet
facet normal 0.617332768455856 -0.786702137400572 0.0
outer loop
vertex 45.5 -3.15290337845444 -76.1005869886967
vertex 45.5 -3.15290337845444 -79.1005869886967
vertex 36.5 -10.2152903378453 -76.1005869886967
endloop
endfacet
facet normal -0.745766038768284 -0.666207937073601 4.70468464538199e-015
outer loop
vertex -0.500000000000022 -10.9999999999999 -79.1005869886967
vertex -1.50000000000006 -9.88058067569075 -76.1005869886967
vertex -0.499999999999988 -10.9999999999999 -70.1005869886967
endloop
endfacet
facet normal -0.745766038768284 -0.666207937073601 4.70468464538199e-015
outer loop
vertex -1.50000000000006 -9.88058067569075 -76.1005869886967
vertex -0.500000000000022 -10.9999999999999 -79.1005869886967
vertex -3.1772799151033 -8.00300112644868 -76.1005869886967
endloop
endfacet
facet normal -0.745766038768284 -0.666207937073601 4.70468464538199e-015
outer loop
vertex -1.50000000000002 -9.88058067569075 -70.1005869886967
vertex -0.499999999999988 -10.9999999999999 -70.1005869886967
vertex -1.50000000000006 -9.88058067569075 -76.1005869886967
endloop
endfacet
facet normal -0.620642873678625 -0.757417912009735 0.202781976316316
outer loop
vertex -3.1772799151033 -8.00300112644868 -76.1005869886967
vertex -0.500000000000022 -10.9999999999999 -79.1005869886967
vertex -10.5000000000001 -2.80580675690887 -79.1005869886967
endloop
endfacet
facet normal -0.578778502633586 -0.815484791329197 -4.57535587929893e-016
outer loop
vertex -10.5000000000001 -2.80580675690888 -76.1005869886967
vertex -3.1772799151033 -8.00300112644868 -76.1005869886967
vertex -10.5000000000001 -2.80580675690887 -79.1005869886967
endloop
endfacet
facet normal -1.30295604283063e-016 1.04601418501351e-015 -1.0
outer loop
vertex 35.4999999999999 -10.9999999999999 -79.1005869886967
vertex 22.5 6.3397459621558 -79.1005869886967
vertex -0.500000000000022 -10.9999999999999 -79.1005869886967
endloop
endfacet
facet normal -1.30295604283063e-016 1.04601418501351e-015 -1.0
outer loop
vertex 22.5 6.3397459621558 -79.1005869886967
vertex 35.4999999999999 -10.9999999999999 -79.1005869886967
vertex 24.5710678118654 7.92893218813471 -79.1005869886967
endloop
endfacet
facet normal -1.30295604283063e-016 1.04601418501351e-015 -1.0
outer loop
vertex 24.5710678118654 7.92893218813471 -79.1005869886967
vertex 35.4999999999999 -10.9999999999999 -79.1005869886967
vertex 26.1602540378444 10.0000000000002 -79.1005869886967
endloop
endfacet
facet normal -1.30295604283063e-016 1.04601418501351e-015 -1.0
outer loop
vertex 26.1602540378444 10.0000000000002 -79.1005869886967
vertex 35.4999999999999 -10.9999999999999 -79.1005869886967
vertex 27.1592582628906 12.411809548975 -79.1005869886967
endloop
endfacet
facet normal -1.30295604283063e-016 1.04601418501351e-015 -1.0
outer loop
vertex 27.1592582628906 12.411809548975 -79.1005869886967
vertex 35.4999999999999 -10.9999999999999 -79.1005869886967
vertex 27.5 15.0000000000002 -79.1005869886967
endloop
endfacet
facet normal -1.30295604283063e-016 1.04601418501351e-015 -1.0
outer loop
vertex -0.500000000000022 -10.9999999999999 -79.1005869886967
vertex 22.5 6.3397459621558 -79.1005869886967
vertex 20.0881904510252 5.34074173710951 -79.1005869886967
endloop
endfacet
facet normal -1.30295604283063e-016 1.04601418501351e-015 -1.0
outer loop
vertex -0.500000000000022 -10.9999999999999 -79.1005869886967
vertex 20.0881904510252 5.34074173710951 -79.1005869886967
vertex 17.5 5.00000000000019 -79.1005869886967
endloop
endfacet
facet normal -1.30295604283063e-016 1.04601418501351e-015 -1.0
outer loop
vertex -0.500000000000022 -10.9999999999999 -79.1005869886967
vertex 17.5 5.00000000000019 -79.1005869886967
vertex 14.9118095489748 5.34074173710951 -79.1005869886967
endloop
endfacet
facet normal -1.30295604283063e-016 1.04601418501351e-015 -1.0
outer loop
vertex -0.500000000000022 -10.9999999999999 -79.1005869886967
vertex 14.9118095489748 5.34074173710951 -79.1005869886967
vertex 12.5 6.33974596215579 -79.1005869886967
endloop
endfacet
facet normal -1.30295604283063e-016 1.04601418501351e-015 -1.0
outer loop
vertex -0.500000000000022 -10.9999999999999 -79.1005869886967
vertex 12.5 6.33974596215579 -79.1005869886967
vertex 10.4289321881345 7.92893218813471 -79.1005869886967
endloop
endfacet
facet normal -1.30295604283063e-016 1.04601418501351e-015 -1.0
outer loop
vertex -0.500000000000022 -10.9999999999999 -79.1005869886967
vertex 10.4289321881345 7.92893218813471 -79.1005869886967
vertex 8.83974596215559 10.0000000000002 -79.1005869886967
endloop
endfacet
facet normal -1.30295604283063e-016 1.04601418501351e-015 -1.0
outer loop
vertex -0.500000000000022 -10.9999999999999 -79.1005869886967
vertex 8.83974596215559 10.0000000000002 -79.1005869886967
vertex 7.84074173710929 12.411809548975 -79.1005869886967
endloop
endfacet
facet normal -1.30295604283063e-016 1.04601418501351e-015 -1.0
outer loop
vertex -0.500000000000022 -10.9999999999999 -79.1005869886967
vertex 7.84074173710929 12.411809548975 -79.1005869886967
vertex 7.49999999999997 15.0000000000002 -79.1005869886967
endloop
endfacet
facet normal -1.30295604283063e-016 1.04601418501351e-015 -1.0
outer loop
vertex 18.1 34.8000000000001 -79.1005869886966
vertex 17.5 25.0000000000002 -79.1005869886967
vertex 20.0881904510252 24.6592582628909 -79.1005869886967
endloop
endfacet
facet normal -1.30295604283063e-016 1.04601418501351e-015 -1.0
outer loop
vertex 17.5 25.0000000000002 -79.1005869886967
vertex 18.1 34.8000000000001 -79.1005869886966
vertex 18.0795554957734 34.6447085729386 -79.1005869886966
endloop
endfacet
facet normal -1.30295604283063e-016 1.04601418501351e-015 -1.0
outer loop
vertex 17.5 25.0000000000002 -79.1005869886967
vertex 18.0795554957734 34.6447085729386 -79.1005869886966
vertex 18.0196152422706 34.5000000000001 -79.1005869886966
endloop
endfacet
facet normal -1.30295604283063e-016 1.04601418501351e-015 -1.0
outer loop
vertex 17.5 25.0000000000002 -79.1005869886967
vertex 18.0196152422706 34.5000000000001 -79.1005869886966
vertex 17.9242640687119 34.3757359312881 -79.1005869886966
endloop
endfacet
facet normal -1.30295604283063e-016 1.04601418501351e-015 -1.0
outer loop
vertex 17.5 25.0000000000002 -79.1005869886967
vertex 17.9242640687119 34.3757359312881 -79.1005869886966
vertex 17.8 34.2803847577294 -79.1005869886966
endloop
endfacet
facet normal -1.30295604283063e-016 1.04601418501351e-015 -1.0
outer loop
vertex 17.5 25.0000000000002 -79.1005869886967
vertex 17.8 34.2803847577294 -79.1005869886966
vertex 17.6552914270615 34.2204445042266 -79.1005869886966
endloop
endfacet
facet normal -1.30295604283063e-016 1.04601418501351e-015 -1.0
outer loop
vertex 17.5 25.0000000000002 -79.1005869886967
vertex 17.6552914270615 34.2204445042266 -79.1005869886966
vertex 17.5 34.2000000000001 -79.1005869886966
endloop
endfacet
facet normal -1.30295604283063e-016 1.04601418501351e-015 -1.0
outer loop
vertex 17.5 25.0000000000002 -79.1005869886967
vertex 17.5 34.2000000000001 -79.1005869886966
vertex 17.3447085729385 34.2204445042266 -79.1005869886966
endloop
endfacet
facet normal -1.30295604283063e-016 1.04601418501351e-015 -1.0
outer loop
vertex 17.5 25.0000000000002 -79.1005869886967
vertex 17.3447085729385 34.2204445042266 -79.1005869886966
vertex 14.9118095489748 24.6592582628909 -79.1005869886967
endloop
endfacet
facet normal -1.30295604283063e-016 1.04601418501351e-015 -1.0
outer loop
vertex 14.9118095489748 24.6592582628909 -79.1005869886967
vertex 17.3447085729385 34.2204445042266 -79.1005869886966
vertex 17.2 34.2803847577294 -79.1005869886966
endloop
endfacet
facet normal -1.30295604283063e-016 1.04601418501351e-015 -1.0
outer loop
vertex 14.9118095489748 24.6592582628909 -79.1005869886967
vertex 17.2 34.2803847577294 -79.1005869886966
vertex 17.075735931288 34.3757359312881 -79.1005869886966
endloop
endfacet
facet normal -1.30295604283063e-016 1.04601418501351e-015 -1.0
outer loop
vertex 14.9118095489748 24.6592582628909 -79.1005869886967
vertex 17.075735931288 34.3757359312881 -79.1005869886966
vertex 16.9803847577293 34.5000000000001 -79.1005869886966
endloop
endfacet
facet normal -1.30295604283063e-016 1.04601418501351e-015 -1.0
outer loop
vertex 14.9118095489748 24.6592582628909 -79.1005869886967
vertex 16.9803847577293 34.5000000000001 -79.1005869886966
vertex 16.9204445042265 34.6447085729386 -79.1005869886966
endloop
endfacet
facet normal -1.30295604283063e-016 1.04601418501351e-015 -1.0
outer loop
vertex 14.9118095489748 24.6592582628909 -79.1005869886967
vertex 16.9204445042265 34.6447085729386 -79.1005869886966
vertex 16.9 34.8000000000001 -79.1005869886966
endloop
endfacet
facet normal -1.30295604283063e-016 1.04601418501351e-015 -1.0
outer loop
vertex -3.50000000000012 23.5000000000001 -79.1005869886967
vertex -2.80000000000003 15.0000000000002 -79.1005869886967
vertex -2.72354286469256 23.6022225211329 -79.1005869886967
endloop
endfacet
facet normal -1.30295604283063e-016 1.04601418501351e-015 -1.0
outer loop
vertex -2.80000000000003 15.0000000000002 -79.1005869886967
vertex -3.50000000000012 23.5000000000001 -79.1005869886967
vertex -2.85111126056643 15.388228567654 -79.1005869886967
endloop
endfacet
facet normal -1.30295604283063e-016 1.04601418501351e-015 -1.0
outer loop
vertex -2.85111126056643 15.388228567654 -79.1005869886967
vertex -3.50000000000012 23.5000000000001 -79.1005869886967
vertex -3.00096189432338 15.7500000000002 -79.1005869886967
endloop
endfacet
facet normal -1.30295604283063e-016 1.04601418501351e-015 -1.0
outer loop
vertex -3.00096189432338 15.7500000000002 -79.1005869886967
vertex -3.50000000000012 23.5000000000001 -79.1005869886967
vertex -3.23933982822021 16.06066017178 -79.1005869886967
endloop
endfacet
facet normal -1.30295604283063e-016 1.04601418501351e-015 -1.0
outer loop
vertex -3.23933982822021 16.06066017178 -79.1005869886967
vertex -3.50000000000012 23.5000000000001 -79.1005869886967
vertex -3.55000000000003 16.2990381056769 -79.1005869886967
endloop
endfacet
facet normal -1.30295604283063e-016 1.04601418501351e-015 -1.0
outer loop
vertex -3.55000000000003 16.2990381056769 -79.1005869886967
vertex -3.50000000000012 23.5000000000001 -79.1005869886967
vertex -4.27645713530769 23.6022225211329 -79.1005869886967
endloop
endfacet
facet normal -1.30295604283063e-016 1.04601418501351e-015 -1.0
outer loop
vertex -3.55000000000003 16.2990381056769 -79.1005869886967
vertex -4.27645713530769 23.6022225211329 -79.1005869886967
vertex -3.91177143234625 16.4488887394338 -79.1005869886967
endloop
endfacet
facet normal -1.30295604283063e-016 1.04601418501351e-015 -1.0
outer loop
vertex -3.91177143234625 16.4488887394338 -79.1005869886967
vertex -4.27645713530769 23.6022225211329 -79.1005869886967
vertex -4.30000000000003 16.5000000000002 -79.1005869886967
endloop
endfacet
facet normal -1.30295604283063e-016 1.04601418501351e-015 -1.0
outer loop
vertex -4.30000000000003 16.5000000000002 -79.1005869886967
vertex -4.27645713530769 23.6022225211329 -79.1005869886967
vertex -5.00000000000012 23.9019237886468 -79.1005869886967
endloop
endfacet
facet normal -1.30295604283063e-016 1.04601418501351e-015 -1.0
outer loop
vertex -4.30000000000003 16.5000000000002 -79.1005869886967
vertex -5.00000000000012 23.9019237886468 -79.1005869886967
vertex -4.68822856765381 16.4488887394338 -79.1005869886967
endloop
endfacet
facet normal -1.30295604283063e-016 1.04601418501351e-015 -1.0
outer loop
vertex -4.68822856765381 16.4488887394338 -79.1005869886967
vertex -5.00000000000012 23.9019237886468 -79.1005869886967
vertex -5.05000000000003 16.2990381056769 -79.1005869886967
endloop
endfacet
facet normal -1.30295604283063e-016 1.04601418501351e-015 -1.0
outer loop
vertex -5.05000000000003 16.2990381056769 -79.1005869886967
vertex -5.00000000000012 23.9019237886468 -79.1005869886967
vertex -5.62132034355977 24.3786796564405 -79.1005869886967
endloop
endfacet
facet normal -1.30295604283063e-016 1.04601418501351e-015 -1.0
outer loop
vertex -5.05000000000003 16.2990381056769 -79.1005869886967
vertex -5.62132034355977 24.3786796564405 -79.1005869886967
vertex -5.36066017177985 16.06066017178 -79.1005869886967
endloop
endfacet
facet normal -1.30295604283063e-016 1.04601418501351e-015 -1.0
outer loop
vertex -5.36066017177985 16.06066017178 -79.1005869886967
vertex -5.62132034355977 24.3786796564405 -79.1005869886967
vertex -5.59903810567669 15.7500000000002 -79.1005869886967
endloop
endfacet
facet normal -1.30295604283063e-016 1.04601418501351e-015 -1.0
outer loop
vertex -5.59903810567669 15.7500000000002 -79.1005869886967
vertex -5.62132034355977 24.3786796564405 -79.1005869886967
vertex -5.74888873943363 15.388228567654 -79.1005869886967
endloop
endfacet
facet normal -1.30295604283063e-016 1.04601418501351e-015 -1.0
outer loop
vertex -5.74888873943363 15.388228567654 -79.1005869886967
vertex -5.62132034355977 24.3786796564405 -79.1005869886967
vertex -6.09807621135344 25.0000000000001 -79.1005869886967
endloop
endfacet
facet normal -1.30295604283063e-016 1.04601418501351e-015 -1.0
outer loop
vertex -5.74888873943363 15.388228567654 -79.1005869886967
vertex -6.09807621135344 25.0000000000001 -79.1005869886967
vertex -5.80000000000003 15.0000000000002 -79.1005869886967
endloop
endfacet
facet normal -1.30295604283063e-016 1.04601418501351e-015 -1.0
outer loop
vertex 41.4667667014562 34.8438071450436 -79.1005869886966
vertex 41.5425927171386 26.5000000000002 -79.1005869886967
vertex 41.8301270189222 34.3 -79.1005869886966
endloop
endfacet
facet normal -1.30295604283063e-016 1.04601418501351e-015 -1.0
outer loop
vertex 41.5425927171386 26.5000000000002 -79.1005869886967
vertex 41.4667667014562 34.8438071450436 -79.1005869886966
vertex 41.4403701960058 27.2764571353078 -79.1005869886967
endloop
endfacet
facet normal -1.30295604283063e-016 1.04601418501351e-015 -1.0
outer loop
vertex 41.4403701960058 27.2764571353078 -79.1005869886967
vertex 41.4667667014562 34.8438071450436 -79.1005869886966
vertex 41.0355339059328 35.3355339059328 -79.1005869886966
endloop
endfacet
facet normal -1.30295604283063e-016 1.04601418501351e-015 -1.0
outer loop
vertex 41.4403701960058 27.2764571353078 -79.1005869886967
vertex 41.0355339059328 35.3355339059328 -79.1005869886966
vertex 41.1406689284919 28.0000000000002 -79.1005869886967
endloop
endfacet
facet normal -1.30295604283063e-016 1.04601418501351e-015 -1.0
outer loop
vertex 41.1406689284919 28.0000000000002 -79.1005869886967
vertex 41.0355339059328 35.3355339059328 -79.1005869886966
vertex 40.6639130606982 28.6213203435598 -79.1005869886967
endloop
endfacet
facet normal -1.30295604283063e-016 1.04601418501351e-015 -1.0
outer loop
vertex 40.6639130606982 28.6213203435598 -79.1005869886967
vertex 41.0355339059328 35.3355339059328 -79.1005869886966
vertex 40.5438071450436 35.7667667014562 -79.1005869886966
endloop
endfacet
facet normal -1.30295604283063e-016 1.04601418501351e-015 -1.0
outer loop
vertex 40.6639130606982 28.6213203435598 -79.1005869886967
vertex 40.5438071450436 35.7667667014562 -79.1005869886966
vertex 40.0425927171386 29.0980762113535 -79.1005869886967
endloop
endfacet
facet normal -1.30295604283063e-016 1.04601418501351e-015 -1.0
outer loop
vertex 40.0425927171386 29.0980762113535 -79.1005869886967
vertex 40.5438071450436 35.7667667014562 -79.1005869886966
vertex 40.0 36.1301270189222 -79.1005869886966
endloop
endfacet
facet normal -1.30295604283063e-016 1.04601418501351e-015 -1.0
outer loop
vertex 40.0425927171386 29.0980762113535 -79.1005869886967
vertex 40.0 36.1301270189222 -79.1005869886966
vertex 39.3190498524462 29.3977774788674 -79.1005869886967
endloop
endfacet
facet normal -1.30295604283063e-016 1.04601418501351e-015 -1.0
outer loop
vertex 39.3190498524462 29.3977774788674 -79.1005869886967
vertex 40.0 36.1301270189222 -79.1005869886966
vertex 39.4134171618255 36.4193976625565 -79.1005869886967
endloop
endfacet
facet normal -1.30295604283063e-016 1.04601418501351e-015 -1.0
outer loop
vertex 39.3190498524462 29.3977774788674 -79.1005869886967
vertex 39.4134171618255 36.4193976625565 -79.1005869886967
vertex 38.7940952255126 36.6296291314454 -79.1005869886967
endloop
endfacet
facet normal -1.30295604283063e-016 1.04601418501351e-015 -1.0
outer loop
vertex 39.3190498524462 29.3977774788674 -79.1005869886967
vertex 38.7940952255126 36.6296291314454 -79.1005869886967
vertex 38.5425927171386 29.5000000000002 -79.1005869886967
endloop
endfacet
facet normal -1.30295604283063e-016 1.04601418501351e-015 -1.0
outer loop
vertex 38.5425927171386 29.5000000000002 -79.1005869886967
vertex 38.7940952255126 36.6296291314454 -79.1005869886967
vertex 38.1526309611003 36.7572243068691 -79.1005869886967
endloop
endfacet
facet normal -1.30295604283063e-016 1.04601418501351e-015 -1.0
outer loop
vertex 38.5425927171386 29.5000000000002 -79.1005869886967
vertex 38.1526309611003 36.7572243068691 -79.1005869886967
vertex 37.766135581831 29.3977774788674 -79.1005869886967
endloop
endfacet
facet normal -1.30295604283063e-016 1.04601418501351e-015 -1.0
outer loop
vertex 37.766135581831 29.3977774788674 -79.1005869886967
vertex 38.1526309611003 36.7572243068691 -79.1005869886967
vertex 37.5 36.8 -79.1005869886967
endloop
endfacet
facet normal -1.30295604283063e-016 1.04601418501351e-015 -1.0
outer loop
vertex 37.766135581831 29.3977774788674 -79.1005869886967
vertex 37.5 36.8 -79.1005869886967
vertex 37.0425927171386 29.0980762113535 -79.1005869886967
endloop
endfacet
facet normal -1.30295604283063e-016 1.04601418501351e-015 -1.0
outer loop
vertex 37.0425927171386 29.0980762113535 -79.1005869886967
vertex 37.5 36.8 -79.1005869886967
vertex 17.6552914270615 35.3795554957735 -79.1005869886966
endloop
endfacet
facet normal -1.30295604283063e-016 1.04601418501351e-015 -1.0
outer loop
vertex 17.6552914270615 35.3795554957735 -79.1005869886966
vertex 37.5 36.8 -79.1005869886967
vertex 17.5 35.4000000000001 -79.1005869886966
endloop
endfacet
facet normal -1.30295604283063e-016 1.04601418501351e-015 -1.0
outer loop
vertex 17.5 35.4000000000001 -79.1005869886966
vertex 37.5 36.8 -79.1005869886967
vertex -2.50000000000008 36.8000000000001 -79.1005869886967
endloop
endfacet
facet normal -1.30295604283063e-016 1.04601418501351e-015 -1.0
outer loop
vertex 37.0425927171386 29.0980762113535 -79.1005869886967
vertex 17.6552914270615 35.3795554957735 -79.1005869886966
vertex 36.421272373579 28.6213203435598 -79.1005869886967
endloop
endfacet
facet normal -1.30295604283063e-016 1.04601418501351e-015 -1.0
outer loop
vertex 36.421272373579 28.6213203435598 -79.1005869886967
vertex 17.6552914270615 35.3795554957735 -79.1005869886966
vertex 35.9445165057853 28.0000000000002 -79.1005869886967
endloop
endfacet
facet normal -1.30295604283063e-016 1.04601418501351e-015 -1.0
outer loop
vertex 35.9445165057853 28.0000000000002 -79.1005869886967
vertex 17.6552914270615 35.3795554957735 -79.1005869886966
vertex 17.8 35.3196152422707 -79.1005869886966
endloop
endfacet
facet normal -1.30295604283063e-016 1.04601418501351e-015 -1.0
outer loop
vertex 35.9445165057853 28.0000000000002 -79.1005869886967
vertex 17.8 35.3196152422707 -79.1005869886966
vertex 35.6448152382714 27.2764571353078 -79.1005869886967
endloop
endfacet
facet normal -1.30295604283063e-016 1.04601418501351e-015 -1.0
outer loop
vertex 35.6448152382714 27.2764571353078 -79.1005869886967
vertex 17.8 35.3196152422707 -79.1005869886966
vertex 35.5425927171386 26.5000000000002 -79.1005869886967
endloop
endfacet
facet normal -1.30295604283063e-016 1.04601418501351e-015 -1.0
outer loop
vertex 35.5425927171386 26.5000000000002 -79.1005869886967
vertex 17.8 35.3196152422707 -79.1005869886966
vertex 17.9242640687119 35.224264068712 -79.1005869886966
endloop
endfacet
facet normal -1.30295604283063e-016 1.04601418501351e-015 -1.0
outer loop
vertex 35.5425927171386 26.5000000000002 -79.1005869886967
vertex 17.9242640687119 35.224264068712 -79.1005869886966
vertex 18.0196152422706 35.1000000000001 -79.1005869886966
endloop
endfacet
facet normal -1.30295604283063e-016 1.04601418501351e-015 -1.0
outer loop
vertex 35.5425927171386 26.5000000000002 -79.1005869886967
vertex 18.0196152422706 35.1000000000001 -79.1005869886966
vertex 26.1602540378444 20.0000000000002 -79.1005869886967
endloop
endfacet
facet normal -1.30295604283063e-016 1.04601418501351e-015 -1.0
outer loop
vertex 35.5425927171386 26.5000000000002 -79.1005869886967
vertex 26.1602540378444 20.0000000000002 -79.1005869886967
vertex 27.1592582628906 17.5881904510254 -79.1005869886967
endloop
endfacet
facet normal -1.30295604283063e-016 1.04601418501351e-015 -1.0
outer loop
vertex 35.5425927171386 26.5000000000002 -79.1005869886967
vertex 27.1592582628906 17.5881904510254 -79.1005869886967
vertex 35.4999999999999 -10.9999999999999 -79.1005869886967
endloop
endfacet
facet normal -1.30295604283063e-016 1.04601418501351e-015 -1.0
outer loop
vertex 35.4999999999999 -10.9999999999999 -79.1005869886967
vertex 27.1592582628906 17.5881904510254 -79.1005869886967
vertex 27.5 15.0000000000002 -79.1005869886967
endloop
endfacet
facet normal -1.30295604283063e-016 1.04601418501351e-015 -1.0
outer loop
vertex 26.1602540378444 20.0000000000002 -79.1005869886967
vertex 18.0196152422706 35.1000000000001 -79.1005869886966
vertex 24.5710678118654 22.0710678118657 -79.1005869886967
endloop
endfacet
facet normal -1.30295604283063e-016 1.04601418501351e-015 -1.0
outer loop
vertex 24.5710678118654 22.0710678118657 -79.1005869886967
vertex 18.0196152422706 35.1000000000001 -79.1005869886966
vertex 18.0795554957734 34.9552914270616 -79.1005869886966
endloop
endfacet
facet normal -1.30295604283063e-016 1.04601418501351e-015 -1.0
outer loop
vertex 24.5710678118654 22.0710678118657 -79.1005869886967
vertex 18.0795554957734 34.9552914270616 -79.1005869886966
vertex 22.5 23.6602540378446 -79.1005869886967
endloop
endfacet
facet normal -1.30295604283063e-016 1.04601418501351e-015 -1.0
outer loop
vertex 22.5 23.6602540378446 -79.1005869886967
vertex 18.0795554957734 34.9552914270616 -79.1005869886966
vertex 20.0881904510252 24.6592582628909 -79.1005869886967
endloop
endfacet
facet normal -1.30295604283063e-016 1.04601418501351e-015 -1.0
outer loop
vertex 20.0881904510252 24.6592582628909 -79.1005869886967
vertex 18.0795554957734 34.9552914270616 -79.1005869886966
vertex 18.1 34.8000000000001 -79.1005869886966
endloop
endfacet
facet normal -1.30295604283063e-016 1.04601418501351e-015 -1.0
outer loop
vertex 17.5 35.4000000000001 -79.1005869886966
vertex -2.50000000000008 36.8000000000001 -79.1005869886967
vertex 17.3447085729385 35.3795554957735 -79.1005869886966
endloop
endfacet
facet normal -1.30295604283063e-016 1.04601418501351e-015 -1.0
outer loop
vertex 17.3447085729385 35.3795554957735 -79.1005869886966
vertex -2.50000000000008 36.8000000000001 -79.1005869886967
vertex 17.2 35.3196152422707 -79.1005869886966
endloop
endfacet
facet normal -1.30295604283063e-016 1.04601418501351e-015 -1.0
outer loop
vertex 17.2 35.3196152422707 -79.1005869886966
vertex -2.50000000000008 36.8000000000001 -79.1005869886967
vertex 17.075735931288 35.224264068712 -79.1005869886966
endloop
endfacet
facet normal -1.30295604283063e-016 1.04601418501351e-015 -1.0
outer loop
vertex 17.075735931288 35.224264068712 -79.1005869886966
vertex -2.50000000000008 36.8000000000001 -79.1005869886967
vertex 16.9803847577293 35.1000000000001 -79.1005869886966
endloop
endfacet
facet normal -1.30295604283063e-016 1.04601418501351e-015 -1.0
outer loop
vertex 16.9803847577293 35.1000000000001 -79.1005869886966
vertex -2.50000000000008 36.8000000000001 -79.1005869886967
vertex 16.9204445042265 34.9552914270616 -79.1005869886966
endloop
endfacet
facet normal -1.30295604283063e-016 1.04601418501351e-015 -1.0
outer loop
vertex 16.9204445042265 34.9552914270616 -79.1005869886966
vertex -2.50000000000008 36.8000000000001 -79.1005869886967
vertex 16.9 34.8000000000001 -79.1005869886966
endloop
endfacet
facet normal -1.30295604283063e-016 1.04601418501351e-015 -1.0
outer loop
vertex 16.9 34.8000000000001 -79.1005869886966
vertex -2.50000000000008 36.8000000000001 -79.1005869886967
vertex 14.9118095489748 24.6592582628909 -79.1005869886967
endloop
endfacet
facet normal -1.30295604283063e-016 1.04601418501351e-015 -1.0
outer loop
vertex 14.9118095489748 24.6592582628909 -79.1005869886967
vertex -2.50000000000008 36.8000000000001 -79.1005869886967
vertex 12.5 23.6602540378446 -79.1005869886967
endloop
endfacet
facet normal -1.30295604283063e-016 1.04601418501351e-015 -1.0
outer loop
vertex 12.5 23.6602540378446 -79.1005869886967
vertex -2.50000000000008 36.8000000000001 -79.1005869886967
vertex 10.4289321881345 22.0710678118657 -79.1005869886967
endloop
endfacet
facet normal -1.30295604283063e-016 1.04601418501351e-015 -1.0
outer loop
vertex 10.4289321881345 22.0710678118657 -79.1005869886967
vertex -2.50000000000008 36.8000000000001 -79.1005869886967
vertex 8.83974596215558 20.0000000000002 -79.1005869886967
endloop
endfacet
facet normal -1.30295604283063e-016 1.04601418501351e-015 -1.0
outer loop
vertex 8.83974596215558 20.0000000000002 -79.1005869886967
vertex -2.50000000000008 36.8000000000001 -79.1005869886967
vertex 7.84074173710929 17.5881904510254 -79.1005869886967
endloop
endfacet
facet normal -1.30295604283063e-016 1.04601418501351e-015 -1.0
outer loop
vertex 7.84074173710929 17.5881904510254 -79.1005869886967
vertex -2.50000000000008 36.8000000000001 -79.1005869886967
vertex 7.49999999999997 15.0000000000002 -79.1005869886967
endloop
endfacet
facet normal -1.30295604283063e-016 1.04601418501351e-015 -1.0
outer loop
vertex 7.49999999999997 15.0000000000002 -79.1005869886967
vertex -2.50000000000008 36.8000000000001 -79.1005869886967
vertex -0.602222521132918 27.2764571353077 -79.1005869886966
endloop
endfacet
facet normal -1.30295604283063e-016 1.04601418501351e-015 -1.0
outer loop
vertex 7.49999999999997 15.0000000000002 -79.1005869886967
vertex -0.602222521132918 27.2764571353077 -79.1005869886966
vertex -0.500000000000123 26.5000000000001 -79.1005869886967
endloop
endfacet
facet normal -1.30295604283063e-016 1.04601418501351e-015 -1.0
outer loop
vertex 7.49999999999997 15.0000000000002 -79.1005869886967
vertex -0.500000000000123 26.5000000000001 -79.1005869886967
vertex -0.500000000000022 -10.9999999999999 -79.1005869886967
endloop
endfacet
facet normal -1.30295604283063e-016 1.04601418501351e-015 -1.0
outer loop
vertex -0.602222521132918 27.2764571353077 -79.1005869886966
vertex -2.50000000000008 36.8000000000001 -79.1005869886967
vertex -0.901923788646806 28.0000000000001 -79.1005869886966
endloop
endfacet
facet normal -1.30295604283063e-016 1.04601418501351e-015 -1.0
outer loop
vertex -0.901923788646806 28.0000000000001 -79.1005869886966
vertex -2.50000000000008 36.8000000000001 -79.1005869886967
vertex -1.37867965644048 28.6213203435598 -79.1005869886966
endloop
endfacet
facet normal -1.30295604283063e-016 1.04601418501351e-015 -1.0
outer loop
vertex -1.37867965644048 28.6213203435598 -79.1005869886966
vertex -2.50000000000008 36.8000000000001 -79.1005869886967
vertex -2.00000000000012 29.0980762113534 -79.1005869886966
endloop
endfacet
facet normal -1.30295604283063e-016 1.04601418501351e-015 -1.0
outer loop
vertex -2.00000000000012 29.0980762113534 -79.1005869886966
vertex -2.50000000000008 36.8000000000001 -79.1005869886967
vertex -2.72354286469256 29.3977774788673 -79.1005869886966
endloop
endfacet
facet normal -1.30295604283063e-016 1.04601418501351e-015 -1.0
outer loop
vertex -2.72354286469256 29.3977774788673 -79.1005869886966
vertex -2.50000000000008 36.8000000000001 -79.1005869886967
vertex -3.15263096110034 36.7572243068692 -79.1005869886967
endloop
endfacet
facet normal -1.30295604283063e-016 1.04601418501351e-015 -1.0
outer loop
vertex -2.72354286469256 29.3977774788673 -79.1005869886966
vertex -3.15263096110034 36.7572243068692 -79.1005869886967
vertex -3.50000000000012 29.5000000000001 -79.1005869886966
endloop
endfacet
facet normal -1.30295604283063e-016 1.04601418501351e-015 -1.0
outer loop
vertex -3.50000000000012 29.5000000000001 -79.1005869886966
vertex -3.15263096110034 36.7572243068692 -79.1005869886967
vertex -3.79409522551268 36.6296291314455 -79.1005869886966
endloop
endfacet
facet normal -1.30295604283063e-016 1.04601418501351e-015 -1.0
outer loop
vertex -3.50000000000012 29.5000000000001 -79.1005869886966
vertex -3.79409522551268 36.6296291314455 -79.1005869886966
vertex -4.27645713530769 29.3977774788673 -79.1005869886966
endloop
endfacet
facet normal -1.30295604283063e-016 1.04601418501351e-015 -1.0
outer loop
vertex -4.27645713530769 29.3977774788673 -79.1005869886966
vertex -3.79409522551268 36.6296291314455 -79.1005869886966
vertex -4.41341716182553 36.4193976625566 -79.1005869886966
endloop
endfacet
facet normal -1.30295604283063e-016 1.04601418501351e-015 -1.0
outer loop
vertex -4.27645713530769 29.3977774788673 -79.1005869886966
vertex -4.41341716182553 36.4193976625566 -79.1005869886966
vertex -5.00000000000013 29.0980762113534 -79.1005869886966
endloop
endfacet
facet normal -1.30295604283063e-016 1.04601418501351e-015 -1.0
outer loop
vertex -5.00000000000013 29.0980762113534 -79.1005869886966
vertex -4.41341716182553 36.4193976625566 -79.1005869886966
vertex -5.00000000000008 36.1301270189223 -79.1005869886966
endloop
endfacet
facet normal -1.30295604283063e-016 1.04601418501351e-015 -1.0
outer loop
vertex -5.00000000000013 29.0980762113534 -79.1005869886966
vertex -5.00000000000008 36.1301270189223 -79.1005869886966
vertex -5.54380714504368 35.7667667014563 -79.1005869886966
endloop
endfacet
facet normal -1.30295604283063e-016 1.04601418501351e-015 -1.0
outer loop
vertex -5.00000000000013 29.0980762113534 -79.1005869886966
vertex -5.54380714504368 35.7667667014563 -79.1005869886966
vertex -5.62132034355977 28.6213203435598 -79.1005869886966
endloop
endfacet
facet normal -1.30295604283063e-016 1.04601418501351e-015 -1.0
outer loop
vertex -5.62132034355977 28.6213203435598 -79.1005869886966
vertex -5.54380714504368 35.7667667014563 -79.1005869886966
vertex -6.03553390593282 35.3355339059329 -79.1005869886966
endloop
endfacet
facet normal -1.30295604283063e-016 1.04601418501351e-015 -1.0
outer loop
vertex -5.62132034355977 28.6213203435598 -79.1005869886966
vertex -6.03553390593282 35.3355339059329 -79.1005869886966
vertex -6.09807621135344 28.0000000000001 -79.1005869886966
endloop
endfacet
facet normal -1.30295604283063e-016 1.04601418501351e-015 -1.0
outer loop
vertex -6.09807621135344 28.0000000000001 -79.1005869886966
vertex -6.03553390593282 35.3355339059329 -79.1005869886966
vertex -6.46676670145626 34.8438071450437 -79.1005869886966
endloop
endfacet
facet normal -1.30295604283063e-016 1.04601418501351e-015 -1.0
outer loop
vertex -6.09807621135344 28.0000000000001 -79.1005869886966
vertex -6.46676670145626 34.8438071450437 -79.1005869886966
vertex -6.39777747886733 27.2764571353077 -79.1005869886966
endloop
endfacet
facet normal -1.30295604283063e-016 1.04601418501351e-015 -1.0
outer loop
vertex -6.39777747886733 27.2764571353077 -79.1005869886966
vertex -6.46676670145626 34.8438071450437 -79.1005869886966
vertex -6.50000000000012 26.5000000000001 -79.1005869886966
endloop
endfacet
facet normal -1.30295604283063e-016 1.04601418501351e-015 -1.0
outer loop
vertex -6.50000000000012 26.5000000000001 -79.1005869886966
vertex -6.46676670145626 34.8438071450437 -79.1005869886966
vertex -6.83012701892228 34.3000000000001 -79.1005869886966
endloop
endfacet
facet normal -1.30295604283063e-016 1.04601418501351e-015 -1.0
outer loop
vertex -2.72354286469256 23.6022225211329 -79.1005869886967
vertex -2.50000000000008 2.19419324309111 -79.1005869886967
vertex -2.00000000000012 23.9019237886468 -79.1005869886967
endloop
endfacet
facet normal -1.30295604283063e-016 1.04601418501351e-015 -1.0
outer loop
vertex -2.50000000000008 2.19419324309111 -79.1005869886967
vertex -2.72354286469256 23.6022225211329 -79.1005869886967
vertex -2.60222252113288 2.97065037839868 -79.1005869886967
endloop
endfacet
facet normal -1.30295604283063e-016 1.04601418501351e-015 -1.0
outer loop
vertex -2.60222252113288 2.97065037839868 -79.1005869886967
vertex -2.72354286469256 23.6022225211329 -79.1005869886967
vertex -2.80000000000003 15.0000000000002 -79.1005869886967
endloop
endfacet
facet normal -1.30295604283063e-016 1.04601418501351e-015 -1.0
outer loop
vertex -2.60222252113288 2.97065037839868 -79.1005869886967
vertex -2.80000000000003 15.0000000000002 -79.1005869886967
vertex -2.90192378864676 3.69419324309111 -79.1005869886967
endloop
endfacet
facet normal -1.30295604283063e-016 1.04601418501351e-015 -1.0
outer loop
vertex -2.90192378864676 3.69419324309111 -79.1005869886967
vertex -2.80000000000003 15.0000000000002 -79.1005869886967
vertex -2.85111126056643 14.6117714323464 -79.1005869886967
endloop
endfacet
facet normal -1.30295604283063e-016 1.04601418501351e-015 -1.0
outer loop
vertex -2.90192378864676 3.69419324309111 -79.1005869886967
vertex -2.85111126056643 14.6117714323464 -79.1005869886967
vertex -3.00096189432338 14.2500000000002 -79.1005869886967
endloop
endfacet
facet normal -1.30295604283063e-016 1.04601418501351e-015 -1.0
outer loop
vertex -2.90192378864676 3.69419324309111 -79.1005869886967
vertex -3.00096189432338 14.2500000000002 -79.1005869886967
vertex -3.37867965644044 4.31551358665076 -79.1005869886967
endloop
endfacet
facet normal -1.30295604283063e-016 1.04601418501351e-015 -1.0
outer loop
vertex -3.37867965644044 4.31551358665076 -79.1005869886967
vertex -3.00096189432338 14.2500000000002 -79.1005869886967
vertex -3.23933982822021 13.9393398282204 -79.1005869886967
endloop
endfacet
facet normal -1.30295604283063e-016 1.04601418501351e-015 -1.0
outer loop
vertex -3.37867965644044 4.31551358665076 -79.1005869886967
vertex -3.23933982822021 13.9393398282204 -79.1005869886967
vertex -3.55000000000003 13.7009618943235 -79.1005869886967
endloop
endfacet
facet normal -1.30295604283063e-016 1.04601418501351e-015 -1.0
outer loop
vertex -3.37867965644044 4.31551358665076 -79.1005869886967
vertex -3.55000000000003 13.7009618943235 -79.1005869886967
vertex -4.00000000000008 4.79226945444443 -79.1005869886967
endloop
endfacet
facet normal -1.30295604283063e-016 1.04601418501351e-015 -1.0
outer loop
vertex -4.00000000000008 4.79226945444443 -79.1005869886967
vertex -3.55000000000003 13.7009618943235 -79.1005869886967
vertex -3.91177143234625 13.5511112605666 -79.1005869886967
endloop
endfacet
facet normal -1.30295604283063e-016 1.04601418501351e-015 -1.0
outer loop
vertex -4.00000000000008 4.79226945444443 -79.1005869886967
vertex -3.91177143234625 13.5511112605666 -79.1005869886967
vertex -4.30000000000003 13.5000000000002 -79.1005869886967
endloop
endfacet
facet normal -1.30295604283063e-016 1.04601418501351e-015 -1.0
outer loop
vertex -4.00000000000008 4.79226945444443 -79.1005869886967
vertex -4.30000000000003 13.5000000000002 -79.1005869886967
vertex -4.72354286469252 5.09197072195832 -79.1005869886967
endloop
endfacet
facet normal -1.30295604283063e-016 1.04601418501351e-015 -1.0
outer loop
vertex -4.72354286469252 5.09197072195832 -79.1005869886967
vertex -4.30000000000003 13.5000000000002 -79.1005869886967
vertex -4.68822856765382 13.5511112605666 -79.1005869886967
endloop
endfacet
facet normal -1.30295604283063e-016 1.04601418501351e-015 -1.0
outer loop
vertex -4.72354286469252 5.09197072195832 -79.1005869886967
vertex -4.68822856765382 13.5511112605666 -79.1005869886967
vertex -5.05000000000003 13.7009618943235 -79.1005869886967
endloop
endfacet
facet normal -1.30295604283063e-016 1.04601418501351e-015 -1.0
outer loop
vertex -4.72354286469252 5.09197072195832 -79.1005869886967
vertex -5.05000000000003 13.7009618943235 -79.1005869886967
vertex -5.50000000000008 5.19419324309111 -79.1005869886967
endloop
endfacet
facet normal -1.30295604283063e-016 1.04601418501351e-015 -1.0
outer loop
vertex -5.50000000000008 5.19419324309111 -79.1005869886967
vertex -5.05000000000003 13.7009618943235 -79.1005869886967
vertex -5.36066017177985 13.9393398282204 -79.1005869886967
endloop
endfacet
facet normal -1.30295604283063e-016 1.04601418501351e-015 -1.0
outer loop
vertex -5.50000000000008 5.19419324309111 -79.1005869886967
vertex -5.36066017177985 13.9393398282204 -79.1005869886967
vertex -5.59903810567669 14.2500000000002 -79.1005869886967
endloop
endfacet
facet normal -1.30295604283063e-016 1.04601418501351e-015 -1.0
outer loop
vertex -5.50000000000008 5.19419324309111 -79.1005869886967
vertex -5.59903810567669 14.2500000000002 -79.1005869886967
vertex -6.27645713530764 5.09197072195832 -79.1005869886967
endloop
endfacet
facet normal -1.30295604283063e-016 1.04601418501351e-015 -1.0
outer loop
vertex -6.27645713530764 5.09197072195832 -79.1005869886967
vertex -5.59903810567669 14.2500000000002 -79.1005869886967
vertex -5.74888873943363 14.6117714323464 -79.1005869886967
endloop
endfacet
facet normal -1.30295604283063e-016 1.04601418501351e-015 -1.0
outer loop
vertex -6.27645713530764 5.09197072195832 -79.1005869886967
vertex -5.74888873943363 14.6117714323464 -79.1005869886967
vertex -5.80000000000003 15.0000000000002 -79.1005869886967
endloop
endfacet
facet normal -1.30295604283063e-016 1.04601418501351e-015 -1.0
outer loop
vertex -6.27645713530764 5.09197072195832 -79.1005869886967
vertex -5.80000000000003 15.0000000000002 -79.1005869886967
vertex -6.09807621135344 25.0000000000001 -79.1005869886967
endloop
endfacet
facet normal -1.30295604283063e-016 1.04601418501351e-015 -1.0
outer loop
vertex -6.27645713530764 5.09197072195832 -79.1005869886967
vertex -6.09807621135344 25.0000000000001 -79.1005869886967
vertex -6.39777747886733 25.7235428646925 -79.1005869886967
endloop
endfacet
facet normal -1.30295604283063e-016 1.04601418501351e-015 -1.0
outer loop
vertex -6.27645713530764 5.09197072195832 -79.1005869886967
vertex -6.39777747886733 25.7235428646925 -79.1005869886967
vertex -7.00000000000008 4.79226945444443 -79.1005869886967
endloop
endfacet
facet normal -1.30295604283063e-016 1.04601418501351e-015 -1.0
outer loop
vertex -7.00000000000008 4.79226945444443 -79.1005869886967
vertex -6.39777747886733 25.7235428646925 -79.1005869886967
vertex -6.50000000000012 26.5000000000001 -79.1005869886966
endloop
endfacet
facet normal -1.30295604283063e-016 1.04601418501351e-015 -1.0
outer loop
vertex -7.00000000000008 4.79226945444443 -79.1005869886967
vertex -6.50000000000012 26.5000000000001 -79.1005869886966
vertex -6.83012701892228 34.3000000000001 -79.1005869886966
endloop
endfacet
facet normal -1.30295604283063e-016 1.04601418501351e-015 -1.0
outer loop
vertex -7.00000000000008 4.79226945444443 -79.1005869886967
vertex -6.83012701892228 34.3000000000001 -79.1005869886966
vertex -7.11939766255651 33.7134171618256 -79.1005869886966
endloop
endfacet
facet normal -1.30295604283063e-016 1.04601418501351e-015 -1.0
outer loop
vertex -7.00000000000008 4.79226945444443 -79.1005869886967
vertex -7.11939766255651 33.7134171618256 -79.1005869886966
vertex -7.62132034355972 4.31551358665076 -79.1005869886967
endloop
endfacet
facet normal -1.30295604283063e-016 1.04601418501351e-015 -1.0
outer loop
vertex -7.62132034355972 4.31551358665076 -79.1005869886967
vertex -7.11939766255651 33.7134171618256 -79.1005869886966
vertex -7.32962913144542 33.0940952255127 -79.1005869886966
endloop
endfacet
facet normal -1.30295604283063e-016 1.04601418501351e-015 -1.0
outer loop
vertex -7.62132034355972 4.31551358665076 -79.1005869886967
vertex -7.32962913144542 33.0940952255127 -79.1005869886966
vertex -7.45722430686913 32.4526309611004 -79.1005869886967
endloop
endfacet
facet normal -1.30295604283063e-016 1.04601418501351e-015 -1.0
outer loop
vertex -7.62132034355972 4.31551358665076 -79.1005869886967
vertex -7.45722430686913 32.4526309611004 -79.1005869886967
vertex -7.50000000000008 31.8000000000001 -79.1005869886967
endloop
endfacet
facet normal -1.30295604283063e-016 1.04601418501351e-015 -1.0
outer loop
vertex -7.62132034355972 4.31551358665076 -79.1005869886967
vertex -7.50000000000008 31.8000000000001 -79.1005869886967
vertex -10.5000000000001 7.19419324309113 -79.1005869886967
endloop
endfacet
facet normal -1.30295604283063e-016 1.04601418501351e-015 -1.0
outer loop
vertex -7.62132034355972 4.31551358665076 -79.1005869886967
vertex -10.5000000000001 7.19419324309113 -79.1005869886967
vertex -8.0980762113534 3.69419324309111 -79.1005869886967
endloop
endfacet
facet normal -1.30295604283063e-016 1.04601418501351e-015 -1.0
outer loop
vertex -8.0980762113534 3.69419324309111 -79.1005869886967
vertex -10.5000000000001 7.19419324309113 -79.1005869886967
vertex -8.39777747886729 2.97065037839868 -79.1005869886967
endloop
endfacet
facet normal -1.30295604283063e-016 1.04601418501351e-015 -1.0
outer loop
vertex -8.39777747886729 2.97065037839868 -79.1005869886967
vertex -10.5000000000001 7.19419324309113 -79.1005869886967
vertex -8.50000000000008 2.19419324309111 -79.1005869886967
endloop
endfacet
facet normal -1.30295604283063e-016 1.04601418501351e-015 -1.0
outer loop
vertex -0.500000000000022 -10.9999999999999 -79.1005869886967
vertex -4.72354286469251 -0.703584235776092 -79.1005869886967
vertex -10.5000000000001 -2.80580675690887 -79.1005869886967
endloop
endfacet
facet normal -1.30295604283063e-016 1.04601418501351e-015 -1.0
outer loop
vertex -4.72354286469251 -0.703584235776092 -79.1005869886967
vertex -0.500000000000022 -10.9999999999999 -79.1005869886967
vertex -4.00000000000008 -0.403882968262202 -79.1005869886967
endloop
endfacet
facet normal -1.30295604283063e-016 1.04601418501351e-015 -1.0
outer loop
vertex -4.00000000000008 -0.403882968262202 -79.1005869886967
vertex -0.500000000000022 -10.9999999999999 -79.1005869886967
vertex -3.37867965644043 0.0728728995314736 -79.1005869886967
endloop
endfacet
facet normal -1.30295604283063e-016 1.04601418501351e-015 -1.0
outer loop
vertex -3.37867965644043 0.0728728995314736 -79.1005869886967
vertex -0.500000000000022 -10.9999999999999 -79.1005869886967
vertex -2.90192378864676 0.694193243091116 -79.1005869886967
endloop
endfacet
facet normal -1.30295604283063e-016 1.04601418501351e-015 -1.0
outer loop
vertex -2.90192378864676 0.694193243091116 -79.1005869886967
vertex -0.500000000000022 -10.9999999999999 -79.1005869886967
vertex -2.60222252113288 1.41773610778355 -79.1005869886967
endloop
endfacet
facet normal -1.30295604283063e-016 1.04601418501351e-015 -1.0
outer loop
vertex -2.60222252113288 1.41773610778355 -79.1005869886967
vertex -0.500000000000022 -10.9999999999999 -79.1005869886967
vertex -2.50000000000008 2.19419324309111 -79.1005869886967
endloop
endfacet
facet normal -1.30295604283063e-016 1.04601418501351e-015 -1.0
outer loop
vertex -2.50000000000008 2.19419324309111 -79.1005869886967
vertex -0.500000000000022 -10.9999999999999 -79.1005869886967
vertex -0.500000000000123 26.5000000000001 -79.1005869886967
endloop
endfacet
facet normal -1.30295604283063e-016 1.04601418501351e-015 -1.0
outer loop
vertex -2.50000000000008 2.19419324309111 -79.1005869886967
vertex -0.500000000000123 26.5000000000001 -79.1005869886967
vertex -0.602222521132918 25.7235428646925 -79.1005869886967
endloop
endfacet
facet normal -1.30295604283063e-016 1.04601418501351e-015 -1.0
outer loop
vertex -2.50000000000008 2.19419324309111 -79.1005869886967
vertex -0.602222521132918 25.7235428646925 -79.1005869886967
vertex -0.901923788646806 25.0000000000001 -79.1005869886967
endloop
endfacet
facet normal -1.30295604283063e-016 1.04601418501351e-015 -1.0
outer loop
vertex -2.50000000000008 2.19419324309111 -79.1005869886967
vertex -0.901923788646806 25.0000000000001 -79.1005869886967
vertex -1.37867965644048 24.3786796564405 -79.1005869886967
endloop
endfacet
facet normal -1.30295604283063e-016 1.04601418501351e-015 -1.0
outer loop
vertex -2.50000000000008 2.19419324309111 -79.1005869886967
vertex -1.37867965644048 24.3786796564405 -79.1005869886967
vertex -2.00000000000012 23.9019237886468 -79.1005869886967
endloop
endfacet
facet normal -1.30295604283063e-016 1.04601418501351e-015 -1.0
outer loop
vertex -10.5000000000001 -2.80580675690887 -79.1005869886967
vertex -4.72354286469251 -0.703584235776092 -79.1005869886967
vertex -5.50000000000007 -0.805806756908887 -79.1005869886967
endloop
endfacet
facet normal -1.30295604283063e-016 1.04601418501351e-015 -1.0
outer loop
vertex -10.5000000000001 -2.80580675690887 -79.1005869886967
vertex -5.50000000000007 -0.805806756908887 -79.1005869886967
vertex -6.27645713530764 -0.703584235776092 -79.1005869886967
endloop
endfacet
facet normal -1.30295604283063e-016 1.04601418501351e-015 -1.0
outer loop
vertex -10.5000000000001 -2.80580675690887 -79.1005869886967
vertex -6.27645713530764 -0.703584235776092 -79.1005869886967
vertex -7.00000000000008 -0.403882968262204 -79.1005869886967
endloop
endfacet
facet normal -1.30295604283063e-016 1.04601418501351e-015 -1.0
outer loop
vertex -10.5000000000001 -2.80580675690887 -79.1005869886967
vertex -7.00000000000008 -0.403882968262204 -79.1005869886967
vertex -7.62132034355972 0.0728728995314708 -79.1005869886967
endloop
endfacet
facet normal -1.30295604283063e-016 1.04601418501351e-015 -1.0
outer loop
vertex -10.5000000000001 -2.80580675690887 -79.1005869886967
vertex -7.62132034355972 0.0728728995314708 -79.1005869886967
vertex -8.0980762113534 0.694193243091113 -79.1005869886967
endloop
endfacet
facet normal -1.30295604283063e-016 1.04601418501351e-015 -1.0
outer loop
vertex -10.5000000000001 -2.80580675690887 -79.1005869886967
vertex -8.0980762113534 0.694193243091113 -79.1005869886967
vertex -8.39777747886729 1.41773610778355 -79.1005869886967
endloop
endfacet
facet normal -1.30295604283063e-016 1.04601418501351e-015 -1.0
outer loop
vertex -10.5000000000001 -2.80580675690887 -79.1005869886967
vertex -8.39777747886729 1.41773610778355 -79.1005869886967
vertex -8.50000000000008 2.19419324309111 -79.1005869886967
endloop
endfacet
facet normal -1.30295604283063e-016 1.04601418501351e-015 -1.0
outer loop
vertex -10.5000000000001 -2.80580675690887 -79.1005869886967
vertex -8.50000000000008 2.19419324309111 -79.1005869886967
vertex -10.5000000000001 7.19419324309113 -79.1005869886967
endloop
endfacet
facet normal -1.30295604283063e-016 1.04601418501351e-015 -1.0
outer loop
vertex -10.5000000000001 -2.80580675690887 -79.1005869886967
vertex -10.5000000000001 7.19419324309113 -79.1005869886967
vertex -10.5000000000001 2.19419324309112 -79.1005869886967
endloop
endfacet
facet normal -1.30295604283063e-016 1.04601418501351e-015 -1.0
outer loop
vertex 40.6639130606982 24.3786796564406 -79.1005869886967
vertex 40.8 15.0000000000002 -79.1005869886967
vertex 41.1406689284919 25.0000000000002 -79.1005869886967
endloop
endfacet
facet normal -1.30295604283063e-016 1.04601418501351e-015 -1.0
outer loop
vertex 40.8 15.0000000000002 -79.1005869886967
vertex 40.6639130606982 24.3786796564406 -79.1005869886967
vertex 40.7488887394336 15.388228567654 -79.1005869886967
endloop
endfacet
facet normal -1.30295604283063e-016 1.04601418501351e-015 -1.0
outer loop
vertex 40.7488887394336 15.388228567654 -79.1005869886967
vertex 40.6639130606982 24.3786796564406 -79.1005869886967
vertex 40.5990381056766 15.7500000000002 -79.1005869886967
endloop
endfacet
facet normal -1.30295604283063e-016 1.04601418501351e-015 -1.0
outer loop
vertex 40.5990381056766 15.7500000000002 -79.1005869886967
vertex 40.6639130606982 24.3786796564406 -79.1005869886967
vertex 40.0425927171386 23.9019237886469 -79.1005869886967
endloop
endfacet
facet normal -1.30295604283063e-016 1.04601418501351e-015 -1.0
outer loop
vertex 40.5990381056766 15.7500000000002 -79.1005869886967
vertex 40.0425927171386 23.9019237886469 -79.1005869886967
vertex 40.3606601717798 16.06066017178 -79.1005869886967
endloop
endfacet
facet normal -1.30295604283063e-016 1.04601418501351e-015 -1.0
outer loop
vertex 40.3606601717798 16.06066017178 -79.1005869886967
vertex 40.0425927171386 23.9019237886469 -79.1005869886967
vertex 40.05 16.2990381056769 -79.1005869886967
endloop
endfacet
facet normal -1.30295604283063e-016 1.04601418501351e-015 -1.0
outer loop
vertex 40.05 16.2990381056769 -79.1005869886967
vertex 40.0425927171386 23.9019237886469 -79.1005869886967
vertex 39.6882285676538 16.4488887394338 -79.1005869886967
endloop
endfacet
facet normal -1.30295604283063e-016 1.04601418501351e-015 -1.0
outer loop
vertex 39.6882285676538 16.4488887394338 -79.1005869886967
vertex 40.0425927171386 23.9019237886469 -79.1005869886967
vertex 39.3190498524462 23.602222521133 -79.1005869886967
endloop
endfacet
facet normal -1.30295604283063e-016 1.04601418501351e-015 -1.0
outer loop
vertex 39.6882285676538 16.4488887394338 -79.1005869886967
vertex 39.3190498524462 23.602222521133 -79.1005869886967
vertex 39.3 16.5000000000002 -79.1005869886967
endloop
endfacet
facet normal -1.30295604283063e-016 1.04601418501351e-015 -1.0
outer loop
vertex 39.3 16.5000000000002 -79.1005869886967
vertex 39.3190498524462 23.602222521133 -79.1005869886967
vertex 38.5425927171386 23.5000000000002 -79.1005869886967
endloop
endfacet
facet normal -1.30295604283063e-016 1.04601418501351e-015 -1.0
outer loop
vertex 39.3 16.5000000000002 -79.1005869886967
vertex 38.5425927171386 23.5000000000002 -79.1005869886967
vertex 38.9117714323462 16.4488887394338 -79.1005869886967
endloop
endfacet
facet normal -1.30295604283063e-016 1.04601418501351e-015 -1.0
outer loop
vertex 38.9117714323462 16.4488887394338 -79.1005869886967
vertex 38.5425927171386 23.5000000000002 -79.1005869886967
vertex 38.55 16.2990381056769 -79.1005869886967
endloop
endfacet
facet normal -1.30295604283063e-016 1.04601418501351e-015 -1.0
outer loop
vertex 38.55 16.2990381056769 -79.1005869886967
vertex 38.5425927171386 23.5000000000002 -79.1005869886967
vertex 38.2393398282201 16.06066017178 -79.1005869886967
endloop
endfacet
facet normal -1.30295604283063e-016 1.04601418501351e-015 -1.0
outer loop
vertex 38.2393398282201 16.06066017178 -79.1005869886967
vertex 38.5425927171386 23.5000000000002 -79.1005869886967
vertex 37.766135581831 23.602222521133 -79.1005869886967
endloop
endfacet
facet normal -1.30295604283063e-016 1.04601418501351e-015 -1.0
outer loop
vertex 38.2393398282201 16.06066017178 -79.1005869886967
vertex 37.766135581831 23.602222521133 -79.1005869886967
vertex 38.0009618943233 15.7500000000002 -79.1005869886967
endloop
endfacet
facet normal -1.30295604283063e-016 1.04601418501351e-015 -1.0
outer loop
vertex 38.0009618943233 15.7500000000002 -79.1005869886967
vertex 37.766135581831 23.602222521133 -79.1005869886967
vertex 37.8511112605664 15.388228567654 -79.1005869886967
endloop
endfacet
facet normal -1.30295604283063e-016 1.04601418501351e-015 -1.0
outer loop
vertex 37.8511112605664 15.388228567654 -79.1005869886967
vertex 37.766135581831 23.602222521133 -79.1005869886967
vertex 37.8 15.0000000000002 -79.1005869886967
endloop
endfacet
facet normal -1.30295604283063e-016 1.04601418501351e-015 -1.0
outer loop
vertex 42.5 31.8 -79.1005869886967
vertex 45.5 -3.15290337845444 -79.1005869886967
vertex 45.5026571650159 7.20442196312916 -79.1005869886967
endloop
endfacet
facet normal -1.30295604283063e-016 1.04601418501351e-015 -1.0
outer loop
vertex 45.5 -3.15290337845444 -79.1005869886967
vertex 42.5 31.8 -79.1005869886967
vertex 43.5 2.194193243091 -79.1005869886967
endloop
endfacet
facet normal -1.30295604283063e-016 1.04601418501351e-015 -1.0
outer loop
vertex 43.5 2.194193243091 -79.1005869886967
vertex 42.5 31.8 -79.1005869886967
vertex 43.3977774788672 2.97065037839856 -79.1005869886967
endloop
endfacet
facet normal -1.30295604283063e-016 1.04601418501351e-015 -1.0
outer loop
vertex 43.3977774788672 2.97065037839856 -79.1005869886967
vertex 42.5 31.8 -79.1005869886967
vertex 43.0980762113533 3.694193243091 -79.1005869886967
endloop
endfacet
facet normal -1.30295604283063e-016 1.04601418501351e-015 -1.0
outer loop
vertex 43.0980762113533 3.694193243091 -79.1005869886967
vertex 42.5 31.8 -79.1005869886967
vertex 42.6213203435597 4.31551358665064 -79.1005869886967
endloop
endfacet
facet normal -1.30295604283063e-016 1.04601418501351e-015 -1.0
outer loop
vertex 42.6213203435597 4.31551358665064 -79.1005869886967
vertex 42.5 31.8 -79.1005869886967
vertex 42.0 4.79226945444432 -79.1005869886967
endloop
endfacet
facet normal -1.30295604283063e-016 1.04601418501351e-015 -1.0
outer loop
vertex 42.0 4.79226945444432 -79.1005869886967
vertex 42.5 31.8 -79.1005869886967
vertex 42.4572243068691 32.4526309611003 -79.1005869886966
endloop
endfacet
facet normal -1.30295604283063e-016 1.04601418501351e-015 -1.0
outer loop
vertex 42.0 4.79226945444432 -79.1005869886967
vertex 42.4572243068691 32.4526309611003 -79.1005869886966
vertex 42.3296291314454 33.0940952255126 -79.1005869886966
endloop
endfacet
facet normal -1.30295604283063e-016 1.04601418501351e-015 -1.0
outer loop
vertex 42.0 4.79226945444432 -79.1005869886967
vertex 42.3296291314454 33.0940952255126 -79.1005869886966
vertex 42.1193976625565 33.7134171618255 -79.1005869886966
endloop
endfacet
facet normal -1.30295604283063e-016 1.04601418501351e-015 -1.0
outer loop
vertex 42.0 4.79226945444432 -79.1005869886967
vertex 42.1193976625565 33.7134171618255 -79.1005869886966
vertex 41.8301270189222 34.3 -79.1005869886966
endloop
endfacet
facet normal -1.30295604283063e-016 1.04601418501351e-015 -1.0
outer loop
vertex 42.0 4.79226945444432 -79.1005869886967
vertex 41.8301270189222 34.3 -79.1005869886966
vertex 41.2764571353076 5.09197072195821 -79.1005869886967
endloop
endfacet
facet normal -1.30295604283063e-016 1.04601418501351e-015 -1.0
outer loop
vertex 41.2764571353076 5.09197072195821 -79.1005869886967
vertex 41.8301270189222 34.3 -79.1005869886966
vertex 41.5425927171386 26.5000000000002 -79.1005869886967
endloop
endfacet
facet normal -1.30295604283063e-016 1.04601418501351e-015 -1.0
outer loop
vertex 41.2764571353076 5.09197072195821 -79.1005869886967
vertex 41.5425927171386 26.5000000000002 -79.1005869886967
vertex 41.4403701960058 25.7235428646926 -79.1005869886967
endloop
endfacet
facet normal -1.30295604283063e-016 1.04601418501351e-015 -1.0
outer loop
vertex 41.2764571353076 5.09197072195821 -79.1005869886967
vertex 41.4403701960058 25.7235428646926 -79.1005869886967
vertex 41.1406689284919 25.0000000000002 -79.1005869886967
endloop
endfacet
facet normal -1.30295604283063e-016 1.04601418501351e-015 -1.0
outer loop
vertex 41.2764571353076 5.09197072195821 -79.1005869886967
vertex 41.1406689284919 25.0000000000002 -79.1005869886967
vertex 40.5 5.194193243091 -79.1005869886967
endloop
endfacet
facet normal -1.30295604283063e-016 1.04601418501351e-015 -1.0
outer loop
vertex 40.5 5.194193243091 -79.1005869886967
vertex 41.1406689284919 25.0000000000002 -79.1005869886967
vertex 40.8 15.0000000000002 -79.1005869886967
endloop
endfacet
facet normal -1.30295604283063e-016 1.04601418501351e-015 -1.0
outer loop
vertex 40.5 5.194193243091 -79.1005869886967
vertex 40.8 15.0000000000002 -79.1005869886967
vertex 40.7488887394336 14.6117714323464 -79.1005869886967
endloop
endfacet
facet normal -1.30295604283063e-016 1.04601418501351e-015 -1.0
outer loop
vertex 40.5 5.194193243091 -79.1005869886967
vertex 40.7488887394336 14.6117714323464 -79.1005869886967
vertex 40.5990381056766 14.2500000000002 -79.1005869886967
endloop
endfacet
facet normal -1.30295604283063e-016 1.04601418501351e-015 -1.0
outer loop
vertex 40.5 5.194193243091 -79.1005869886967
vertex 40.5990381056766 14.2500000000002 -79.1005869886967
vertex 40.3606601717798 13.9393398282204 -79.1005869886967
endloop
endfacet
facet normal -1.30295604283063e-016 1.04601418501351e-015 -1.0
outer loop
vertex 40.5 5.194193243091 -79.1005869886967
vertex 40.3606601717798 13.9393398282204 -79.1005869886967
vertex 39.7235428646925 5.09197072195821 -79.1005869886967
endloop
endfacet
facet normal -1.30295604283063e-016 1.04601418501351e-015 -1.0
outer loop
vertex 39.7235428646925 5.09197072195821 -79.1005869886967
vertex 40.3606601717798 13.9393398282204 -79.1005869886967
vertex 40.05 13.7009618943235 -79.1005869886967
endloop
endfacet
facet normal -1.30295604283063e-016 1.04601418501351e-015 -1.0
outer loop
vertex 39.7235428646925 5.09197072195821 -79.1005869886967
vertex 40.05 13.7009618943235 -79.1005869886967
vertex 39.6882285676537 13.5511112605666 -79.1005869886967
endloop
endfacet
facet normal -1.30295604283063e-016 1.04601418501351e-015 -1.0
outer loop
vertex 39.7235428646925 5.09197072195821 -79.1005869886967
vertex 39.6882285676537 13.5511112605666 -79.1005869886967
vertex 39.0 4.79226945444432 -79.1005869886967
endloop
endfacet
facet normal -1.30295604283063e-016 1.04601418501351e-015 -1.0
outer loop
vertex 39.0 4.79226945444432 -79.1005869886967
vertex 39.6882285676537 13.5511112605666 -79.1005869886967
vertex 39.3 13.5000000000002 -79.1005869886967
endloop
endfacet
facet normal -1.30295604283063e-016 1.04601418501351e-015 -1.0
outer loop
vertex 39.0 4.79226945444432 -79.1005869886967
vertex 39.3 13.5000000000002 -79.1005869886967
vertex 38.9117714323462 13.5511112605666 -79.1005869886967
endloop
endfacet
facet normal -1.30295604283063e-016 1.04601418501351e-015 -1.0
outer loop
vertex 39.0 4.79226945444432 -79.1005869886967
vertex 38.9117714323462 13.5511112605666 -79.1005869886967
vertex 38.3786796564404 4.31551358665064 -79.1005869886967
endloop
endfacet
facet normal -1.30295604283063e-016 1.04601418501351e-015 -1.0
outer loop
vertex 38.3786796564404 4.31551358665064 -79.1005869886967
vertex 38.9117714323462 13.5511112605666 -79.1005869886967
vertex 38.55 13.7009618943235 -79.1005869886967
endloop
endfacet
facet normal -1.30295604283063e-016 1.04601418501351e-015 -1.0
outer loop
vertex 38.3786796564404 4.31551358665064 -79.1005869886967
vertex 38.55 13.7009618943235 -79.1005869886967
vertex 38.2393398282201 13.9393398282204 -79.1005869886967
endloop
endfacet
facet normal -1.30295604283063e-016 1.04601418501351e-015 -1.0
outer loop
vertex 38.3786796564404 4.31551358665064 -79.1005869886967
vertex 38.2393398282201 13.9393398282204 -79.1005869886967
vertex 37.9019237886467 3.694193243091 -79.1005869886967
endloop
endfacet
facet normal -1.30295604283063e-016 1.04601418501351e-015 -1.0
outer loop
vertex 37.9019237886467 3.694193243091 -79.1005869886967
vertex 38.2393398282201 13.9393398282204 -79.1005869886967
vertex 38.0009618943233 14.2500000000002 -79.1005869886967
endloop
endfacet
facet normal -1.30295604283063e-016 1.04601418501351e-015 -1.0
outer loop
vertex 37.9019237886467 3.694193243091 -79.1005869886967
vertex 38.0009618943233 14.2500000000002 -79.1005869886967
vertex 37.8511112605664 14.6117714323464 -79.1005869886967
endloop
endfacet
facet normal -1.30295604283063e-016 1.04601418501351e-015 -1.0
outer loop
vertex 37.9019237886467 3.694193243091 -79.1005869886967
vertex 37.8511112605664 14.6117714323464 -79.1005869886967
vertex 37.6022225211328 2.97065037839856 -79.1005869886967
endloop
endfacet
facet normal -1.30295604283063e-016 1.04601418501351e-015 -1.0
outer loop
vertex 37.6022225211328 2.97065037839856 -79.1005869886967
vertex 37.8511112605664 14.6117714323464 -79.1005869886967
vertex 37.8 15.0000000000002 -79.1005869886967
endloop
endfacet
facet normal -1.30295604283063e-016 1.04601418501351e-015 -1.0
outer loop
vertex 37.6022225211328 2.97065037839856 -79.1005869886967
vertex 37.8 15.0000000000002 -79.1005869886967
vertex 37.766135581831 23.602222521133 -79.1005869886967
endloop
endfacet
facet normal -1.30295604283063e-016 1.04601418501351e-015 -1.0
outer loop
vertex 37.6022225211328 2.97065037839856 -79.1005869886967
vertex 37.766135581831 23.602222521133 -79.1005869886967
vertex 37.0425927171386 23.9019237886469 -79.1005869886967
endloop
endfacet
facet normal -1.30295604283063e-016 1.04601418501351e-015 -1.0
outer loop
vertex 37.6022225211328 2.97065037839856 -79.1005869886967
vertex 37.0425927171386 23.9019237886469 -79.1005869886967
vertex 37.5 2.19419324309099 -79.1005869886967
endloop
endfacet
facet normal -1.30295604283063e-016 1.04601418501351e-015 -1.0
outer loop
vertex 45.5 -3.15290337845444 -79.1005869886967
vertex 43.0980762113533 0.694193243090997 -79.1005869886967
vertex 35.4999999999999 -10.9999999999999 -79.1005869886967
endloop
endfacet
facet normal -1.30295604283063e-016 1.04601418501351e-015 -1.0
outer loop
vertex 43.0980762113533 0.694193243090997 -79.1005869886967
vertex 45.5 -3.15290337845444 -79.1005869886967
vertex 43.3977774788672 1.41773610778344 -79.1005869886967
endloop
endfacet
facet normal -1.30295604283063e-016 1.04601418501351e-015 -1.0
outer loop
vertex 43.3977774788672 1.41773610778344 -79.1005869886967
vertex 45.5 -3.15290337845444 -79.1005869886967
vertex 43.5 2.194193243091 -79.1005869886967
endloop
endfacet
facet normal -1.30295604283063e-016 1.04601418501351e-015 -1.0
outer loop
vertex 35.4999999999999 -10.9999999999999 -79.1005869886967
vertex 43.0980762113533 0.694193243090997 -79.1005869886967
vertex 42.6213203435597 0.0728728995313552 -79.1005869886967
endloop
endfacet
facet normal -1.30295604283063e-016 1.04601418501351e-015 -1.0
outer loop
vertex 35.4999999999999 -10.9999999999999 -79.1005869886967
vertex 42.6213203435597 0.0728728995313552 -79.1005869886967
vertex 42.0 -0.403882968262317 -79.1005869886967
endloop
endfacet
facet normal -1.30295604283063e-016 1.04601418501351e-015 -1.0
outer loop
vertex 35.4999999999999 -10.9999999999999 -79.1005869886967
vertex 42.0 -0.403882968262317 -79.1005869886967
vertex 41.2764571353076 -0.703584235776205 -79.1005869886967
endloop
endfacet
facet normal -1.30295604283063e-016 1.04601418501351e-015 -1.0
outer loop
vertex 35.4999999999999 -10.9999999999999 -79.1005869886967
vertex 41.2764571353076 -0.703584235776205 -79.1005869886967
vertex 40.5 -0.805806756909 -79.1005869886967
endloop
endfacet
facet normal -1.30295604283063e-016 1.04601418501351e-015 -1.0
outer loop
vertex 35.4999999999999 -10.9999999999999 -79.1005869886967
vertex 40.5 -0.805806756909 -79.1005869886967
vertex 39.7235428646925 -0.703584235776205 -79.1005869886967
endloop
endfacet
facet normal -1.30295604283063e-016 1.04601418501351e-015 -1.0
outer loop
vertex 35.4999999999999 -10.9999999999999 -79.1005869886967
vertex 39.7235428646925 -0.703584235776205 -79.1005869886967
vertex 39.0 -0.403882968262317 -79.1005869886967
endloop
endfacet
facet normal -1.30295604283063e-016 1.04601418501351e-015 -1.0
outer loop
vertex 35.4999999999999 -10.9999999999999 -79.1005869886967
vertex 39.0 -0.403882968262317 -79.1005869886967
vertex 38.3786796564404 0.0728728995313552 -79.1005869886967
endloop
endfacet
facet normal -1.30295604283063e-016 1.04601418501351e-015 -1.0
outer loop
vertex 35.4999999999999 -10.9999999999999 -79.1005869886967
vertex 38.3786796564404 0.0728728995313552 -79.1005869886967
vertex 37.9019237886467 0.694193243090997 -79.1005869886967
endloop
endfacet
facet normal -1.30295604283063e-016 1.04601418501351e-015 -1.0
outer loop
vertex 35.4999999999999 -10.9999999999999 -79.1005869886967
vertex 37.9019237886467 0.694193243090997 -79.1005869886967
vertex 37.6022225211328 1.41773610778343 -79.1005869886967
endloop
endfacet
facet normal -1.30295604283063e-016 1.04601418501351e-015 -1.0
outer loop
vertex 35.4999999999999 -10.9999999999999 -79.1005869886967
vertex 37.6022225211328 1.41773610778343 -79.1005869886967
vertex 37.5 2.19419324309099 -79.1005869886967
endloop
endfacet
facet normal -1.30295604283063e-016 1.04601418501351e-015 -1.0
outer loop
vertex 35.4999999999999 -10.9999999999999 -79.1005869886967
vertex 37.5 2.19419324309099 -79.1005869886967
vertex 37.0425927171386 23.9019237886469 -79.1005869886967
endloop
endfacet
facet normal -1.30295604283063e-016 1.04601418501351e-015 -1.0
outer loop
vertex 35.4999999999999 -10.9999999999999 -79.1005869886967
vertex 37.0425927171386 23.9019237886469 -79.1005869886967
vertex 36.421272373579 24.3786796564406 -79.1005869886967
endloop
endfacet
facet normal -1.30295604283063e-016 1.04601418501351e-015 -1.0
outer loop
vertex 35.4999999999999 -10.9999999999999 -79.1005869886967
vertex 36.421272373579 24.3786796564406 -79.1005869886967
vertex 35.9445165057853 25.0000000000002 -79.1005869886967
endloop
endfacet
facet normal -1.30295604283063e-016 1.04601418501351e-015 -1.0
outer loop
vertex 35.4999999999999 -10.9999999999999 -79.1005869886967
vertex 35.9445165057853 25.0000000000002 -79.1005869886967
vertex 35.6448152382714 25.7235428646926 -79.1005869886967
endloop
endfacet
facet normal -1.30295604283063e-016 1.04601418501351e-015 -1.0
outer loop
vertex 35.4999999999999 -10.9999999999999 -79.1005869886967
vertex 35.6448152382714 25.7235428646926 -79.1005869886967
vertex 35.5425927171386 26.5000000000002 -79.1005869886967
endloop
endfacet
facet normal 0.866025403784439 -0.5 2.94526331951613e-031
outer loop
vertex 35.9445165057853 28.0000000000002 -76.1005869886967
vertex 35.6448152382714 27.2764571353078 -79.1005869886967
vertex 35.6448152382714 27.2764571353078 -76.1005869886967
endloop
endfacet
facet normal 0.965925826289068 -0.258819045102521 1.52458047986529e-031
outer loop
vertex 35.6448152382714 27.2764571353078 -79.1005869886967
vertex 35.9445165057853 28.0000000000002 -76.1005869886967
vertex 35.9445165057853 28.0000000000002 -79.1005869886967
endloop
endfacet
facet normal 0.965925826289068 -0.258819045102521 1.52458047986529e-031
outer loop
vertex 35.6448152382714 27.2764571353078 -76.1005869886967
vertex 35.5425927171386 26.5000000000002 -79.1005869886967
vertex 35.5425927171386 26.5000000000002 -76.1005869886967
endloop
endfacet
facet normal 1.0 0.0 -3.51481310940197e-047
outer loop
vertex 35.5425927171386 26.5000000000002 -79.1005869886967
vertex 35.6448152382714 27.2764571353078 -76.1005869886967
vertex 35.6448152382714 27.2764571353078 -79.1005869886967
endloop
endfacet
facet normal 1.0 0.0 -3.51481310940197e-047
outer loop
vertex 35.5425927171386 26.5000000000002 -76.1005869886967
vertex 35.6448152382714 25.7235428646926 -79.1005869886967
vertex 35.6448152382714 25.7235428646926 -76.1005869886967
endloop
endfacet
facet normal 0.965925826289069 0.258819045102519 -1.52458047986528e-031
outer loop
vertex 35.6448152382714 25.7235428646926 -79.1005869886967
vertex 35.5425927171386 26.5000000000002 -76.1005869886967
vertex 35.5425927171386 26.5000000000002 -79.1005869886967
endloop
endfacet
facet normal 0.965925826289069 0.258819045102519 -1.52458047986528e-031
outer loop
vertex 35.6448152382714 25.7235428646926 -76.1005869886967
vertex 35.9445165057853 25.0000000000002 -79.1005869886967
vertex 35.9445165057853 25.0000000000002 -76.1005869886967
endloop
endfacet
facet normal 0.866025403784438 0.500000000000001 -2.94526331951614e-031
outer loop
vertex 35.9445165057853 25.0000000000002 -79.1005869886967
vertex 35.6448152382714 25.7235428646926 -76.1005869886967
vertex 35.6448152382714 25.7235428646926 -79.1005869886967
endloop
endfacet
facet normal 0.866025403784438 0.500000000000001 -2.94526331951614e-031
outer loop
vertex 35.9445165057853 25.0000000000002 -76.1005869886967
vertex 36.421272373579 24.3786796564406 -79.1005869886967
vertex 36.421272373579 24.3786796564406 -76.1005869886967
endloop
endfacet
facet normal 0.707106781186546 0.707106781186549 -4.16523133121973e-031
outer loop
vertex 36.421272373579 24.3786796564406 -79.1005869886967
vertex 35.9445165057853 25.0000000000002 -76.1005869886967
vertex 35.9445165057853 25.0000000000002 -79.1005869886967
endloop
endfacet
facet normal 0.5 0.866025403784439 -5.10134571107091e-031
outer loop
vertex 37.0425927171386 23.9019237886469 -76.1005869886967
vertex 36.421272373579 24.3786796564406 -79.1005869886967
vertex 37.0425927171386 23.9019237886469 -79.1005869886967
endloop
endfacet
facet normal 0.707106781186546 0.707106781186549 -4.16523133121973e-031
outer loop
vertex 36.421272373579 24.3786796564406 -79.1005869886967
vertex 37.0425927171386 23.9019237886469 -76.1005869886967
vertex 36.421272373579 24.3786796564406 -76.1005869886967
endloop
endfacet
facet normal 0.258819045102521 0.965925826289068 -5.68981181108501e-031
outer loop
vertex 37.766135581831 23.602222521133 -76.1005869886967
vertex 37.0425927171386 23.9019237886469 -79.1005869886967
vertex 37.766135581831 23.602222521133 -79.1005869886967
endloop
endfacet
facet normal 0.5 0.866025403784439 -5.10134571107091e-031
outer loop
vertex 37.0425927171386 23.9019237886469 -79.1005869886967
vertex 37.766135581831 23.602222521133 -76.1005869886967
vertex 37.0425927171386 23.9019237886469 -76.1005869886967
endloop
endfacet
facet normal 0.0 1.0 -5.89052663903227e-031
outer loop
vertex 38.5425927171386 23.5000000000002 -76.1005869886967
vertex 37.766135581831 23.602222521133 -79.1005869886967
vertex 38.5425927171386 23.5000000000002 -79.1005869886967
endloop
endfacet
facet normal 0.258819045102521 0.965925826289068 -5.68981181108501e-031
outer loop
vertex 37.766135581831 23.602222521133 -79.1005869886967
vertex 38.5425927171386 23.5000000000002 -76.1005869886967
vertex 37.766135581831 23.602222521133 -76.1005869886967
endloop
endfacet
facet normal -0.258819045102521 0.965925826289068 -5.68981181108501e-031
outer loop
vertex 39.3190498524462 23.602222521133 -76.1005869886967
vertex 38.5425927171386 23.5000000000002 -79.1005869886967
vertex 39.3190498524462 23.602222521133 -79.1005869886967
endloop
endfacet
facet normal 0.0 1.0 -5.89052663903227e-031
outer loop
vertex 38.5425927171386 23.5000000000002 -79.1005869886967
vertex 39.3190498524462 23.602222521133 -76.1005869886967
vertex 38.5425927171386 23.5000000000002 -76.1005869886967
endloop
endfacet
facet normal -0.500000000000001 0.866025403784438 -5.10134571107091e-031
outer loop
vertex 40.0425927171386 23.9019237886469 -76.1005869886967
vertex 39.3190498524462 23.602222521133 -79.1005869886967
vertex 40.0425927171386 23.9019237886469 -79.1005869886967
endloop
endfacet
facet normal -0.258819045102521 0.965925826289068 -5.68981181108501e-031
outer loop
vertex 39.3190498524462 23.602222521133 -79.1005869886967
vertex 40.0425927171386 23.9019237886469 -76.1005869886967
vertex 39.3190498524462 23.602222521133 -76.1005869886967
endloop
endfacet
facet normal -0.707106781186547 0.707106781186548 -4.16523133121972e-031
outer loop
vertex 40.6639130606982 24.3786796564406 -76.1005869886967
vertex 40.0425927171386 23.9019237886469 -79.1005869886967
vertex 40.6639130606982 24.3786796564406 -79.1005869886967
endloop
endfacet
facet normal -0.500000000000001 0.866025403784438 -5.10134571107091e-031
outer loop
vertex 40.0425927171386 23.9019237886469 -79.1005869886967
vertex 40.6639130606982 24.3786796564406 -76.1005869886967
vertex 40.0425927171386 23.9019237886469 -76.1005869886967
endloop
endfacet
facet normal -0.866025403784439 0.5 -2.94526331951613e-031
outer loop
vertex 41.1406689284919 25.0000000000002 -79.1005869886967
vertex 40.6639130606982 24.3786796564406 -76.1005869886967
vertex 40.6639130606982 24.3786796564406 -79.1005869886967
endloop
endfacet
facet normal -0.707106781186547 0.707106781186548 -4.16523133121972e-031
outer loop
vertex 40.6639130606982 24.3786796564406 -76.1005869886967
vertex 41.1406689284919 25.0000000000002 -79.1005869886967
vertex 41.1406689284919 25.0000000000002 -76.1005869886967
endloop
endfacet
facet normal -0.965925826289069 0.25881904510252 -1.52458047986529e-031
outer loop
vertex 41.4403701960058 25.7235428646926 -79.1005869886967
vertex 41.1406689284919 25.0000000000002 -76.1005869886967
vertex 41.1406689284919 25.0000000000002 -79.1005869886967
endloop
endfacet
facet normal -0.866025403784439 0.5 -2.94526331951613e-031
outer loop
vertex 41.1406689284919 25.0000000000002 -76.1005869886967
vertex 41.4403701960058 25.7235428646926 -79.1005869886967
vertex 41.4403701960058 25.7235428646926 -76.1005869886967
endloop
endfacet
facet normal -1.0 0.0 3.51481310940197e-047
outer loop
vertex 41.5425927171386 26.5000000000002 -79.1005869886967
vertex 41.4403701960058 25.7235428646926 -76.1005869886967
vertex 41.4403701960058 25.7235428646926 -79.1005869886967
endloop
endfacet
facet normal -0.965925826289069 0.25881904510252 -1.52458047986529e-031
outer loop
vertex 41.4403701960058 25.7235428646926 -76.1005869886967
vertex 41.5425927171386 26.5000000000002 -79.1005869886967
vertex 41.5425927171386 26.5000000000002 -76.1005869886967
endloop
endfacet
facet normal -0.965925826289069 -0.258819045102519 1.52458047986528e-031
outer loop
vertex 41.4403701960058 27.2764571353078 -79.1005869886967
vertex 41.5425927171386 26.5000000000002 -76.1005869886967
vertex 41.5425927171386 26.5000000000002 -79.1005869886967
endloop
endfacet
facet normal -1.0 0.0 3.51481310940197e-047
outer loop
vertex 41.5425927171386 26.5000000000002 -76.1005869886967
vertex 41.4403701960058 27.2764571353078 -79.1005869886967
vertex 41.4403701960058 27.2764571353078 -76.1005869886967
endloop
endfacet
facet normal -0.866025403784438 -0.500000000000001 2.94526331951614e-031
outer loop
vertex 41.1406689284919 28.0000000000002 -79.1005869886967
vertex 41.4403701960058 27.2764571353078 -76.1005869886967
vertex 41.4403701960058 27.2764571353078 -79.1005869886967
endloop
endfacet
facet normal -0.965925826289069 -0.258819045102519 1.52458047986528e-031
outer loop
vertex 41.4403701960058 27.2764571353078 -76.1005869886967
vertex 41.1406689284919 28.0000000000002 -79.1005869886967
vertex 41.1406689284919 28.0000000000002 -76.1005869886967
endloop
endfacet
facet normal -0.707106781186546 -0.707106781186549 4.16523133121973e-031
outer loop
vertex 40.6639130606982 28.6213203435598 -79.1005869886967
vertex 41.1406689284919 28.0000000000002 -76.1005869886967
vertex 41.1406689284919 28.0000000000002 -79.1005869886967
endloop
endfacet
facet normal -0.866025403784438 -0.500000000000001 2.94526331951614e-031
outer loop
vertex 41.1406689284919 28.0000000000002 -76.1005869886967
vertex 40.6639130606982 28.6213203435598 -79.1005869886967
vertex 40.6639130606982 28.6213203435598 -76.1005869886967
endloop
endfacet
facet normal -0.5 -0.866025403784439 5.10134571107091e-031
outer loop
vertex 40.0425927171386 29.0980762113535 -76.1005869886967
vertex 40.6639130606982 28.6213203435598 -79.1005869886967
vertex 40.0425927171386 29.0980762113535 -79.1005869886967
endloop
endfacet
facet normal -0.707106781186546 -0.707106781186549 4.16523133121973e-031
outer loop
vertex 40.6639130606982 28.6213203435598 -79.1005869886967
vertex 40.0425927171386 29.0980762113535 -76.1005869886967
vertex 40.6639130606982 28.6213203435598 -76.1005869886967
endloop
endfacet
facet normal -0.258819045102521 -0.965925826289068 5.68981181108501e-031
outer loop
vertex 39.3190498524462 29.3977774788674 -76.1005869886967
vertex 40.0425927171386 29.0980762113535 -79.1005869886967
vertex 39.3190498524462 29.3977774788674 -79.1005869886967
endloop
endfacet
facet normal -0.5 -0.866025403784439 5.10134571107091e-031
outer loop
vertex 40.0425927171386 29.0980762113535 -79.1005869886967
vertex 39.3190498524462 29.3977774788674 -76.1005869886967
vertex 40.0425927171386 29.0980762113535 -76.1005869886967
endloop
endfacet
facet normal 0.0 -1.0 5.89052663903227e-031
outer loop
vertex 38.5425927171386 29.5000000000002 -76.1005869886967
vertex 39.3190498524462 29.3977774788674 -79.1005869886967
vertex 38.5425927171386 29.5000000000002 -79.1005869886967
endloop
endfacet
facet normal -0.258819045102521 -0.965925826289068 5.68981181108501e-031
outer loop
vertex 39.3190498524462 29.3977774788674 -79.1005869886967
vertex 38.5425927171386 29.5000000000002 -76.1005869886967
vertex 39.3190498524462 29.3977774788674 -76.1005869886967
endloop
endfacet
facet normal 0.258819045102519 -0.965925826289069 5.68981181108501e-031
outer loop
vertex 37.766135581831 29.3977774788674 -76.1005869886967
vertex 38.5425927171386 29.5000000000002 -79.1005869886967
vertex 37.766135581831 29.3977774788674 -79.1005869886967
endloop
endfacet
facet normal 0.0 -1.0 5.89052663903227e-031
outer loop
vertex 38.5425927171386 29.5000000000002 -79.1005869886967
vertex 37.766135581831 29.3977774788674 -76.1005869886967
vertex 38.5425927171386 29.5000000000002 -76.1005869886967
endloop
endfacet
facet normal 0.500000000000001 -0.866025403784438 5.10134571107091e-031
outer loop
vertex 37.0425927171386 29.0980762113535 -76.1005869886967
vertex 37.766135581831 29.3977774788674 -79.1005869886967
vertex 37.0425927171386 29.0980762113535 -79.1005869886967
endloop
endfacet
facet normal 0.258819045102519 -0.965925826289069 5.68981181108501e-031
outer loop
vertex 37.766135581831 29.3977774788674 -79.1005869886967
vertex 37.0425927171386 29.0980762113535 -76.1005869886967
vertex 37.766135581831 29.3977774788674 -76.1005869886967
endloop
endfacet
facet normal 0.707106781186549 -0.707106781186546 4.16523133121971e-031
outer loop
vertex 36.421272373579 28.6213203435598 -76.1005869886967
vertex 37.0425927171386 29.0980762113535 -79.1005869886967
vertex 36.421272373579 28.6213203435598 -79.1005869886967
endloop
endfacet
facet normal 0.500000000000001 -0.866025403784438 5.10134571107091e-031
outer loop
vertex 37.0425927171386 29.0980762113535 -79.1005869886967
vertex 36.421272373579 28.6213203435598 -76.1005869886967
vertex 37.0425927171386 29.0980762113535 -76.1005869886967
endloop
endfacet
facet normal 0.707106781186549 -0.707106781186546 4.16523133121971e-031
outer loop
vertex 36.421272373579 28.6213203435598 -76.1005869886967
vertex 35.9445165057853 28.0000000000002 -79.1005869886967
vertex 35.9445165057853 28.0000000000002 -76.1005869886967
endloop
endfacet
facet normal 0.866025403784439 -0.5 2.94526331951613e-031
outer loop
vertex 35.9445165057853 28.0000000000002 -79.1005869886967
vertex 36.421272373579 28.6213203435598 -76.1005869886967
vertex 36.421272373579 28.6213203435598 -79.1005869886967
endloop
endfacet
facet normal 0.707106781186549 -0.707106781186546 0.0
outer loop
vertex -5.62132034355977 28.6213203435598 -76.1005869886967
vertex -6.09807621135344 28.0000000000001 -79.1005869886966
vertex -6.09807621135344 28.0000000000001 -76.1005869886967
endloop
endfacet
facet normal 0.866025403784439 -0.5 0.0
outer loop
vertex -6.09807621135344 28.0000000000001 -79.1005869886966
vertex -5.62132034355977 28.6213203435598 -76.1005869886967
vertex -5.62132034355977 28.6213203435598 -79.1005869886966
endloop
endfacet
facet normal 0.866025403784439 -0.5 0.0
outer loop
vertex -6.09807621135344 28.0000000000001 -76.1005869886967
vertex -6.39777747886733 27.2764571353077 -79.1005869886966
vertex -6.39777747886733 27.2764571353077 -76.1005869886967
endloop
endfacet
facet normal 0.965925826289068 -0.258819045102522 0.0
outer loop
vertex -6.39777747886733 27.2764571353077 -79.1005869886966
vertex -6.09807621135344 28.0000000000001 -76.1005869886967
vertex -6.09807621135344 28.0000000000001 -79.1005869886966
endloop
endfacet
facet normal 0.965925826289068 -0.258819045102522 0.0
outer loop
vertex -6.39777747886733 27.2764571353077 -76.1005869886967
vertex -6.50000000000012 26.5000000000001 -79.1005869886966
vertex -6.50000000000012 26.5000000000001 -76.1005869886967
endloop
endfacet
facet normal 1.0 1.49706646246867e-015 0.0
outer loop
vertex -6.50000000000012 26.5000000000001 -79.1005869886966
vertex -6.39777747886733 27.2764571353077 -76.1005869886967
vertex -6.39777747886733 27.2764571353077 -79.1005869886966
endloop
endfacet
facet normal 1.0 8.91110989564691e-016 0.0
outer loop
vertex -6.50000000000012 26.5000000000001 -76.1005869886967
vertex -6.39777747886733 25.7235428646925 -79.1005869886967
vertex -6.39777747886733 25.7235428646925 -76.1005869886967
endloop
endfacet
facet normal 0.965925826289068 0.258819045102522 0.0
outer loop
vertex -6.39777747886733 25.7235428646925 -79.1005869886967
vertex -6.50000000000012 26.5000000000001 -76.1005869886967
vertex -6.50000000000012 26.5000000000001 -79.1005869886966
endloop
endfacet
facet normal 0.965925826289068 0.258819045102521 0.0
outer loop
vertex -6.39777747886733 25.7235428646925 -76.1005869886967
vertex -6.09807621135344 25.0000000000001 -79.1005869886967
vertex -6.09807621135344 25.0000000000001 -76.1005869886967
endloop
endfacet
facet normal 0.866025403784438 0.5 0.0
outer loop
vertex -6.09807621135344 25.0000000000001 -79.1005869886967
vertex -6.39777747886733 25.7235428646925 -76.1005869886967
vertex -6.39777747886733 25.7235428646925 -79.1005869886967
endloop
endfacet
facet normal 0.866025403784438 0.5 0.0
outer loop
vertex -6.09807621135344 25.0000000000001 -76.1005869886967
vertex -5.62132034355977 24.3786796564405 -79.1005869886967
vertex -5.62132034355977 24.3786796564405 -76.1005869886967
endloop
endfacet
facet normal 0.707106781186547 0.707106781186548 0.0
outer loop
vertex -5.62132034355977 24.3786796564405 -79.1005869886967
vertex -6.09807621135344 25.0000000000001 -76.1005869886967
vertex -6.09807621135344 25.0000000000001 -79.1005869886967
endloop
endfacet
facet normal 0.5 0.866025403784439 0.0
outer loop
vertex -5.00000000000012 23.9019237886468 -76.1005869886967
vertex -5.62132034355977 24.3786796564405 -79.1005869886967
vertex -5.00000000000012 23.9019237886468 -79.1005869886967
endloop
endfacet
facet normal 0.707106781186547 0.707106781186548 0.0
outer loop
vertex -5.62132034355977 24.3786796564405 -79.1005869886967
vertex -5.00000000000012 23.9019237886468 -76.1005869886967
vertex -5.62132034355977 24.3786796564405 -76.1005869886967
endloop
endfacet
facet normal 0.25881904510252 0.965925826289068 0.0
outer loop
vertex -4.27645713530769 23.6022225211329 -76.1005869886967
vertex -5.00000000000012 23.9019237886468 -79.1005869886967
vertex -4.27645713530769 23.6022225211329 -79.1005869886967
endloop
endfacet
facet normal 0.5 0.866025403784439 0.0
outer loop
vertex -5.00000000000012 23.9019237886468 -79.1005869886967
vertex -4.27645713530769 23.6022225211329 -76.1005869886967
vertex -5.00000000000012 23.9019237886468 -76.1005869886967
endloop
endfacet
facet normal 2.22777747391173e-016 1.0 0.0
outer loop
vertex -3.50000000000012 23.5000000000001 -76.1005869886967
vertex -4.27645713530769 23.6022225211329 -79.1005869886967
vertex -3.50000000000012 23.5000000000001 -79.1005869886967
endloop
endfacet
facet normal 0.25881904510252 0.965925826289068 0.0
outer loop
vertex -4.27645713530769 23.6022225211329 -79.1005869886967
vertex -3.50000000000012 23.5000000000001 -76.1005869886967
vertex -4.27645713530769 23.6022225211329 -76.1005869886967
endloop
endfacet
facet normal -0.258819045102522 0.965925826289068 0.0
outer loop
vertex -2.72354286469256 23.6022225211329 -76.1005869886967
vertex -3.50000000000012 23.5000000000001 -79.1005869886967
vertex -2.72354286469256 23.6022225211329 -79.1005869886967
endloop
endfacet
facet normal 2.22777747391173e-016 1.0 0.0
outer loop
vertex -3.50000000000012 23.5000000000001 -79.1005869886967
vertex -2.72354286469256 23.6022225211329 -76.1005869886967
vertex -3.50000000000012 23.5000000000001 -76.1005869886967
endloop
endfacet
facet normal -0.5 0.866025403784438 0.0
outer loop
vertex -2.00000000000012 23.9019237886468 -76.1005869886967
vertex -2.72354286469256 23.6022225211329 -79.1005869886967
vertex -2.00000000000012 23.9019237886468 -79.1005869886967
endloop
endfacet
facet normal -0.258819045102522 0.965925826289068 0.0
outer loop
vertex -2.72354286469256 23.6022225211329 -79.1005869886967
vertex -2.00000000000012 23.9019237886468 -76.1005869886967
vertex -2.72354286469256 23.6022225211329 -76.1005869886967
endloop
endfacet
facet normal -0.707106781186547 0.707106781186548 0.0
outer loop
vertex -1.37867965644048 24.3786796564405 -76.1005869886967
vertex -2.00000000000012 23.9019237886468 -79.1005869886967
vertex -1.37867965644048 24.3786796564405 -79.1005869886967
endloop
endfacet
facet normal -0.5 0.866025403784438 0.0
outer loop
vertex -2.00000000000012 23.9019237886468 -79.1005869886967
vertex -1.37867965644048 24.3786796564405 -76.1005869886967
vertex -2.00000000000012 23.9019237886468 -76.1005869886967
endloop
endfacet
facet normal -0.866025403784439 0.5 0.0
outer loop
vertex -0.901923788646806 25.0000000000001 -79.1005869886967
vertex -1.37867965644048 24.3786796564405 -76.1005869886967
vertex -1.37867965644048 24.3786796564405 -79.1005869886967
endloop
endfacet
facet normal -0.707106781186547 0.707106781186548 0.0
outer loop
vertex -1.37867965644048 24.3786796564405 -76.1005869886967
vertex -0.901923788646806 25.0000000000001 -79.1005869886967
vertex -0.901923788646806 25.0000000000001 -76.1005869886967
endloop
endfacet
facet normal -0.965925826289068 0.258819045102521 0.0
outer loop
vertex -0.602222521132918 25.7235428646925 -79.1005869886967
vertex -0.901923788646806 25.0000000000001 -76.1005869886967
vertex -0.901923788646806 25.0000000000001 -79.1005869886967
endloop
endfacet
facet normal -0.866025403784439 0.5 0.0
outer loop
vertex -0.901923788646806 25.0000000000001 -76.1005869886967
vertex -0.602222521132918 25.7235428646925 -79.1005869886967
vertex -0.602222521132918 25.7235428646925 -76.1005869886967
endloop
endfacet
facet normal -1.0 3.83177725512819e-016 0.0
outer loop
vertex -0.500000000000123 26.5000000000001 -79.1005869886967
vertex -0.602222521132918 25.7235428646925 -76.1005869886967
vertex -0.602222521132918 25.7235428646925 -79.1005869886967
endloop
endfacet
facet normal -0.965925826289068 0.258819045102521 0.0
outer loop
vertex -0.602222521132918 25.7235428646925 -76.1005869886967
vertex -0.500000000000123 26.5000000000001 -79.1005869886967
vertex -0.500000000000123 26.5000000000001 -76.1005869886967
endloop
endfacet
facet normal -0.965925826289069 -0.25881904510252 0.0
outer loop
vertex -0.602222521132918 27.2764571353077 -79.1005869886966
vertex -0.500000000000123 26.5000000000001 -76.1005869886967
vertex -0.500000000000123 26.5000000000001 -79.1005869886967
endloop
endfacet
facet normal -1.0 -2.22777747391173e-016 0.0
outer loop
vertex -0.500000000000123 26.5000000000001 -76.1005869886967
vertex -0.602222521132918 27.2764571353077 -79.1005869886966
vertex -0.602222521132918 27.2764571353077 -76.1005869886967
endloop
endfacet
facet normal -0.866025403784438 -0.500000000000001 0.0
outer loop
vertex -0.901923788646806 28.0000000000001 -79.1005869886966
vertex -0.602222521132918 27.2764571353077 -76.1005869886967
vertex -0.602222521132918 27.2764571353077 -79.1005869886966
endloop
endfacet
facet normal -0.965925826289068 -0.25881904510252 0.0
outer loop
vertex -0.602222521132918 27.2764571353077 -76.1005869886967
vertex -0.901923788646806 28.0000000000001 -79.1005869886966
vertex -0.901923788646806 28.0000000000001 -76.1005869886967
endloop
endfacet
facet normal -0.707106781186547 -0.707106781186548 0.0
outer loop
vertex -1.37867965644048 28.6213203435598 -79.1005869886966
vertex -0.901923788646806 28.0000000000001 -76.1005869886967
vertex -0.901923788646806 28.0000000000001 -79.1005869886966
endloop
endfacet
facet normal -0.866025403784438 -0.500000000000001 0.0
outer loop
vertex -0.901923788646806 28.0000000000001 -76.1005869886967
vertex -1.37867965644048 28.6213203435598 -79.1005869886966
vertex -1.37867965644048 28.6213203435598 -76.1005869886967
endloop
endfacet
facet normal -0.5 -0.866025403784439 0.0
outer loop
vertex -2.00000000000012 29.0980762113534 -76.1005869886967
vertex -1.37867965644048 28.6213203435598 -79.1005869886966
vertex -2.00000000000012 29.0980762113534 -79.1005869886966
endloop
endfacet
facet normal -0.707106781186547 -0.707106781186548 0.0
outer loop
vertex -1.37867965644048 28.6213203435598 -79.1005869886966
vertex -2.00000000000012 29.0980762113534 -76.1005869886967
vertex -1.37867965644048 28.6213203435598 -76.1005869886967
endloop
endfacet
facet normal -0.25881904510252 -0.965925826289068 0.0
outer loop
vertex -2.72354286469256 29.3977774788673 -76.1005869886967
vertex -2.00000000000012 29.0980762113534 -79.1005869886966
vertex -2.72354286469256 29.3977774788673 -79.1005869886966
endloop
endfacet
facet normal -0.5 -0.866025403784439 0.0
outer loop
vertex -2.00000000000012 29.0980762113534 -79.1005869886966
vertex -2.72354286469256 29.3977774788673 -76.1005869886967
vertex -2.00000000000012 29.0980762113534 -76.1005869886967
endloop
endfacet
facet normal -5.34666593738814e-017 -1.0 0.0
outer loop
vertex -3.50000000000012 29.5000000000001 -76.1005869886967
vertex -2.72354286469256 29.3977774788673 -79.1005869886966
vertex -3.50000000000012 29.5000000000001 -79.1005869886966
endloop
endfacet
facet normal -0.25881904510252 -0.965925826289068 0.0
outer loop
vertex -2.72354286469256 29.3977774788673 -79.1005869886966
vertex -3.50000000000012 29.5000000000001 -76.1005869886967
vertex -2.72354286469256 29.3977774788673 -76.1005869886967
endloop
endfacet
facet normal 0.25881904510252 -0.965925826289069 0.0
outer loop
vertex -4.27645713530769 29.3977774788673 -76.1005869886967
vertex -3.50000000000012 29.5000000000001 -79.1005869886966
vertex -4.27645713530769 29.3977774788673 -79.1005869886966
endloop
endfacet
facet normal -5.34666593738814e-017 -1.0 0.0
outer loop
vertex -3.50000000000012 29.5000000000001 -79.1005869886966
vertex -4.27645713530769 29.3977774788673 -76.1005869886967
vertex -3.50000000000012 29.5000000000001 -76.1005869886967
endloop
endfacet
facet normal 0.5 -0.866025403784439 0.0
outer loop
vertex -5.00000000000013 29.0980762113534 -76.1005869886967
vertex -4.27645713530769 29.3977774788673 -79.1005869886966
vertex -5.00000000000013 29.0980762113534 -79.1005869886966
endloop
endfacet
facet normal 0.25881904510252 -0.965925826289069 0.0
outer loop
vertex -4.27645713530769 29.3977774788673 -79.1005869886966
vertex -5.00000000000013 29.0980762113534 -76.1005869886967
vertex -4.27645713530769 29.3977774788673 -76.1005869886967
endloop
endfacet
facet normal 0.707106781186549 -0.707106781186546 0.0
outer loop
vertex -5.62132034355977 28.6213203435598 -76.1005869886967
vertex -5.00000000000013 29.0980762113534 -79.1005869886966
vertex -5.62132034355977 28.6213203435598 -79.1005869886966
endloop
endfacet
facet normal 0.5 -0.866025403784439 0.0
outer loop
vertex -5.00000000000013 29.0980762113534 -79.1005869886966
vertex -5.62132034355977 28.6213203435598 -76.1005869886967
vertex -5.00000000000013 29.0980762113534 -76.1005869886967
endloop
endfacet
facet normal 1.0 2.51959305466396e-015 -1.94811768097583e-015
outer loop
vertex 36.4999999999999 -3.49999999999989 -70.1005869886967
vertex 36.5 -10.2152903378453 -76.1005869886967
vertex 36.5 -10.2152903378453 -70.1005869886967
endloop
endfacet
facet normal 1.0 2.51959305466396e-015 -1.94811768097583e-015
outer loop
vertex 36.5 -10.2152903378453 -76.1005869886967
vertex 36.4999999999999 -3.49999999999989 -70.1005869886967
vertex 36.4999999999999 -3.49999999999989 -76.1005869886967
endloop
endfacet
facet normal 1.99525930368954e-016 1.0 -6.68032131838032e-016
outer loop
vertex 36.4999999999999 -3.49999999999989 -76.1005869886967
vertex 31.5882285676537 -3.49999999999989 -75.2494757281303
vertex 25.9 -3.49999999999989 -76.1005869886967
endloop
endfacet
facet normal 1.99525930368954e-016 1.0 -6.68032131838032e-016
outer loop
vertex 31.5882285676537 -3.49999999999989 -75.2494757281303
vertex 36.4999999999999 -3.49999999999989 -76.1005869886967
vertex 31.9499999999999 -3.49999999999989 -75.0996250943734
endloop
endfacet
facet normal 1.99525930368954e-016 1.0 -6.68032131838032e-016
outer loop
vertex 31.9499999999999 -3.49999999999989 -75.0996250943734
vertex 36.4999999999999 -3.49999999999989 -76.1005869886967
vertex 32.2606601717798 -3.49999999999989 -74.8612471604766
endloop
endfacet
facet normal 1.99525930368954e-016 1.0 -6.68032131838032e-016
outer loop
vertex 32.2606601717798 -3.49999999999989 -74.8612471604766
vertex 36.4999999999999 -3.49999999999989 -76.1005869886967
vertex 36.4999999999999 -3.49999999999989 -70.1005869886967
endloop
endfacet
facet normal 1.99525930368954e-016 1.0 -6.68032131838032e-016
outer loop
vertex 25.9 -3.49999999999989 -76.1005869886967
vertex 31.5882285676537 -3.49999999999989 -75.2494757281303
vertex 31.1999999999999 -3.49999999999989 -75.3005869886967
endloop
endfacet
facet normal 1.99525930368954e-016 1.0 -6.68032131838032e-016
outer loop
vertex 32.2606601717798 -3.49999999999989 -74.8612471604766
vertex 36.4999999999999 -3.49999999999989 -70.1005869886967
vertex 32.4990381056766 -3.49999999999989 -74.5505869886967
endloop
endfacet
facet normal 1.99525930368954e-016 1.0 -6.68032131838032e-016
outer loop
vertex 32.4990381056766 -3.49999999999989 -74.5505869886967
vertex 36.4999999999999 -3.49999999999989 -70.1005869886967
vertex 32.6488887394335 -3.49999999999989 -74.1888155563505
endloop
endfacet
facet normal 1.99525930368954e-016 1.0 -6.68032131838032e-016
outer loop
vertex 32.6488887394335 -3.49999999999989 -74.1888155563505
vertex 36.4999999999999 -3.49999999999989 -70.1005869886967
vertex 32.6999999999999 -3.49999999999989 -73.8005869886967
endloop
endfacet
facet normal 1.99525930368954e-016 1.0 -6.68032131838032e-016
outer loop
vertex 32.6999999999999 -3.49999999999989 -73.8005869886967
vertex 36.4999999999999 -3.49999999999989 -70.1005869886967
vertex 32.6488887394335 -3.49999999999989 -73.4123584210429
endloop
endfacet
facet normal 1.99525930368954e-016 1.0 -6.68032131838032e-016
outer loop
vertex 32.6488887394335 -3.49999999999989 -73.4123584210429
vertex 36.4999999999999 -3.49999999999989 -70.1005869886967
vertex 32.4990381056766 -3.49999999999989 -73.0505869886967
endloop
endfacet
facet normal 1.99525930368954e-016 1.0 -6.68032131838032e-016
outer loop
vertex 32.4990381056766 -3.49999999999989 -73.0505869886967
vertex 36.4999999999999 -3.49999999999989 -70.1005869886967
vertex 32.2606601717798 -3.49999999999989 -72.7399268169169
endloop
endfacet
facet normal 1.99525930368954e-016 1.0 -6.68032131838032e-016
outer loop
vertex 32.2606601717798 -3.49999999999989 -72.7399268169169
vertex 36.4999999999999 -3.49999999999989 -70.1005869886967
vertex 31.9499999999999 -3.49999999999989 -72.5015488830201
endloop
endfacet
facet normal 1.99525930368954e-016 1.0 -6.68032131838032e-016
outer loop
vertex 31.9499999999999 -3.49999999999989 -72.5015488830201
vertex 36.4999999999999 -3.49999999999989 -70.1005869886967
vertex 31.5882285676537 -3.49999999999989 -72.3516982492631
endloop
endfacet
facet normal 1.99525930368954e-016 1.0 -6.68032131838032e-016
outer loop
vertex 31.5882285676537 -3.49999999999989 -72.3516982492631
vertex 36.4999999999999 -3.49999999999989 -70.1005869886967
vertex 31.1999999999999 -3.49999999999989 -72.3005869886967
endloop
endfacet
facet normal 1.99525930368954e-016 1.0 -6.68032131838032e-016
outer loop
vertex 25.9 -3.49999999999989 -76.1005869886967
vertex 30.1393398282201 -3.49999999999989 -74.8612471604766
vertex 25.9 -3.49999999999989 -70.1005869886967
endloop
endfacet
facet normal 1.99525930368954e-016 1.0 -6.68032131838032e-016
outer loop
vertex 30.1393398282201 -3.49999999999989 -74.8612471604766
vertex 25.9 -3.49999999999989 -76.1005869886967
vertex 30.4499999999999 -3.49999999999989 -75.0996250943734
endloop
endfacet
facet normal 1.99525930368954e-016 1.0 -6.68032131838032e-016
outer loop
vertex 30.4499999999999 -3.49999999999989 -75.0996250943734
vertex 25.9 -3.49999999999989 -76.1005869886967
vertex 30.8117714323462 -3.49999999999989 -75.2494757281303
endloop
endfacet
facet normal 1.99525930368954e-016 1.0 -6.68032131838032e-016
outer loop
vertex 30.8117714323462 -3.49999999999989 -75.2494757281303
vertex 25.9 -3.49999999999989 -76.1005869886967
vertex 31.1999999999999 -3.49999999999989 -75.3005869886967
endloop
endfacet
facet normal 1.99525930368954e-016 1.0 -6.68032131838032e-016
outer loop
vertex 25.9 -3.49999999999989 -70.1005869886967
vertex 30.1393398282201 -3.49999999999989 -74.8612471604766
vertex 29.9009618943233 -3.49999999999989 -74.5505869886967
endloop
endfacet
facet normal 1.99525930368954e-016 1.0 -6.68032131838032e-016
outer loop
vertex 25.9 -3.49999999999989 -70.1005869886967
vertex 29.9009618943233 -3.49999999999989 -74.5505869886967
vertex 29.7511112605663 -3.49999999999989 -74.1888155563505
endloop
endfacet
facet normal 1.99525930368954e-016 1.0 -6.68032131838032e-016
outer loop
vertex 25.9 -3.49999999999989 -70.1005869886967
vertex 29.7511112605663 -3.49999999999989 -74.1888155563505
vertex 29.6999999999999 -3.49999999999989 -73.8005869886967
endloop
endfacet
facet normal 1.99525930368954e-016 1.0 -6.68032131838032e-016
outer loop
vertex 25.9 -3.49999999999989 -70.1005869886967
vertex 29.6999999999999 -3.49999999999989 -73.8005869886967
vertex 29.7511112605663 -3.49999999999989 -73.4123584210429
endloop
endfacet
facet normal 1.99525930368954e-016 1.0 -6.68032131838032e-016
outer loop
vertex 25.9 -3.49999999999989 -70.1005869886967
vertex 29.7511112605663 -3.49999999999989 -73.4123584210429
vertex 29.9009618943233 -3.49999999999989 -73.0505869886967
endloop
endfacet
facet normal 1.99525930368954e-016 1.0 -6.68032131838032e-016
outer loop
vertex 25.9 -3.49999999999989 -70.1005869886967
vertex 29.9009618943233 -3.49999999999989 -73.0505869886967
vertex 30.1393398282201 -3.49999999999989 -72.7399268169169
endloop
endfacet
facet normal 1.99525930368954e-016 1.0 -6.68032131838032e-016
outer loop
vertex 25.9 -3.49999999999989 -70.1005869886967
vertex 30.1393398282201 -3.49999999999989 -72.7399268169169
vertex 30.4499999999999 -3.49999999999989 -72.5015488830201
endloop
endfacet
facet normal 1.99525930368954e-016 1.0 -6.68032131838032e-016
outer loop
vertex 25.9 -3.49999999999989 -70.1005869886967
vertex 30.4499999999999 -3.49999999999989 -72.5015488830201
vertex 30.8117714323462 -3.49999999999989 -72.3516982492631
endloop
endfacet
facet normal 1.99525930368954e-016 1.0 -6.68032131838032e-016
outer loop
vertex 25.9 -3.49999999999989 -70.1005869886967
vertex 30.8117714323462 -3.49999999999989 -72.3516982492631
vertex 31.1999999999999 -3.49999999999989 -72.3005869886967
endloop
endfacet
facet normal 1.99525930368954e-016 1.0 -6.68032131838032e-016
outer loop
vertex 25.9 -3.49999999999989 -70.1005869886967
vertex 31.1999999999999 -3.49999999999989 -72.3005869886967
vertex 36.4999999999999 -3.49999999999989 -70.1005869886967
endloop
endfacet
facet normal -1.0 0.0 0.0
outer loop
vertex 25.9 -3.49999999999989 -76.1005869886967
vertex 25.9 -6.99999999999989 -70.1005869886967
vertex 25.9 -6.99999999999989 -76.1005869886967
endloop
endfacet
facet normal -1.0 0.0 0.0
outer loop
vertex 25.9 -6.99999999999989 -70.1005869886967
vertex 25.9 -3.49999999999989 -76.1005869886967
vertex 25.9 -3.49999999999989 -70.1005869886967
endloop
endfacet
facet normal 0.965925826289069 0.0 -0.25881904510252
outer loop
vertex 29.7511112605663 -3.49999999999989 -73.4123584210429
vertex 29.6999999999999 -5.49999999999989 -73.8005869886967
vertex 29.7511112605663 -5.49999999999989 -73.4123584210429
endloop
endfacet
facet normal 1.0 0.0 0.0
outer loop
vertex 29.6999999999999 -5.49999999999989 -73.8005869886967
vertex 29.7511112605663 -3.49999999999989 -73.4123584210429
vertex 29.6999999999999 -3.49999999999989 -73.8005869886967
endloop
endfacet
facet normal 1.0 0.0 0.0
outer loop
vertex 29.6999999999999 -3.49999999999989 -73.8005869886967
vertex 29.7511112605663 -5.49999999999989 -74.1888155563505
vertex 29.6999999999999 -5.49999999999989 -73.8005869886967
endloop
endfacet
facet normal 0.965925826289069 0.0 0.25881904510252
outer loop
vertex 29.7511112605663 -5.49999999999989 -74.1888155563505
vertex 29.6999999999999 -3.49999999999989 -73.8005869886967
vertex 29.7511112605663 -3.49999999999989 -74.1888155563505
endloop
endfacet
facet normal 0.965925826289069 0.0 0.25881904510252
outer loop
vertex 29.7511112605663 -3.49999999999989 -74.1888155563505
vertex 29.9009618943233 -5.49999999999989 -74.5505869886967
vertex 29.7511112605663 -5.49999999999989 -74.1888155563505
endloop
endfacet
facet normal 0.866025403784442 0.0 0.499999999999995
outer loop
vertex 29.9009618943233 -5.49999999999989 -74.5505869886967
vertex 29.7511112605663 -3.49999999999989 -74.1888155563505
vertex 29.9009618943233 -3.49999999999989 -74.5505869886967
endloop
endfacet
facet normal 0.866025403784442 0.0 0.499999999999995
outer loop
vertex 29.9009618943233 -3.49999999999989 -74.5505869886967
vertex 30.1393398282201 -5.49999999999989 -74.8612471604766
vertex 29.9009618943233 -5.49999999999989 -74.5505869886967
endloop
endfacet
facet normal 0.707106781186552 0.0 0.707106781186543
outer loop
vertex 30.1393398282201 -5.49999999999989 -74.8612471604766
vertex 29.9009618943233 -3.49999999999989 -74.5505869886967
vertex 30.1393398282201 -3.49999999999989 -74.8612471604766
endloop
endfacet
facet normal 0.707106781186552 0.0 0.707106781186543
outer loop
vertex 30.1393398282201 -5.49999999999989 -74.8612471604766
vertex 30.4499999999999 -3.49999999999989 -75.0996250943734
vertex 30.4499999999999 -5.49999999999989 -75.0996250943734
endloop
endfacet
facet normal 0.499999999999994 0.0 0.866025403784442
outer loop
vertex 30.4499999999999 -3.49999999999989 -75.0996250943734
vertex 30.1393398282201 -5.49999999999989 -74.8612471604766
vertex 30.1393398282201 -3.49999999999989 -74.8612471604766
endloop
endfacet
facet normal 0.499999999999994 0.0 0.866025403784442
outer loop
vertex 30.4499999999999 -5.49999999999989 -75.0996250943734
vertex 30.8117714323462 -3.49999999999989 -75.2494757281303
vertex 30.8117714323462 -5.49999999999989 -75.2494757281303
endloop
endfacet
facet normal 0.258819045102513 0.0 0.965925826289071
outer loop
vertex 30.8117714323462 -3.49999999999989 -75.2494757281303
vertex 30.4499999999999 -5.49999999999989 -75.0996250943734
vertex 30.4499999999999 -3.49999999999989 -75.0996250943734
endloop
endfacet
facet normal 0.258819045102513 0.0 0.965925826289071
outer loop
vertex 30.8117714323462 -5.49999999999989 -75.2494757281303
vertex 31.1999999999999 -3.49999999999989 -75.3005869886967
vertex 31.1999999999999 -5.49999999999989 -75.3005869886967
endloop
endfacet
facet normal 9.53488758834218e-016 0.0 1.0
outer loop
vertex 31.1999999999999 -3.49999999999989 -75.3005869886967
vertex 30.8117714323462 -5.49999999999989 -75.2494757281303
vertex 30.8117714323462 -3.49999999999989 -75.2494757281303
endloop
endfacet
facet normal 9.53488758834218e-016 0.0 1.0
outer loop
vertex 31.1999999999999 -5.49999999999989 -75.3005869886967
vertex 31.5882285676537 -3.49999999999989 -75.2494757281303
vertex 31.5882285676537 -5.49999999999989 -75.2494757281303
endloop
endfacet
facet normal -0.258819045102515 0.0 0.96592582628907
outer loop
vertex 31.5882285676537 -3.49999999999989 -75.2494757281303
vertex 31.1999999999999 -5.49999999999989 -75.3005869886967
vertex 31.1999999999999 -3.49999999999989 -75.3005869886967
endloop
endfacet
facet normal -0.258819045102515 0.0 0.96592582628907
outer loop
vertex 31.5882285676537 -5.49999999999989 -75.2494757281303
vertex 31.9499999999999 -3.49999999999989 -75.0996250943734
vertex 31.9499999999999 -5.49999999999989 -75.0996250943734
endloop
endfacet
facet normal -0.499999999999996 0.0 0.866025403784441
outer loop
vertex 31.9499999999999 -3.49999999999989 -75.0996250943734
vertex 31.5882285676537 -5.49999999999989 -75.2494757281303
vertex 31.5882285676537 -3.49999999999989 -75.2494757281303
endloop
endfacet
facet normal -0.499999999999996 0.0 0.866025403784441
outer loop
vertex 31.9499999999999 -5.49999999999989 -75.0996250943734
vertex 32.2606601717798 -3.49999999999989 -74.8612471604766
vertex 32.2606601717798 -5.49999999999989 -74.8612471604766
endloop
endfacet
facet normal -0.707106781186552 0.0 0.707106781186543
outer loop
vertex 32.2606601717798 -3.49999999999989 -74.8612471604766
vertex 31.9499999999999 -5.49999999999989 -75.0996250943734
vertex 31.9499999999999 -3.49999999999989 -75.0996250943734
endloop
endfacet
facet normal -0.707106781186552 0.0 0.707106781186543
outer loop
vertex 32.2606601717798 -3.49999999999989 -74.8612471604766
vertex 32.4990381056766 -5.49999999999989 -74.5505869886967
vertex 32.2606601717798 -5.49999999999989 -74.8612471604766
endloop
endfacet
facet normal -0.866025403784442 0.0 0.499999999999995
outer loop
vertex 32.4990381056766 -5.49999999999989 -74.5505869886967
vertex 32.2606601717798 -3.49999999999989 -74.8612471604766
vertex 32.4990381056766 -3.49999999999989 -74.5505869886967
endloop
endfacet
facet normal -0.866025403784442 0.0 0.499999999999995
outer loop
vertex 32.4990381056766 -3.49999999999989 -74.5505869886967
vertex 32.6488887394335 -5.49999999999989 -74.1888155563505
vertex 32.4990381056766 -5.49999999999989 -74.5505869886967
endloop
endfacet
facet normal -0.965925826289069 0.0 0.25881904510252
outer loop
vertex 32.6488887394335 -5.49999999999989 -74.1888155563505
vertex 32.4990381056766 -3.49999999999989 -74.5505869886967
vertex 32.6488887394335 -3.49999999999989 -74.1888155563505
endloop
endfacet
facet normal -0.965925826289069 0.0 0.25881904510252
outer loop
vertex 32.6488887394335 -3.49999999999989 -74.1888155563505
vertex 32.6999999999999 -5.49999999999989 -73.8005869886967
vertex 32.6488887394335 -5.49999999999989 -74.1888155563505
endloop
endfacet
facet normal -1.0 0.0 0.0
outer loop
vertex 32.6999999999999 -5.49999999999989 -73.8005869886967
vertex 32.6488887394335 -3.49999999999989 -74.1888155563505
vertex 32.6999999999999 -3.49999999999989 -73.8005869886967
endloop
endfacet
facet normal -1.0 0.0 0.0
outer loop
vertex 32.6999999999999 -3.49999999999989 -73.8005869886967
vertex 32.6488887394335 -5.49999999999989 -73.4123584210429
vertex 32.6999999999999 -5.49999999999989 -73.8005869886967
endloop
endfacet
facet normal -0.965925826289069 0.0 -0.25881904510252
outer loop
vertex 32.6488887394335 -5.49999999999989 -73.4123584210429
vertex 32.6999999999999 -3.49999999999989 -73.8005869886967
vertex 32.6488887394335 -3.49999999999989 -73.4123584210429
endloop
endfacet
facet normal -0.965925826289069 0.0 -0.25881904510252
outer loop
vertex 32.6488887394335 -3.49999999999989 -73.4123584210429
vertex 32.4990381056766 -5.49999999999989 -73.0505869886967
vertex 32.6488887394335 -5.49999999999989 -73.4123584210429
endloop
endfacet
facet normal -0.866025403784442 0.0 -0.499999999999995
outer loop
vertex 32.4990381056766 -5.49999999999989 -73.0505869886967
vertex 32.6488887394335 -3.49999999999989 -73.4123584210429
vertex 32.4990381056766 -3.49999999999989 -73.0505869886967
endloop
endfacet
facet normal -0.866025403784442 0.0 -0.499999999999995
outer loop
vertex 32.4990381056766 -3.49999999999989 -73.0505869886967
vertex 32.2606601717798 -5.49999999999989 -72.7399268169169
vertex 32.4990381056766 -5.49999999999989 -73.0505869886967
endloop
endfacet
facet normal -0.707106781186552 0.0 -0.707106781186543
outer loop
vertex 32.2606601717798 -5.49999999999989 -72.7399268169169
vertex 32.4990381056766 -3.49999999999989 -73.0505869886967
vertex 32.2606601717798 -3.49999999999989 -72.7399268169169
endloop
endfacet
facet normal -0.499999999999994 0.0 -0.866025403784442
outer loop
vertex 31.9499999999999 -3.49999999999989 -72.5015488830201
vertex 32.2606601717798 -5.49999999999989 -72.7399268169169
vertex 32.2606601717798 -3.49999999999989 -72.7399268169169
endloop
endfacet
facet normal -0.707106781186552 0.0 -0.707106781186543
outer loop
vertex 32.2606601717798 -5.49999999999989 -72.7399268169169
vertex 31.9499999999999 -3.49999999999989 -72.5015488830201
vertex 31.9499999999999 -5.49999999999989 -72.5015488830201
endloop
endfacet
facet normal -0.258819045102513 0.0 -0.965925826289071
outer loop
vertex 31.5882285676537 -3.49999999999989 -72.3516982492631
vertex 31.9499999999999 -5.49999999999989 -72.5015488830201
vertex 31.9499999999999 -3.49999999999989 -72.5015488830201
endloop
endfacet
facet normal -0.499999999999994 0.0 -0.866025403784442
outer loop
vertex 31.9499999999999 -5.49999999999989 -72.5015488830201
vertex 31.5882285676537 -3.49999999999989 -72.3516982492631
vertex 31.5882285676537 -5.49999999999989 -72.3516982492631
endloop
endfacet
facet normal -9.53488758834218e-016 0.0 -1.0
outer loop
vertex 31.1999999999999 -3.49999999999989 -72.3005869886967
vertex 31.5882285676537 -5.49999999999989 -72.3516982492631
vertex 31.5882285676537 -3.49999999999989 -72.3516982492631
endloop
endfacet
facet normal -0.258819045102513 0.0 -0.965925826289071
outer loop
vertex 31.5882285676537 -5.49999999999989 -72.3516982492631
vertex 31.1999999999999 -3.49999999999989 -72.3005869886967
vertex 31.1999999999999 -5.49999999999989 -72.3005869886967
endloop
endfacet
facet normal 0.258819045102515 0.0 -0.96592582628907
outer loop
vertex 30.8117714323462 -3.49999999999989 -72.3516982492631
vertex 31.1999999999999 -5.49999999999989 -72.3005869886967
vertex 31.1999999999999 -3.49999999999989 -72.3005869886967
endloop
endfacet
facet normal -9.53488758834218e-016 0.0 -1.0
outer loop
vertex 31.1999999999999 -5.49999999999989 -72.3005869886967
vertex 30.8117714323462 -3.49999999999989 -72.3516982492631
vertex 30.8117714323462 -5.49999999999989 -72.3516982492631
endloop
endfacet
facet normal 0.499999999999996 0.0 -0.866025403784441
outer loop
vertex 30.4499999999999 -3.49999999999989 -72.5015488830201
vertex 30.8117714323462 -5.49999999999989 -72.3516982492631
vertex 30.8117714323462 -3.49999999999989 -72.3516982492631
endloop
endfacet
facet normal 0.258819045102515 0.0 -0.96592582628907
outer loop
vertex 30.8117714323462 -5.49999999999989 -72.3516982492631
vertex 30.4499999999999 -3.49999999999989 -72.5015488830201
vertex 30.4499999999999 -5.49999999999989 -72.5015488830201
endloop
endfacet
facet normal 0.707106781186552 0.0 -0.707106781186543
outer loop
vertex 30.1393398282201 -3.49999999999989 -72.7399268169169
vertex 30.4499999999999 -5.49999999999989 -72.5015488830201
vertex 30.4499999999999 -3.49999999999989 -72.5015488830201
endloop
endfacet
facet normal 0.499999999999996 0.0 -0.866025403784441
outer loop
vertex 30.4499999999999 -5.49999999999989 -72.5015488830201
vertex 30.1393398282201 -3.49999999999989 -72.7399268169169
vertex 30.1393398282201 -5.49999999999989 -72.7399268169169
endloop
endfacet
facet normal 0.707106781186552 0.0 -0.707106781186543
outer loop
vertex 30.1393398282201 -3.49999999999989 -72.7399268169169
vertex 29.9009618943233 -5.49999999999989 -73.0505869886967
vertex 30.1393398282201 -5.49999999999989 -72.7399268169169
endloop
endfacet
facet normal 0.866025403784442 0.0 -0.499999999999995
outer loop
vertex 29.9009618943233 -5.49999999999989 -73.0505869886967
vertex 30.1393398282201 -3.49999999999989 -72.7399268169169
vertex 29.9009618943233 -3.49999999999989 -73.0505869886967
endloop
endfacet
facet normal 0.866025403784442 0.0 -0.499999999999995
outer loop
vertex 29.9009618943233 -3.49999999999989 -73.0505869886967
vertex 29.7511112605663 -5.49999999999989 -73.4123584210429
vertex 29.9009618943233 -5.49999999999989 -73.0505869886967
endloop
endfacet
facet normal 0.965925826289069 0.0 -0.25881904510252
outer loop
vertex 29.7511112605663 -5.49999999999989 -73.4123584210429
vertex 29.9009618943233 -3.49999999999989 -73.0505869886967
vertex 29.7511112605663 -3.49999999999989 -73.4123584210429
endloop
endfacet
facet normal 0.0 1.0 0.0
outer loop
vertex 6.69999999999999 -3.49999999999988 -76.1005869886967
vertex 4.18822856765375 -3.4999999999999 -75.2494757281303
vertex 3.79999999999997 -3.4999999999999 -75.3005869886967
endloop
endfacet
facet normal 0.0 1.0 0.0
outer loop
vertex 4.18822856765375 -3.4999999999999 -75.2494757281303
vertex 6.69999999999999 -3.49999999999988 -76.1005869886967
vertex 4.54999999999998 -3.49999999999991 -75.0996250943734
endloop
endfacet
facet normal 0.0 1.0 0.0
outer loop
vertex 4.54999999999998 -3.49999999999991 -75.0996250943734
vertex 6.69999999999999 -3.49999999999988 -76.1005869886967
vertex 4.86066017177979 -3.49999999999991 -74.8612471604766
endloop
endfacet
facet normal 0.0 1.0 0.0
outer loop
vertex 4.86066017177979 -3.49999999999991 -74.8612471604766
vertex 6.69999999999999 -3.49999999999988 -76.1005869886967
vertex 5.09903810567663 -3.49999999999991 -74.5505869886967
endloop
endfacet
facet normal 0.0 1.0 0.0
outer loop
vertex 5.09903810567663 -3.49999999999991 -74.5505869886967
vertex 6.69999999999999 -3.49999999999988 -76.1005869886967
vertex 5.24888873943357 -3.49999999999991 -74.1888155563505
endloop
endfacet
facet normal 0.0 1.0 0.0
outer loop
vertex 5.24888873943357 -3.49999999999991 -74.1888155563505
vertex 6.69999999999999 -3.49999999999988 -76.1005869886967
vertex 6.69999999999999 -3.49999999999988 -70.1005869886967
endloop
endfacet
facet normal 0.0 1.0 0.0
outer loop
vertex 5.24888873943357 -3.49999999999991 -74.1888155563505
vertex 6.69999999999999 -3.49999999999988 -70.1005869886967
vertex 5.29999999999997 -3.49999999999991 -73.8005869886967
endloop
endfacet
facet normal 0.0 1.0 0.0
outer loop
vertex 5.29999999999997 -3.49999999999991 -73.8005869886967
vertex 6.69999999999999 -3.49999999999988 -70.1005869886967
vertex 5.24888873943357 -3.49999999999991 -73.4123584210429
endloop
endfacet
facet normal 0.0 1.0 0.0
outer loop
vertex 5.24888873943357 -3.49999999999991 -73.4123584210429
vertex 6.69999999999999 -3.49999999999988 -70.1005869886967
vertex 5.09903810567663 -3.49999999999991 -73.0505869886967
endloop
endfacet
facet normal 0.0 1.0 0.0
outer loop
vertex 5.09903810567663 -3.49999999999991 -73.0505869886967
vertex 6.69999999999999 -3.49999999999988 -70.1005869886967
vertex 4.86066017177979 -3.49999999999991 -72.7399268169169
endloop
endfacet
facet normal 0.0 1.0 0.0
outer loop
vertex 4.86066017177979 -3.49999999999991 -72.7399268169169
vertex 6.69999999999999 -3.49999999999988 -70.1005869886967
vertex 4.54999999999997 -3.49999999999991 -72.5015488830201
endloop
endfacet
facet normal 0.0 1.0 0.0
outer loop
vertex 4.54999999999997 -3.49999999999991 -72.5015488830201
vertex 6.69999999999999 -3.49999999999988 -70.1005869886967
vertex 4.18822856765375 -3.49999999999991 -72.3516982492631
endloop
endfacet
facet normal 0.0 1.0 0.0
outer loop
vertex 4.18822856765375 -3.49999999999991 -72.3516982492631
vertex 6.69999999999999 -3.49999999999988 -70.1005869886967
vertex 3.79999999999997 -3.49999999999991 -72.3005869886967
endloop
endfacet
facet normal 0.0 1.0 0.0
outer loop
vertex 3.79999999999997 -3.49999999999991 -72.3005869886967
vertex 6.69999999999999 -3.49999999999988 -70.1005869886967
vertex -1.50000000000002 -3.49999999999988 -70.1005869886967
endloop
endfacet
facet normal 0.0 1.0 0.0
outer loop
vertex -1.50000000000001 -3.49999999999988 -76.1005869886967
vertex 2.73933982822015 -3.49999999999991 -74.8612471604766
vertex -1.50000000000002 -3.49999999999988 -70.1005869886967
endloop
endfacet
facet normal 0.0 1.0 0.0
outer loop
vertex 2.73933982822015 -3.49999999999991 -74.8612471604766
vertex -1.50000000000001 -3.49999999999988 -76.1005869886967
vertex 3.04999999999997 -3.49999999999991 -75.0996250943734
endloop
endfacet
facet normal 0.0 1.0 0.0
outer loop
vertex 3.04999999999997 -3.49999999999991 -75.0996250943734
vertex -1.50000000000001 -3.49999999999988 -76.1005869886967
vertex 3.41177143234619 -3.49999999999991 -75.2494757281303
endloop
endfacet
facet normal 0.0 1.0 0.0
outer loop
vertex 3.41177143234619 -3.49999999999991 -75.2494757281303
vertex -1.50000000000001 -3.49999999999988 -76.1005869886967
vertex 6.69999999999999 -3.49999999999988 -76.1005869886967
endloop
endfacet
facet normal 0.0 1.0 0.0
outer loop
vertex 3.41177143234619 -3.49999999999991 -75.2494757281303
vertex 6.69999999999999 -3.49999999999988 -76.1005869886967
vertex 3.79999999999997 -3.4999999999999 -75.3005869886967
endloop
endfacet
facet normal 0.0 1.0 0.0
outer loop
vertex -1.50000000000002 -3.49999999999988 -70.1005869886967
vertex 2.73933982822015 -3.49999999999991 -74.8612471604766
vertex 2.50096189432331 -3.49999999999991 -74.5505869886967
endloop
endfacet
facet normal 0.0 1.0 0.0
outer loop
vertex -1.50000000000002 -3.49999999999988 -70.1005869886967
vertex 2.50096189432331 -3.49999999999991 -74.5505869886967
vertex 2.35111126056637 -3.49999999999991 -74.1888155563505
endloop
endfacet
facet normal 0.0 1.0 0.0
outer loop
vertex -1.50000000000002 -3.49999999999988 -70.1005869886967
vertex 2.35111126056637 -3.49999999999991 -74.1888155563505
vertex 2.29999999999997 -3.49999999999991 -73.8005869886967
endloop
endfacet
facet normal 0.0 1.0 0.0
outer loop
vertex -1.50000000000002 -3.49999999999988 -70.1005869886967
vertex 2.29999999999997 -3.49999999999991 -73.8005869886967
vertex 2.35111126056637 -3.49999999999991 -73.4123584210429
endloop
endfacet
facet normal 0.0 1.0 0.0
outer loop
vertex -1.50000000000002 -3.49999999999988 -70.1005869886967
vertex 2.35111126056637 -3.49999999999991 -73.4123584210429
vertex 2.50096189432331 -3.49999999999991 -73.0505869886967
endloop
endfacet
facet normal 0.0 1.0 0.0
outer loop
vertex -1.50000000000002 -3.49999999999988 -70.1005869886967
vertex 2.50096189432331 -3.49999999999991 -73.0505869886967
vertex 2.73933982822015 -3.49999999999991 -72.7399268169169
endloop
endfacet
facet normal 0.0 1.0 0.0
outer loop
vertex -1.50000000000002 -3.49999999999988 -70.1005869886967
vertex 2.73933982822015 -3.49999999999991 -72.7399268169169
vertex 3.04999999999997 -3.49999999999991 -72.5015488830201
endloop
endfacet
facet normal 0.0 1.0 0.0
outer loop
vertex -1.50000000000002 -3.49999999999988 -70.1005869886967
vertex 3.04999999999997 -3.49999999999991 -72.5015488830201
vertex 3.41177143234619 -3.49999999999991 -72.3516982492631
endloop
endfacet
facet normal 0.0 1.0 0.0
outer loop
vertex -1.50000000000002 -3.49999999999988 -70.1005869886967
vertex 3.41177143234619 -3.49999999999991 -72.3516982492631
vertex 3.79999999999997 -3.49999999999991 -72.3005869886967
endloop
endfacet
facet normal -0.00039488502826084 0.999999922032904 2.012487506013e-016
outer loop
vertex 7.09999999999999 -7.99999999999991 -77.1005869886967
vertex 4.18822856765377 -7.99999999999991 -75.2494757281303
vertex 3.79999999999997 -7.99999999999991 -75.3005869886967
endloop
endfacet
facet normal -0.00039488502826084 0.999999922032904 2.012487506013e-016
outer loop
vertex 4.18822856765377 -7.99999999999991 -75.2494757281303
vertex 7.09999999999999 -7.99999999999991 -77.1005869886967
vertex 4.54999999999998 -7.99999999999991 -75.0996250943734
endloop
endfacet
facet normal -0.00039488502826084 0.999999922032904 2.012487506013e-016
outer loop
vertex 4.54999999999998 -7.99999999999991 -75.0996250943734
vertex 7.09999999999999 -7.99999999999991 -77.1005869886967
vertex 4.86066017177979 -7.99999999999991 -74.8612471604765
endloop
endfacet
facet normal -0.00039488502826084 0.999999922032904 2.012487506013e-016
outer loop
vertex 4.86066017177979 -7.99999999999991 -74.8612471604765
vertex 7.09999999999999 -7.99999999999991 -77.1005869886967
vertex 5.09903810567664 -7.99999999999991 -74.5505869886967
endloop
endfacet
facet normal -0.00039488502826084 0.999999922032904 2.012487506013e-016
outer loop
vertex 5.09903810567664 -7.99999999999991 -74.5505869886967
vertex 7.09999999999999 -7.99999999999991 -77.1005869886967
vertex 7.09999999999999 -7.99999999999991 -70.1005869886967
endloop
endfacet
facet normal -0.00039488502826084 0.999999922032904 2.012487506013e-016
outer loop
vertex 5.09903810567664 -7.99999999999991 -74.5505869886967
vertex 7.09999999999999 -7.99999999999991 -70.1005869886967
vertex 5.24888873943357 -7.99999999999991 -74.1888155563505
endloop
endfacet
facet normal -0.00039488502826084 0.999999922032904 2.012487506013e-016
outer loop
vertex 5.24888873943357 -7.99999999999991 -74.1888155563505
vertex 7.09999999999999 -7.99999999999991 -70.1005869886967
vertex 5.29999999999999 -7.99999999999991 -73.8005869886967
endloop
endfacet
facet normal -0.00039488502826084 0.999999922032904 2.012487506013e-016
outer loop
vertex 5.29999999999999 -7.99999999999991 -73.8005869886967
vertex 7.09999999999999 -7.99999999999991 -70.1005869886967
vertex 5.24888873943357 -7.99999999999991 -73.4123584210429
endloop
endfacet
facet normal -0.00039488502826084 0.999999922032904 2.012487506013e-016
outer loop
vertex 5.24888873943357 -7.99999999999991 -73.4123584210429
vertex 7.09999999999999 -7.99999999999991 -70.1005869886967
vertex 5.09903810567664 -7.99999999999991 -73.0505869886967
endloop
endfacet
facet normal -0.00039488502826084 0.999999922032904 2.012487506013e-016
outer loop
vertex 5.09903810567664 -7.99999999999991 -73.0505869886967
vertex 7.09999999999999 -7.99999999999991 -70.1005869886967
vertex 4.86066017177979 -7.99999999999991 -72.7399268169169
endloop
endfacet
facet normal -0.00039488502826084 0.999999922032904 2.012487506013e-016
outer loop
vertex 4.86066017177979 -7.99999999999991 -72.7399268169169
vertex 7.09999999999999 -7.99999999999991 -70.1005869886967
vertex 4.54999999999998 -7.99999999999991 -72.5015488830201
endloop
endfacet
facet normal -0.00039488502826084 0.999999922032904 2.012487506013e-016
outer loop
vertex 4.54999999999998 -7.99999999999991 -72.5015488830201
vertex 7.09999999999999 -7.99999999999991 -70.1005869886967
vertex 4.18822856765377 -7.99999999999991 -72.3516982492631
endloop
endfacet
facet normal -0.00039488502826084 0.999999922032904 2.012487506013e-016
outer loop
vertex 4.18822856765377 -7.99999999999991 -72.3516982492631
vertex 7.09999999999999 -7.99999999999991 -70.1005869886967
vertex 3.79999999999997 -7.99999999999991 -72.3005869886967
endloop
endfacet
facet normal -0.00039488502826084 0.999999922032904 2.012487506013e-016
outer loop
vertex 3.79999999999997 -7.99999999999991 -72.3005869886967
vertex 7.09999999999999 -7.99999999999991 -70.1005869886967
vertex 0.499999999999982 -8.00260624138963 -70.1005869886967
endloop
endfacet
facet normal -0.00039488502826084 0.999999922032904 2.012487506013e-016
outer loop
vertex 0.499999999999988 -8.00260624138963 -77.1005869886967
vertex 2.50096189432332 -7.99999999999991 -74.5505869886967
vertex 0.499999999999982 -8.00260624138963 -70.1005869886967
endloop
endfacet
facet normal -0.00039488502826084 0.999999922032904 2.012487506013e-016
outer loop
vertex 2.50096189432332 -7.99999999999991 -74.5505869886967
vertex 0.499999999999988 -8.00260624138963 -77.1005869886967
vertex 2.73933982822017 -7.99999999999991 -74.8612471604765
endloop
endfacet
facet normal -0.00039488502826084 0.999999922032904 2.012487506013e-016
outer loop
vertex 2.73933982822017 -7.99999999999991 -74.8612471604765
vertex 0.499999999999988 -8.00260624138963 -77.1005869886967
vertex 3.04999999999996 -7.99999999999991 -75.0996250943734
endloop
endfacet
facet normal -0.00039488502826084 0.999999922032904 2.012487506013e-016
outer loop
vertex 3.04999999999996 -7.99999999999991 -75.0996250943734
vertex 0.499999999999988 -8.00260624138963 -77.1005869886967
vertex 7.09999999999999 -7.99999999999991 -77.1005869886967
endloop
endfacet
facet normal -0.00039488502826084 0.999999922032904 2.012487506013e-016
outer loop
vertex 3.04999999999996 -7.99999999999991 -75.0996250943734
vertex 7.09999999999999 -7.99999999999991 -77.1005869886967
vertex 3.41177143234619 -7.99999999999991 -75.2494757281303
endloop
endfacet
facet normal -0.00039488502826084 0.999999922032904 2.012487506013e-016
outer loop
vertex 3.41177143234619 -7.99999999999991 -75.2494757281303
vertex 7.09999999999999 -7.99999999999991 -77.1005869886967
vertex 3.79999999999997 -7.99999999999991 -75.3005869886967
endloop
endfacet
facet normal -0.00039488502826084 0.999999922032904 2.012487506013e-016
outer loop
vertex 0.499999999999982 -8.00260624138963 -70.1005869886967
vertex 2.50096189432332 -7.99999999999991 -74.5505869886967
vertex 2.35111126056637 -7.99999999999991 -74.1888155563505
endloop
endfacet
facet normal -0.00039488502826084 0.999999922032904 2.012487506013e-016
outer loop
vertex 0.499999999999982 -8.00260624138963 -70.1005869886967
vertex 2.35111126056637 -7.99999999999991 -74.1888155563505
vertex 2.29999999999997 -7.99999999999991 -73.8005869886967
endloop
endfacet
facet normal -0.00039488502826084 0.999999922032904 2.012487506013e-016
outer loop
vertex 0.499999999999982 -8.00260624138963 -70.1005869886967
vertex 2.29999999999997 -7.99999999999991 -73.8005869886967
vertex 2.35111126056637 -7.99999999999991 -73.4123584210429
endloop
endfacet
facet normal -0.00039488502826084 0.999999922032904 2.012487506013e-016
outer loop
vertex 0.499999999999982 -8.00260624138963 -70.1005869886967
vertex 2.35111126056637 -7.99999999999991 -73.4123584210429
vertex 2.50096189432332 -7.99999999999991 -73.0505869886967
endloop
endfacet
facet normal -0.00039488502826084 0.999999922032904 2.012487506013e-016
outer loop
vertex 0.499999999999982 -8.00260624138963 -70.1005869886967
vertex 2.50096189432332 -7.99999999999991 -73.0505869886967
vertex 2.73933982822017 -7.99999999999991 -72.7399268169169
endloop
endfacet
facet normal -0.00039488502826084 0.999999922032904 2.012487506013e-016
outer loop
vertex 0.499999999999982 -8.00260624138963 -70.1005869886967
vertex 2.73933982822017 -7.99999999999991 -72.7399268169169
vertex 3.04999999999998 -7.99999999999991 -72.5015488830201
endloop
endfacet
facet normal -0.00039488502826084 0.999999922032904 2.012487506013e-016
outer loop
vertex 0.499999999999982 -8.00260624138963 -70.1005869886967
vertex 3.04999999999998 -7.99999999999991 -72.5015488830201
vertex 3.41177143234619 -7.99999999999991 -72.3516982492631
endloop
endfacet
facet normal -0.00039488502826084 0.999999922032904 2.012487506013e-016
outer loop
vertex 0.499999999999982 -8.00260624138963 -70.1005869886967
vertex 3.41177143234619 -7.99999999999991 -72.3516982492631
vertex 3.79999999999997 -7.99999999999991 -72.3005869886967
endloop
endfacet
facet normal -1.0 3.24168640524371e-015 1.07707053152871e-015
outer loop
vertex -1.50000000000001 -3.49999999999988 -76.1005869886967
vertex -1.50000000000002 -9.88058067569075 -70.1005869886967
vertex -1.50000000000006 -9.88058067569075 -76.1005869886967
endloop
endfacet
facet normal -1.0 3.24168640524371e-015 1.07707053152871e-015
outer loop
vertex -1.50000000000002 -9.88058067569075 -70.1005869886967
vertex -1.50000000000001 -3.49999999999988 -76.1005869886967
vertex -1.50000000000002 -3.49999999999988 -70.1005869886967
endloop
endfacet
facet normal 0.258819045102514 -1.09138101389829e-015 0.96592582628907
outer loop
vertex 3.41177143234619 -5.49999999999989 -75.2494757281303
vertex 3.79999999999997 -3.4999999999999 -75.3005869886967
vertex 3.79999999999997 -5.49999999999989 -75.3005869886967
endloop
endfacet
facet normal -5.34666593738815e-017 -1.18860569977573e-015 1.0
outer loop
vertex 3.79999999999997 -3.4999999999999 -75.3005869886967
vertex 3.41177143234619 -5.49999999999989 -75.2494757281303
vertex 3.41177143234619 -3.49999999999991 -75.2494757281303
endloop
endfacet
facet normal 3.83177725512816e-016 -1.18860569977573e-015 1.0
outer loop
vertex 3.79999999999997 -5.49999999999989 -75.3005869886967
vertex 4.18822856765375 -3.4999999999999 -75.2494757281303
vertex 4.18822856765375 -5.49999999999989 -75.2494757281303
endloop
endfacet
facet normal -0.258819045102513 -1.20482887147724e-015 0.965925826289071
outer loop
vertex 4.18822856765375 -3.4999999999999 -75.2494757281303
vertex 3.79999999999997 -5.49999999999989 -75.3005869886967
vertex 3.79999999999997 -3.4999999999999 -75.3005869886967
endloop
endfacet
facet normal -0.499999999999998 -1.13894494666143e-015 0.86602540378444
outer loop
vertex 4.54999999999997 -5.49999999999989 -75.0996250943734
vertex 4.18822856765375 -3.4999999999999 -75.2494757281303
vertex 4.54999999999998 -3.49999999999991 -75.0996250943734
endloop
endfacet
facet normal -0.258819045102513 -1.20482887147724e-015 0.965925826289071
outer loop
vertex 4.18822856765375 -3.4999999999999 -75.2494757281303
vertex 4.54999999999997 -5.49999999999989 -75.0996250943734
vertex 4.18822856765375 -5.49999999999989 -75.2494757281303
endloop
endfacet
facet normal -0.499999999999998 -1.13894494666143e-015 0.86602540378444
outer loop
vertex 4.54999999999997 -5.49999999999989 -75.0996250943734
vertex 4.86066017177979 -3.49999999999991 -74.8612471604766
vertex 4.86066017177979 -5.49999999999989 -74.8612471604765
endloop
endfacet
facet normal -0.70710678118655 -9.95443805926157e-016 0.707106781186545
outer loop
vertex 4.86066017177979 -3.49999999999991 -74.8612471604766
vertex 4.54999999999997 -5.49999999999989 -75.0996250943734
vertex 4.54999999999998 -3.49999999999991 -75.0996250943734
endloop
endfacet
facet normal -0.70710678118655 -9.95443805926157e-016 0.707106781186545
outer loop
vertex 4.86066017177979 -3.49999999999991 -74.8612471604766
vertex 5.09903810567663 -5.49999999999989 -74.5505869886967
vertex 4.86066017177979 -5.49999999999989 -74.8612471604765
endloop
endfacet
facet normal -0.866025403784441 -7.84104814865688e-016 0.499999999999996
outer loop
vertex 5.09903810567663 -5.49999999999989 -74.5505869886967
vertex 4.86066017177979 -3.49999999999991 -74.8612471604766
vertex 5.09903810567663 -3.49999999999991 -74.5505869886967
endloop
endfacet
facet normal -0.866025403784441 -7.84104814865688e-016 0.499999999999996
outer loop
vertex 5.09903810567663 -5.49999999999989 -74.5505869886967
vertex 5.24888873943357 -3.49999999999991 -74.1888155563505
vertex 5.24888873943357 -5.49999999999989 -74.1888155563505
endloop
endfacet
facet normal -0.965925826289069 -5.19330376466603e-016 0.25881904510252
outer loop
vertex 5.24888873943357 -3.49999999999991 -74.1888155563505
vertex 5.09903810567663 -5.49999999999989 -74.5505869886967
vertex 5.09903810567663 -3.49999999999991 -74.5505869886967
endloop
endfacet
facet normal -0.965925826289069 -5.19330376466603e-016 0.25881904510252
outer loop
vertex 5.24888873943357 -3.49999999999991 -74.1888155563505
vertex 5.29999999999997 -5.49999999999989 -73.8005869886967
vertex 5.24888873943357 -5.49999999999989 -74.1888155563505
endloop
endfacet
facet normal -1.0 -2.19164431145339e-016 -4.63377714573639e-016
outer loop
vertex 5.29999999999997 -5.49999999999989 -73.8005869886967
vertex 5.24888873943357 -3.49999999999991 -74.1888155563505
vertex 5.29999999999997 -3.49999999999991 -73.8005869886967
endloop
endfacet
facet normal -1.0 -2.19164431145341e-016 4.72288824469286e-016
outer loop
vertex 5.29999999999997 -3.49999999999991 -73.8005869886967
vertex 5.24888873943357 -5.49999999999989 -73.4123584210429
vertex 5.29999999999997 -5.49999999999989 -73.8005869886967
endloop
endfacet
facet normal -0.965925826289068 9.59372079721321e-017 -0.258819045102522
outer loop
vertex 5.24888873943357 -5.49999999999989 -73.4123584210429
vertex 5.29999999999997 -3.49999999999991 -73.8005869886967
vertex 5.24888873943357 -3.49999999999991 -73.4123584210429
endloop
endfacet
facet normal -0.965925826289068 9.5937207972131e-017 -0.258819045102521
outer loop
vertex 5.24888873943357 -3.49999999999991 -73.4123584210429
vertex 5.09903810567663 -5.49999999999989 -73.0505869886967
vertex 5.24888873943357 -5.49999999999989 -73.4123584210429
endloop
endfacet
facet normal -0.86602540378444 4.0450088491003e-016 -0.499999999999998
outer loop
vertex 5.09903810567663 -5.49999999999989 -73.0505869886967
vertex 5.24888873943357 -3.49999999999991 -73.4123584210429
vertex 5.09903810567663 -3.49999999999991 -73.0505869886967
endloop
endfacet
facet normal -0.866025403784441 4.04500884910029e-016 -0.499999999999997
outer loop
vertex 5.09903810567663 -3.49999999999991 -73.0505869886967
vertex 4.86066017177979 -5.49999999999989 -72.7399268169169
vertex 5.09903810567663 -5.49999999999989 -73.0505869886967
endloop
endfacet
facet normal -0.70710678118655 6.85498495010632e-016 -0.707106781186545
outer loop
vertex 4.86066017177979 -5.49999999999989 -72.7399268169169
vertex 5.09903810567663 -3.49999999999991 -73.0505869886967
vertex 4.86066017177979 -3.49999999999991 -72.7399268169169
endloop
endfacet
facet normal -0.499999999999997 9.19780515516091e-016 -0.86602540378444
outer loop
vertex 4.54999999999997 -3.49999999999991 -72.5015488830201
vertex 4.86066017177979 -5.49999999999989 -72.7399268169169
vertex 4.86066017177979 -3.49999999999991 -72.7399268169169
endloop
endfacet
facet normal -0.70710678118655 6.85498495010632e-016 -0.707106781186545
outer loop
vertex 4.86066017177979 -5.49999999999989 -72.7399268169169
vertex 4.54999999999997 -3.49999999999991 -72.5015488830201
vertex 4.54999999999997 -5.49999999999989 -72.5015488830201
endloop
endfacet
facet normal -0.258819045102514 1.09138101389829e-015 -0.96592582628907
outer loop
vertex 4.18822856765375 -3.49999999999991 -72.3516982492631
vertex 4.54999999999997 -5.49999999999989 -72.5015488830201
vertex 4.54999999999997 -3.49999999999991 -72.5015488830201
endloop
endfacet
facet normal -0.499999999999997 9.19780515516092e-016 -0.866025403784441
outer loop
vertex 4.54999999999997 -5.49999999999989 -72.5015488830201
vertex 4.18822856765375 -3.49999999999991 -72.3516982492631
vertex 4.18822856765375 -5.49999999999989 -72.3516982492631
endloop
endfacet
facet normal -4.09911055199756e-016 1.18860569977573e-015 -1.0
outer loop
vertex 3.79999999999997 -3.49999999999991 -72.3005869886967
vertex 4.18822856765375 -5.49999999999989 -72.3516982492631
vertex 4.18822856765375 -3.49999999999991 -72.3516982492631
endloop
endfacet
facet normal -0.258819045102513 1.09138101389829e-015 -0.965925826289071
outer loop
vertex 4.18822856765375 -5.49999999999989 -72.3516982492631
vertex 3.79999999999997 -3.49999999999991 -72.3005869886967
vertex 3.79999999999997 -5.49999999999989 -72.3005869886967
endloop
endfacet
facet normal 0.258819045102513 1.20482887147724e-015 -0.96592582628907
outer loop
vertex 3.41177143234619 -3.49999999999991 -72.3516982492631
vertex 3.79999999999997 -5.49999999999989 -72.3005869886967
vertex 3.79999999999997 -3.49999999999991 -72.3005869886967
endloop
endfacet
facet normal 3.56444395825877e-017 1.18860569977573e-015 -1.0
outer loop
vertex 3.79999999999997 -5.49999999999989 -72.3005869886967
vertex 3.41177143234619 -3.49999999999991 -72.3516982492631
vertex 3.41177143234619 -5.49999999999989 -72.3516982492631
endloop
endfacet
facet normal 0.499999999999998 1.13894494666143e-015 -0.86602540378444
outer loop
vertex 3.04999999999997 -3.49999999999991 -72.5015488830201
vertex 3.41177143234619 -5.49999999999989 -72.3516982492631
vertex 3.41177143234619 -3.49999999999991 -72.3516982492631
endloop
endfacet
facet normal 0.258819045102513 1.20482887147724e-015 -0.965925826289071
outer loop
vertex 3.41177143234619 -5.49999999999989 -72.3516982492631
vertex 3.04999999999997 -3.49999999999991 -72.5015488830201
vertex 3.04999999999997 -5.49999999999989 -72.5015488830201
endloop
endfacet
facet normal 0.707106781186551 9.95443805926156e-016 -0.707106781186544
outer loop
vertex 2.73933982822015 -3.49999999999991 -72.7399268169169
vertex 3.04999999999997 -5.49999999999989 -72.5015488830201
vertex 3.04999999999997 -3.49999999999991 -72.5015488830201
endloop
endfacet
facet normal 0.499999999999997 1.13894494666143e-015 -0.86602540378444
outer loop
vertex 3.04999999999997 -5.49999999999989 -72.5015488830201
vertex 2.73933982822015 -3.49999999999991 -72.7399268169169
vertex 2.73933982822015 -5.49999999999989 -72.7399268169169
endloop
endfacet
facet normal 0.707106781186551 9.95443805926156e-016 -0.707106781186544
outer loop
vertex 2.73933982822015 -3.49999999999991 -72.7399268169169
vertex 2.50096189432331 -5.49999999999989 -73.0505869886967
vertex 2.73933982822015 -5.49999999999989 -72.7399268169169
endloop
endfacet
facet normal 0.86602540378444 7.8410481486569e-016 -0.499999999999997
outer loop
vertex 2.50096189432331 -5.49999999999989 -73.0505869886967
vertex 2.73933982822015 -3.49999999999991 -72.7399268169169
vertex 2.50096189432331 -3.49999999999991 -73.0505869886967
endloop
endfacet
facet normal 0.866025403784441 7.84104814865689e-016 -0.499999999999996
outer loop
vertex 2.50096189432331 -3.49999999999991 -73.0505869886967
vertex 2.35111126056637 -5.49999999999989 -73.4123584210429
vertex 2.50096189432331 -5.49999999999989 -73.0505869886967
endloop
endfacet
facet normal 0.965925826289068 5.19330376466604e-016 -0.258819045102521
outer loop
vertex 2.35111126056637 -5.49999999999989 -73.4123584210429
vertex 2.50096189432331 -3.49999999999991 -73.0505869886967
vertex 2.35111126056637 -3.49999999999991 -73.4123584210429
endloop
endfacet
facet normal 0.965925826289069 5.19330376466602e-016 -0.25881904510252
outer loop
vertex 2.35111126056637 -3.49999999999991 -73.4123584210429
vertex 2.29999999999997 -5.49999999999989 -73.8005869886967
vertex 2.35111126056637 -5.49999999999989 -73.4123584210429
endloop
endfacet
facet normal 1.0 2.19164431145341e-016 -4.63377714573639e-016
outer loop
vertex 2.29999999999997 -5.49999999999989 -73.8005869886967
vertex 2.35111126056637 -3.49999999999991 -73.4123584210429
vertex 2.29999999999997 -3.49999999999991 -73.8005869886967
endloop
endfacet
facet normal 1.0 2.19164431145339e-016 4.63377714573639e-016
outer loop
vertex 2.29999999999997 -3.49999999999991 -73.8005869886967
vertex 2.35111126056637 -5.49999999999989 -74.1888155563505
vertex 2.29999999999997 -5.49999999999989 -73.8005869886967
endloop
endfacet
facet normal 0.965925826289069 -9.59372079721301e-017 0.25881904510252
outer loop
vertex 2.35111126056637 -5.49999999999989 -74.1888155563505
vertex 2.29999999999997 -3.49999999999991 -73.8005869886967
vertex 2.35111126056637 -3.49999999999991 -74.1888155563505
endloop
endfacet
facet normal 0.965925826289068 -9.59372079721311e-017 0.258819045102521
outer loop
vertex 2.35111126056637 -3.49999999999991 -74.1888155563505
vertex 2.50096189432331 -5.49999999999989 -74.5505869886967
vertex 2.35111126056637 -5.49999999999989 -74.1888155563505
endloop
endfacet
facet normal 0.866025403784441 -4.04500884910029e-016 0.499999999999997
outer loop
vertex 2.50096189432331 -5.49999999999989 -74.5505869886967
vertex 2.35111126056637 -3.49999999999991 -74.1888155563505
vertex 2.50096189432331 -3.49999999999991 -74.5505869886967
endloop
endfacet
facet normal 0.86602540378444 -4.0450088491003e-016 0.499999999999997
outer loop
vertex 2.50096189432331 -3.49999999999991 -74.5505869886967
vertex 2.73933982822015 -5.49999999999989 -74.8612471604765
vertex 2.50096189432331 -5.49999999999989 -74.5505869886967
endloop
endfacet
facet normal 0.707106781186551 -6.85498495010631e-016 0.707106781186544
outer loop
vertex 2.73933982822015 -5.49999999999989 -74.8612471604765
vertex 2.50096189432331 -3.49999999999991 -74.5505869886967
vertex 2.73933982822015 -3.49999999999991 -74.8612471604766
endloop
endfacet
facet normal 0.707106781186551 -6.85498495010631e-016 0.707106781186544
outer loop
vertex 2.73933982822015 -5.49999999999989 -74.8612471604765
vertex 3.04999999999997 -3.49999999999991 -75.0996250943734
vertex 3.04999999999997 -5.49999999999989 -75.0996250943734
endloop
endfacet
facet normal 0.499999999999997 -9.19780515516091e-016 0.86602540378444
outer loop
vertex 3.04999999999997 -3.49999999999991 -75.0996250943734
vertex 2.73933982822015 -5.49999999999989 -74.8612471604765
vertex 2.73933982822015 -3.49999999999991 -74.8612471604766
endloop
endfacet
facet normal 0.499999999999998 -9.1978051551609e-016 0.86602540378444
outer loop
vertex 3.04999999999997 -5.49999999999989 -75.0996250943734
vertex 3.41177143234619 -3.49999999999991 -75.2494757281303
vertex 3.41177143234619 -5.49999999999989 -75.2494757281303
endloop
endfacet
facet normal 0.258819045102513 -1.09138101389829e-015 0.96592582628907
outer loop
vertex 3.41177143234619 -3.49999999999991 -75.2494757281303
vertex 3.04999999999997 -5.49999999999989 -75.0996250943734
vertex 3.04999999999997 -3.49999999999991 -75.0996250943734
endloop
endfacet
facet normal -0.25881904510252 0.965925826289069 0.0
outer loop
vertex 17.6552914270615 34.2204445042266 -76.1005869886967
vertex 17.5 34.2000000000001 -79.1005869886966
vertex 17.6552914270615 34.2204445042266 -79.1005869886966
endloop
endfacet
facet normal 0.0 1.0 0.0
outer loop
vertex 17.5 34.2000000000001 -79.1005869886966
vertex 17.6552914270615 34.2204445042266 -76.1005869886967
vertex 17.5 34.2000000000001 -76.1005869886967
endloop
endfacet
facet normal 0.0 1.0 0.0
outer loop
vertex 17.5 34.2000000000001 -76.1005869886967
vertex 17.3447085729385 34.2204445042266 -79.1005869886966
vertex 17.5 34.2000000000001 -79.1005869886966
endloop
endfacet
facet normal 0.25881904510252 0.965925826289069 0.0
outer loop
vertex 17.3447085729385 34.2204445042266 -79.1005869886966
vertex 17.5 34.2000000000001 -76.1005869886967
vertex 17.3447085729385 34.2204445042266 -76.1005869886967
endloop
endfacet
facet normal 0.25881904510252 0.965925826289069 0.0
outer loop
vertex 17.3447085729385 34.2204445042266 -76.1005869886967
vertex 17.2 34.2803847577294 -79.1005869886966
vertex 17.3447085729385 34.2204445042266 -79.1005869886966
endloop
endfacet
facet normal 0.500000000000004 0.866025403784436 0.0
outer loop
vertex 17.2 34.2803847577294 -79.1005869886966
vertex 17.3447085729385 34.2204445042266 -76.1005869886967
vertex 17.2 34.2803847577294 -76.1005869886967
endloop
endfacet
facet normal 0.500000000000004 0.866025403784436 0.0
outer loop
vertex 17.2 34.2803847577294 -76.1005869886967
vertex 17.075735931288 34.3757359312881 -79.1005869886966
vertex 17.2 34.2803847577294 -79.1005869886966
endloop
endfacet
facet normal 0.707106781186549 0.707106781186546 0.0
outer loop
vertex 17.075735931288 34.3757359312881 -79.1005869886966
vertex 17.2 34.2803847577294 -76.1005869886967
vertex 17.075735931288 34.3757359312881 -76.1005869886967
endloop
endfacet
facet normal 0.866025403784436 0.500000000000005 0.0
outer loop
vertex 16.9803847577293 34.5000000000001 -76.1005869886967
vertex 17.075735931288 34.3757359312881 -79.1005869886966
vertex 17.075735931288 34.3757359312881 -76.1005869886967
endloop
endfacet
facet normal 0.707106781186549 0.707106781186546 0.0
outer loop
vertex 17.075735931288 34.3757359312881 -79.1005869886966
vertex 16.9803847577293 34.5000000000001 -76.1005869886967
vertex 16.9803847577293 34.5000000000001 -79.1005869886966
endloop
endfacet
facet normal 0.965925826289068 0.258819045102522 0.0
outer loop
vertex 16.9204445042265 34.6447085729386 -76.1005869886967
vertex 16.9803847577293 34.5000000000001 -79.1005869886966
vertex 16.9803847577293 34.5000000000001 -76.1005869886967
endloop
endfacet
facet normal 0.866025403784436 0.500000000000005 0.0
outer loop
vertex 16.9803847577293 34.5000000000001 -79.1005869886966
vertex 16.9204445042265 34.6447085729386 -76.1005869886967
vertex 16.9204445042265 34.6447085729386 -79.1005869886966
endloop
endfacet
facet normal 1.0 0.0 0.0
outer loop
vertex 16.9 34.8000000000001 -76.1005869886967
vertex 16.9204445042265 34.6447085729386 -79.1005869886966
vertex 16.9204445042265 34.6447085729386 -76.1005869886967
endloop
endfacet
facet normal 0.965925826289068 0.258819045102522 0.0
outer loop
vertex 16.9204445042265 34.6447085729386 -79.1005869886966
vertex 16.9 34.8000000000001 -76.1005869886967
vertex 16.9 34.8000000000001 -79.1005869886966
endloop
endfacet
facet normal 0.965925826289068 -0.258819045102522 -3.58376415706029e-017
outer loop
vertex 16.9204445042265 34.9552914270616 -76.1005869886967
vertex 16.9 34.8000000000001 -79.1005869886966
vertex 16.9 34.8000000000001 -76.1005869886967
endloop
endfacet
facet normal 1.0 0.0 0.0
outer loop
vertex 16.9 34.8000000000001 -79.1005869886966
vertex 16.9204445042265 34.9552914270616 -76.1005869886967
vertex 16.9204445042265 34.9552914270616 -79.1005869886966
endloop
endfacet
facet normal 0.923879532511282 -0.382683432365101 -7.10620911578613e-017
outer loop
vertex 16.951968818078 35.0313978531062 -76.1005869886967
vertex 16.9204445042265 34.9552914270616 -79.1005869886966
vertex 16.9204445042265 34.9552914270616 -76.1005869886967
endloop
endfacet
facet normal 0.965925826289068 -0.258819045102522 -3.58376415706029e-017
outer loop
vertex 16.9204445042265 34.9552914270616 -79.1005869886966
vertex 16.951968818078 35.0313978531062 -76.1005869886967
vertex 16.9803847577293 35.1000000000001 -79.1005869886966
endloop
endfacet
facet normal 0.866025403784436 -0.500000000000005 -3.58376415706028e-017
outer loop
vertex 16.9803847577293 35.1000000000001 -79.1005869886966
vertex 16.951968818078 35.0313978531062 -76.1005869886967
vertex 16.9803847577293 35.1000000000001 -76.1005869886967
endloop
endfacet
facet normal 0.707106781186549 -0.707106781186546 0.0
outer loop
vertex 17.075735931288 35.224264068712 -76.1005869886967
vertex 16.9803847577293 35.1000000000001 -79.1005869886966
vertex 16.9803847577293 35.1000000000001 -76.1005869886967
endloop
endfacet
facet normal 0.866025403784436 -0.500000000000005 -3.58376415706028e-017
outer loop
vertex 16.9803847577293 35.1000000000001 -79.1005869886966
vertex 17.075735931288 35.224264068712 -76.1005869886967
vertex 17.075735931288 35.224264068712 -79.1005869886966
endloop
endfacet
facet normal 0.707106781186549 -0.707106781186546 0.0
outer loop
vertex 17.075735931288 35.224264068712 -76.1005869886967
vertex 17.2 35.3196152422707 -79.1005869886966
vertex 17.075735931288 35.224264068712 -79.1005869886966
endloop
endfacet
facet normal 0.500000000000004 -0.866025403784436 0.0
outer loop
vertex 17.2 35.3196152422707 -79.1005869886966
vertex 17.075735931288 35.224264068712 -76.1005869886967
vertex 17.2 35.3196152422707 -76.1005869886967
endloop
endfacet
facet normal 0.500000000000004 -0.866025403784436 0.0
outer loop
vertex 17.2 35.3196152422707 -76.1005869886967
vertex 17.3447085729385 35.3795554957735 -79.1005869886966
vertex 17.2 35.3196152422707 -79.1005869886966
endloop
endfacet
facet normal 0.25881904510252 -0.965925826289069 0.0
outer loop
vertex 17.3447085729385 35.3795554957735 -79.1005869886966
vertex 17.2 35.3196152422707 -76.1005869886967
vertex 17.3447085729385 35.3795554957735 -76.1005869886967
endloop
endfacet
facet normal 0.25881904510252 -0.965925826289069 0.0
outer loop
vertex 17.3447085729385 35.3795554957735 -76.1005869886967
vertex 17.5 35.4000000000001 -79.1005869886966
vertex 17.3447085729385 35.3795554957735 -79.1005869886966
endloop
endfacet
facet normal 0.0 -1.0 0.0
outer loop
vertex 17.5 35.4000000000001 -79.1005869886966
vertex 17.3447085729385 35.3795554957735 -76.1005869886967
vertex 17.5 35.4000000000001 -76.1005869886967
endloop
endfacet
facet normal 0.0 -1.0 0.0
outer loop
vertex 17.5 35.4000000000001 -76.1005869886967
vertex 17.6552914270615 35.3795554957735 -79.1005869886966
vertex 17.5 35.4000000000001 -79.1005869886966
endloop
endfacet
facet normal -0.25881904510252 -0.965925826289069 0.0
outer loop
vertex 17.6552914270615 35.3795554957735 -79.1005869886966
vertex 17.5 35.4000000000001 -76.1005869886967
vertex 17.6552914270615 35.3795554957735 -76.1005869886967
endloop
endfacet
facet normal -0.25881904510252 -0.965925826289069 0.0
outer loop
vertex 17.6552914270615 35.3795554957735 -76.1005869886967
vertex 17.8 35.3196152422707 -79.1005869886966
vertex 17.6552914270615 35.3795554957735 -79.1005869886966
endloop
endfacet
facet normal -0.500000000000004 -0.866025403784436 0.0
outer loop
vertex 17.8 35.3196152422707 -79.1005869886966
vertex 17.6552914270615 35.3795554957735 -76.1005869886967
vertex 17.8 35.3196152422707 -76.1005869886967
endloop
endfacet
facet normal -0.500000000000004 -0.866025403784436 0.0
outer loop
vertex 17.8 35.3196152422707 -76.1005869886967
vertex 17.9242640687119 35.224264068712 -79.1005869886966
vertex 17.8 35.3196152422707 -79.1005869886966
endloop
endfacet
facet normal -0.707106781186549 -0.707106781186546 0.0
outer loop
vertex 17.9242640687119 35.224264068712 -79.1005869886966
vertex 17.8 35.3196152422707 -76.1005869886967
vertex 17.9242640687119 35.224264068712 -76.1005869886967
endloop
endfacet
facet normal -0.707106781186549 -0.707106781186546 0.0
outer loop
vertex 17.9242640687119 35.224264068712 -79.1005869886966
vertex 18.0196152422706 35.1000000000001 -76.1005869886967
vertex 18.0196152422706 35.1000000000001 -79.1005869886966
endloop
endfacet
facet normal -0.866025403784436 -0.500000000000005 -1.08233000972114e-017
outer loop
vertex 18.0196152422706 35.1000000000001 -76.1005869886967
vertex 17.9242640687119 35.224264068712 -79.1005869886966
vertex 17.9242640687119 35.224264068712 -76.1005869886967
endloop
endfacet
facet normal -0.866025403784436 -0.500000000000005 -1.08233000972114e-017
outer loop
vertex 18.0196152422706 35.1000000000001 -79.1005869886966
vertex 18.0795554957734 34.9552914270616 -76.1005869886967
vertex 18.0795554957734 34.9552914270616 -79.1005869886966
endloop
endfacet
facet normal -0.965925826289068 -0.258819045102522 -1.08233000972115e-017
outer loop
vertex 18.0795554957734 34.9552914270616 -76.1005869886967
vertex 18.0196152422706 35.1000000000001 -79.1005869886966
vertex 18.048031181922 35.0313978531062 -76.1005869886967
endloop
endfacet
facet normal -0.923879532511282 -0.382683432365101 -2.14614105289739e-017
outer loop
vertex 18.048031181922 35.0313978531062 -76.1005869886967
vertex 18.0196152422706 35.1000000000001 -79.1005869886966
vertex 18.0196152422706 35.1000000000001 -76.1005869886967
endloop
endfacet
facet normal -0.965925826289068 -0.258819045102522 -1.08233000972115e-017
outer loop
vertex 18.0795554957734 34.9552914270616 -79.1005869886966
vertex 18.1 34.8000000000001 -76.1005869886967
vertex 18.1 34.8000000000001 -79.1005869886966
endloop
endfacet
facet normal -1.0 0.0 0.0
outer loop
vertex 18.1 34.8000000000001 -76.1005869886967
vertex 18.0795554957734 34.9552914270616 -79.1005869886966
vertex 18.0795554957734 34.9552914270616 -76.1005869886967
endloop
endfacet
facet normal -1.0 0.0 0.0
outer loop
vertex 18.1 34.8000000000001 -79.1005869886966
vertex 18.0795554957734 34.6447085729386 -76.1005869886967
vertex 18.0795554957734 34.6447085729386 -79.1005869886966
endloop
endfacet
facet normal -0.965925826289068 0.258819045102522 0.0
outer loop
vertex 18.0795554957734 34.6447085729386 -76.1005869886967
vertex 18.1 34.8000000000001 -79.1005869886966
vertex 18.1 34.8000000000001 -76.1005869886967
endloop
endfacet
facet normal -0.965925826289068 0.258819045102522 0.0
outer loop
vertex 18.0795554957734 34.6447085729386 -79.1005869886966
vertex 18.0196152422706 34.5000000000001 -76.1005869886967
vertex 18.0196152422706 34.5000000000001 -79.1005869886966
endloop
endfacet
facet normal -0.866025403784436 0.500000000000005 0.0
outer loop
vertex 18.0196152422706 34.5000000000001 -76.1005869886967
vertex 18.0795554957734 34.6447085729386 -79.1005869886966
vertex 18.0795554957734 34.6447085729386 -76.1005869886967
endloop
endfacet
facet normal -0.866025403784436 0.500000000000005 0.0
outer loop
vertex 18.0196152422706 34.5000000000001 -79.1005869886966
vertex 17.9242640687119 34.3757359312881 -76.1005869886967
vertex 17.9242640687119 34.3757359312881 -79.1005869886966
endloop
endfacet
facet normal -0.707106781186549 0.707106781186546 0.0
outer loop
vertex 17.9242640687119 34.3757359312881 -76.1005869886967
vertex 18.0196152422706 34.5000000000001 -79.1005869886966
vertex 18.0196152422706 34.5000000000001 -76.1005869886967
endloop
endfacet
facet normal -0.707106781186549 0.707106781186546 0.0
outer loop
vertex 17.9242640687119 34.3757359312881 -76.1005869886967
vertex 17.8 34.2803847577294 -79.1005869886966
vertex 17.9242640687119 34.3757359312881 -79.1005869886966
endloop
endfacet
facet normal -0.500000000000004 0.866025403784436 0.0
outer loop
vertex 17.8 34.2803847577294 -79.1005869886966
vertex 17.9242640687119 34.3757359312881 -76.1005869886967
vertex 17.8 34.2803847577294 -76.1005869886967
endloop
endfacet
facet normal -0.500000000000004 0.866025403784436 0.0
outer loop
vertex 17.8 34.2803847577294 -76.1005869886967
vertex 17.6552914270615 34.2204445042266 -79.1005869886966
vertex 17.8 34.2803847577294 -79.1005869886966
endloop
endfacet
facet normal -0.25881904510252 0.965925826289069 0.0
outer loop
vertex 17.6552914270615 34.2204445042266 -79.1005869886966
vertex 17.8 34.2803847577294 -76.1005869886967
vertex 17.6552914270615 34.2204445042266 -76.1005869886967
endloop
endfacet
facet normal 0.130526192220051 0.991444861373811 4.39717640624649e-016
outer loop
vertex 38.1526309611003 36.7572243068691 -76.1005869886967
vertex 37.5 36.8 -79.1005869886967
vertex 38.1526309611003 36.7572243068691 -79.1005869886967
endloop
endfacet
facet normal 0.0654031292301473 0.997858923238603 4.62310650007508e-031
outer loop
vertex 37.5 36.8 -79.1005869886967
vertex 38.1526309611003 36.7572243068691 -76.1005869886967
vertex 37.5 36.8 -76.1005869886967
endloop
endfacet
facet normal 0.25881904510252 0.965925826289069 1.05840685457122e-015
outer loop
vertex 38.7940952255126 36.6296291314454 -76.1005869886967
vertex 38.1526309611003 36.7572243068691 -79.1005869886967
vertex 38.7940952255126 36.6296291314454 -79.1005869886967
endloop
endfacet
facet normal 0.130526192220051 0.991444861373811 4.39717640624649e-016
outer loop
vertex 38.1526309611003 36.7572243068691 -79.1005869886967
vertex 38.7940952255126 36.6296291314454 -76.1005869886967
vertex 38.1526309611003 36.7572243068691 -76.1005869886967
endloop
endfacet
facet normal 0.382683432365093 0.923879532511286 1.40576405723135e-015
outer loop
vertex 39.4134171618255 36.4193976625565 -76.1005869886967
vertex 38.7940952255126 36.6296291314454 -79.1005869886967
vertex 39.4134171618255 36.4193976625565 -79.1005869886967
endloop
endfacet
facet normal 0.25881904510252 0.965925826289069 1.05840685457122e-015
outer loop
vertex 38.7940952255126 36.6296291314454 -79.1005869886967
vertex 39.4134171618255 36.4193976625565 -76.1005869886967
vertex 38.7940952255126 36.6296291314454 -76.1005869886967
endloop
endfacet
facet normal 0.500000000000004 0.866025403784436 1.72906824712083e-015
outer loop
vertex 40.0 36.1301270189222 -79.1005869886966
vertex 39.4134171618255 36.4193976625565 -76.1005869886967
vertex 39.4134171618255 36.4193976625565 -79.1005869886967
endloop
endfacet
facet normal 0.382683432365093 0.923879532511286 1.40576405723135e-015
outer loop
vertex 39.4134171618255 36.4193976625565 -76.1005869886967
vertex 40.0 36.1301270189222 -79.1005869886966
vertex 40.0 36.1301270189222 -76.1005869886967
endloop
endfacet
facet normal 0.608761429008722 0.793353340291234 2.02278759991377e-015
outer loop
vertex 40.5438071450436 35.7667667014562 -76.1005869886967
vertex 40.0 36.1301270189222 -79.1005869886966
vertex 40.5438071450436 35.7667667014562 -79.1005869886966
endloop
endfacet
facet normal 0.500000000000004 0.866025403784436 1.72906824712083e-015
outer loop
vertex 40.0 36.1301270189222 -79.1005869886966
vertex 40.5438071450436 35.7667667014562 -76.1005869886967
vertex 40.0 36.1301270189222 -76.1005869886967
endloop
endfacet
facet normal 0.707106781186548 0.707106781186548 2.28189649604951e-015
outer loop
vertex 41.0355339059328 35.3355339059328 -76.1005869886967
vertex 40.5438071450436 35.7667667014562 -79.1005869886966
vertex 41.0355339059328 35.3355339059328 -79.1005869886966
endloop
endfacet
facet normal 0.608761429008722 0.793353340291234 2.02278759991377e-015
outer loop
vertex 40.5438071450436 35.7667667014562 -79.1005869886966
vertex 41.0355339059328 35.3355339059328 -76.1005869886967
vertex 40.5438071450436 35.7667667014562 -76.1005869886967
endloop
endfacet
facet normal 0.707106781186548 0.707106781186548 2.28189649604951e-015
outer loop
vertex 41.0355339059328 35.3355339059328 -76.1005869886967
vertex 41.4667667014562 34.8438071450436 -79.1005869886966
vertex 41.4667667014562 34.8438071450436 -76.1005869886967
endloop
endfacet
facet normal 0.793353340291238 0.608761429008717 2.50196151047663e-015
outer loop
vertex 41.4667667014562 34.8438071450436 -79.1005869886966
vertex 41.0355339059328 35.3355339059328 -76.1005869886967
vertex 41.0355339059328 35.3355339059328 -79.1005869886966
endloop
endfacet
facet normal 0.793353340291238 0.608761429008717 2.50196151047663e-015
outer loop
vertex 41.4667667014562 34.8438071450436 -76.1005869886967
vertex 41.8301270189222 34.3 -79.1005869886966
vertex 41.8301270189222 34.3 -76.1005869886967
endloop
endfacet
facet normal 0.866025403784441 0.499999999999996 2.6792172697847e-015
outer loop
vertex 41.8301270189222 34.3 -79.1005869886966
vertex 41.4667667014562 34.8438071450436 -76.1005869886967
vertex 41.4667667014562 34.8438071450436 -79.1005869886966
endloop
endfacet
facet normal 0.866025403784441 0.499999999999996 2.6792172697847e-015
outer loop
vertex 41.8301270189222 34.3 -76.1005869886967
vertex 42.1193976625565 33.7134171618255 -79.1005869886966
vertex 42.1193976625565 33.7134171618255 -76.1005869886967
endloop
endfacet
facet normal 0.923879532511287 0.382683432365089 2.81063087878739e-015
outer loop
vertex 42.1193976625565 33.7134171618255 -79.1005869886966
vertex 41.8301270189222 34.3 -76.1005869886967
vertex 41.8301270189222 34.3 -79.1005869886966
endloop
endfacet
facet normal 0.923879532511287 0.382683432365089 2.81063087878739e-015
outer loop
vertex 42.1193976625565 33.7134171618255 -76.1005869886967
vertex 42.3296291314454 33.0940952255126 -79.1005869886966
vertex 42.3296291314454 33.0940952255126 -76.1005869886967
endloop
endfacet
facet normal 0.965925826289069 0.25881904510252 2.89395381419993e-015
outer loop
vertex 42.3296291314454 33.0940952255126 -79.1005869886966
vertex 42.1193976625565 33.7134171618255 -76.1005869886967
vertex 42.1193976625565 33.7134171618255 -79.1005869886966
endloop
endfacet
facet normal 0.965925826289069 0.25881904510252 2.89395381419993e-015
outer loop
vertex 42.3296291314454 33.0940952255126 -76.1005869886967
vertex 42.4572243068691 32.4526309611003 -79.1005869886966
vertex 42.4572243068691 32.4526309611003 -76.1005869886967
endloop
endfacet
facet normal 0.991444861373811 0.130526192220047 1.46179462170363e-015
outer loop
vertex 42.4572243068691 32.4526309611003 -79.1005869886966
vertex 42.3296291314454 33.0940952255126 -76.1005869886967
vertex 42.3296291314454 33.0940952255126 -79.1005869886966
endloop
endfacet
facet normal 0.991444861373811 0.130526192220047 1.46179462170364e-015
outer loop
vertex 42.4572243068691 32.4526309611003 -76.1005869886967
vertex 42.5 31.8 -79.1005869886967
vertex 42.5 31.8 -76.1005869886967
endloop
endfacet
facet normal 0.997858923238604 0.0654031292301387 2.26767454183933e-019
outer loop
vertex 42.5 31.8 -79.1005869886967
vertex 42.4572243068691 32.4526309611003 -76.1005869886967
vertex 42.4572243068691 32.4526309611003 -79.1005869886966
endloop
endfacet
facet normal -0.991444861373811 0.13052619222005 4.66776300060198e-016
outer loop
vertex -7.45722430686913 32.4526309611004 -79.1005869886967
vertex -7.50000000000008 31.8000000000001 -76.1005869886967
vertex -7.50000000000008 31.8000000000001 -79.1005869886967
endloop
endfacet
facet normal -0.997858923238604 0.0654031292301409 0.0
outer loop
vertex -7.50000000000008 31.8000000000001 -76.1005869886967
vertex -7.45722430686913 32.4526309611004 -79.1005869886967
vertex -7.45722430686913 32.4526309611004 -76.1005869886967
endloop
endfacet
facet normal -0.965925826289069 0.258819045102519 9.70269072042764e-016
outer loop
vertex -7.32962913144542 33.0940952255127 -79.1005869886966
vertex -7.45722430686913 32.4526309611004 -76.1005869886967
vertex -7.45722430686913 32.4526309611004 -79.1005869886967
endloop
endfacet
facet normal -0.991444861373811 0.13052619222005 4.66776300060203e-016
outer loop
vertex -7.45722430686913 32.4526309611004 -76.1005869886967
vertex -7.32962913144542 33.0940952255127 -79.1005869886966
vertex -7.32962913144542 33.0940952255127 -76.1005869886966
endloop
endfacet
facet normal -0.923879532511287 0.382683432365089 1.0350871149643e-015
outer loop
vertex -7.11939766255651 33.7134171618256 -79.1005869886966
vertex -7.32962913144542 33.0940952255127 -76.1005869886966
vertex -7.32962913144542 33.0940952255127 -79.1005869886966
endloop
endfacet
facet normal -0.965925826289069 0.25881904510252 9.70269072042764e-016
outer loop
vertex -7.32962913144542 33.0940952255127 -76.1005869886966
vertex -7.11939766255651 33.7134171618256 -79.1005869886966
vertex -7.11939766255651 33.7134171618256 -76.1005869886966
endloop
endfacet
facet normal -0.86602540378444 0.499999999999997 1.08219453036843e-015
outer loop
vertex -6.83012701892228 34.3000000000001 -79.1005869886966
vertex -7.11939766255651 33.7134171618256 -76.1005869886966
vertex -7.11939766255651 33.7134171618256 -79.1005869886966
endloop
endfacet
facet normal -0.923879532511287 0.382683432365089 1.0350871149643e-015
outer loop
vertex -7.11939766255651 33.7134171618256 -76.1005869886966
vertex -6.83012701892228 34.3000000000001 -79.1005869886966
vertex -6.83012701892228 34.3000000000001 -76.1005869886966
endloop
endfacet
facet normal -0.793353340291235 0.60876142900872 1.11078529731695e-015
outer loop
vertex -6.46676670145626 34.8438071450437 -79.1005869886966
vertex -6.83012701892228 34.3000000000001 -76.1005869886966
vertex -6.83012701892228 34.3000000000001 -79.1005869886966
endloop
endfacet
facet normal -0.86602540378444 0.499999999999997 1.08219453036843e-015
outer loop
vertex -6.83012701892228 34.3000000000001 -76.1005869886966
vertex -6.46676670145626 34.8438071450437 -79.1005869886966
vertex -6.46676670145626 34.8438071450437 -76.1005869886966
endloop
endfacet
facet normal -0.707106781186546 0.707106781186549 1.12037021986052e-015
outer loop
vertex -6.03553390593282 35.3355339059329 -79.1005869886966
vertex -6.46676670145626 34.8438071450437 -76.1005869886966
vertex -6.46676670145626 34.8438071450437 -79.1005869886966
endloop
endfacet
facet normal -0.793353340291235 0.60876142900872 1.11078529731695e-015
outer loop
vertex -6.46676670145626 34.8438071450437 -76.1005869886966
vertex -6.03553390593282 35.3355339059329 -79.1005869886966
vertex -6.03553390593282 35.3355339059329 -76.1005869886966
endloop
endfacet
facet normal -0.60876142900872 0.793353340291236 1.11078529731695e-015
outer loop
vertex -5.54380714504368 35.7667667014563 -76.1005869886966
vertex -6.03553390593282 35.3355339059329 -79.1005869886966
vertex -5.54380714504368 35.7667667014563 -79.1005869886966
endloop
endfacet
facet normal -0.707106781186546 0.707106781186549 1.12037021986052e-015
outer loop
vertex -6.03553390593282 35.3355339059329 -79.1005869886966
vertex -5.54380714504368 35.7667667014563 -76.1005869886966
vertex -6.03553390593282 35.3355339059329 -76.1005869886966
endloop
endfacet
facet normal -0.5 0.866025403784438 1.08219453036843e-015
outer loop
vertex -5.00000000000008 36.1301270189223 -76.1005869886966
vertex -5.54380714504368 35.7667667014563 -79.1005869886966
vertex -5.00000000000008 36.1301270189223 -79.1005869886966
endloop
endfacet
facet normal -0.60876142900872 0.793353340291236 1.11078529731695e-015
outer loop
vertex -5.54380714504368 35.7667667014563 -79.1005869886966
vertex -5.00000000000008 36.1301270189223 -76.1005869886966
vertex -5.54380714504368 35.7667667014563 -76.1005869886966
endloop
endfacet
facet normal -0.382683432365089 0.923879532511287 1.0350871149643e-015
outer loop
vertex -4.41341716182553 36.4193976625566 -76.1005869886966
vertex -5.00000000000008 36.1301270189223 -79.1005869886966
vertex -4.41341716182553 36.4193976625566 -79.1005869886966
endloop
endfacet
facet normal -0.5 0.866025403784438 1.08219453036843e-015
outer loop
vertex -5.00000000000008 36.1301270189223 -79.1005869886966
vertex -4.41341716182553 36.4193976625566 -76.1005869886966
vertex -5.00000000000008 36.1301270189223 -76.1005869886966
endloop
endfacet
facet normal -0.258819045102521 0.965925826289068 9.70269072042762e-016
outer loop
vertex -3.79409522551268 36.6296291314455 -76.1005869886966
vertex -4.41341716182553 36.4193976625566 -79.1005869886966
vertex -3.79409522551268 36.6296291314455 -79.1005869886966
endloop
endfacet
facet normal -0.382683432365089 0.923879532511287 1.0350871149643e-015
outer loop
vertex -4.41341716182553 36.4193976625566 -79.1005869886966
vertex -3.79409522551268 36.6296291314455 -76.1005869886966
vertex -4.41341716182553 36.4193976625566 -76.1005869886966
endloop
endfacet
facet normal -0.130526192220052 0.99144486137381 4.97595400206669e-016
outer loop
vertex -3.15263096110033 36.7572243068692 -76.1005869886967
vertex -3.79409522551268 36.6296291314455 -79.1005869886966
vertex -3.15263096110034 36.7572243068692 -79.1005869886967
endloop
endfacet
facet normal -0.25881904510252 0.965925826289069 9.70269072042762e-016
outer loop
vertex -3.79409522551268 36.6296291314455 -79.1005869886966
vertex -3.15263096110033 36.7572243068692 -76.1005869886967
vertex -3.79409522551268 36.6296291314455 -76.1005869886966
endloop
endfacet
facet normal -0.0654031292301388 0.997858923238604 6.15062281746718e-017
outer loop
vertex -2.50000000000007 36.8000000000001 -76.1005869886967
vertex -3.15263096110034 36.7572243068692 -79.1005869886967
vertex -2.50000000000008 36.8000000000001 -79.1005869886967
endloop
endfacet
facet normal -0.130526192220051 0.99144486137381 4.97595400206665e-016
outer loop
vertex -3.15263096110034 36.7572243068692 -79.1005869886967
vertex -2.50000000000007 36.8000000000001 -76.1005869886967
vertex -3.15263096110033 36.7572243068692 -76.1005869886967
endloop
endfacet
facet normal 3.05844048314844e-016 -1.56849013475366e-015 1.0
outer loop
vertex -1.49137103941988 15.0000000000002 -76.1005869886967
vertex -2.00000000000012 23.9019237886468 -76.1005869886967
vertex -1.37867965644048 24.3786796564405 -76.1005869886967
endloop
endfacet
facet normal 3.05844048314844e-016 -1.56849013475366e-015 1.0
outer loop
vertex -2.00000000000012 23.9019237886468 -76.1005869886967
vertex -1.49137103941988 15.0000000000002 -76.1005869886967
vertex -1.57685049839896 15.6492809520941 -76.1005869886967
endloop
endfacet
facet normal 3.05844048314844e-016 -1.56849013475366e-015 1.0
outer loop
vertex -2.00000000000012 23.9019237886468 -76.1005869886967
vertex -1.57685049839896 15.6492809520941 -76.1005869886967
vertex -1.82746359146827 16.2543144802903 -76.1005869886967
endloop
endfacet
facet normal 3.05844048314844e-016 -1.56849013475366e-015 1.0
outer loop
vertex -2.00000000000012 23.9019237886468 -76.1005869886967
vertex -1.82746359146827 16.2543144802903 -76.1005869886967
vertex -2.22613145049285 16.7738685495074 -76.1005869886967
endloop
endfacet
facet normal 3.05844048314844e-016 -1.56849013475366e-015 1.0
outer loop
vertex -2.00000000000012 23.9019237886468 -76.1005869886967
vertex -2.22613145049285 16.7738685495074 -76.1005869886967
vertex -2.72354286469256 23.6022225211329 -76.1005869886967
endloop
endfacet
facet normal 3.05844048314844e-016 -1.56849013475366e-015 1.0
outer loop
vertex -2.72354286469256 23.6022225211329 -76.1005869886967
vertex -2.22613145049285 16.7738685495074 -76.1005869886967
vertex -2.74568551970995 17.172536408532 -76.1005869886967
endloop
endfacet
facet normal 3.05844048314844e-016 -1.56849013475366e-015 1.0
outer loop
vertex -2.72354286469256 23.6022225211329 -76.1005869886967
vertex -2.74568551970995 17.172536408532 -76.1005869886967
vertex -3.50000000000012 23.5000000000001 -76.1005869886967
endloop
endfacet
facet normal 3.05844048314844e-016 -1.56849013475366e-015 1.0
outer loop
vertex -3.50000000000012 23.5000000000001 -76.1005869886967
vertex -2.74568551970995 17.172536408532 -76.1005869886967
vertex -3.35071904790614 17.4231495016013 -76.1005869886967
endloop
endfacet
facet normal 3.05844048314844e-016 -1.56849013475366e-015 1.0
outer loop
vertex -3.50000000000012 23.5000000000001 -76.1005869886967
vertex -3.35071904790614 17.4231495016013 -76.1005869886967
vertex -4.00000000000003 17.5086289605804 -76.1005869886967
endloop
endfacet
facet normal 3.05844048314844e-016 -1.56849013475366e-015 1.0
outer loop
vertex -3.50000000000012 23.5000000000001 -76.1005869886967
vertex -4.00000000000003 17.5086289605804 -76.1005869886967
vertex -4.27645713530769 23.6022225211329 -76.1005869886967
endloop
endfacet
facet normal 3.05844048314844e-016 -1.56849013475366e-015 1.0
outer loop
vertex -4.27645713530769 23.6022225211329 -76.1005869886967
vertex -4.00000000000003 17.5086289605804 -76.1005869886967
vertex -4.64928095209391 17.4231495016013 -76.1005869886967
endloop
endfacet
facet normal 3.05844048314844e-016 -1.56849013475366e-015 1.0
outer loop
vertex -4.27645713530769 23.6022225211329 -76.1005869886967
vertex -4.64928095209391 17.4231495016013 -76.1005869886967
vertex -5.00000000000012 23.9019237886468 -76.1005869886967
endloop
endfacet
facet normal 3.05844048314844e-016 -1.56849013475366e-015 1.0
outer loop
vertex -5.00000000000012 23.9019237886468 -76.1005869886967
vertex -4.64928095209391 17.4231495016013 -76.1005869886967
vertex -5.25431448029012 17.172536408532 -76.1005869886967
endloop
endfacet
facet normal 3.05844048314844e-016 -1.56849013475366e-015 1.0
outer loop
vertex -5.00000000000012 23.9019237886468 -76.1005869886967
vertex -5.25431448029012 17.172536408532 -76.1005869886967
vertex -5.62132034355977 24.3786796564405 -76.1005869886967
endloop
endfacet
facet normal 3.05844048314844e-016 -1.56849013475366e-015 1.0
outer loop
vertex -5.62132034355977 24.3786796564405 -76.1005869886967
vertex -5.25431448029012 17.172536408532 -76.1005869886967
vertex -5.77386854950721 16.7738685495074 -76.1005869886967
endloop
endfacet
facet normal 3.05844048314844e-016 -1.56849013475366e-015 1.0
outer loop
vertex -5.62132034355977 24.3786796564405 -76.1005869886967
vertex -5.77386854950721 16.7738685495074 -76.1005869886967
vertex -6.09807621135344 25.0000000000001 -76.1005869886967
endloop
endfacet
facet normal 3.05844048314844e-016 -1.56849013475366e-015 1.0
outer loop
vertex -6.09807621135344 25.0000000000001 -76.1005869886967
vertex -5.77386854950721 16.7738685495074 -76.1005869886967
vertex -6.1725364085318 16.2543144802903 -76.1005869886967
endloop
endfacet
facet normal 3.05844048314844e-016 -1.56849013475366e-015 1.0
outer loop
vertex -6.09807621135344 25.0000000000001 -76.1005869886967
vertex -6.1725364085318 16.2543144802903 -76.1005869886967
vertex -6.39777747886733 25.7235428646925 -76.1005869886967
endloop
endfacet
facet normal 3.05844048314844e-016 -1.56849013475366e-015 1.0
outer loop
vertex -6.39777747886733 25.7235428646925 -76.1005869886967
vertex -6.1725364085318 16.2543144802903 -76.1005869886967
vertex -6.4231495016011 15.6492809520941 -76.1005869886967
endloop
endfacet
facet normal 3.05844048314844e-016 -1.56849013475366e-015 1.0
outer loop
vertex -6.39777747886733 25.7235428646925 -76.1005869886967
vertex -6.4231495016011 15.6492809520941 -76.1005869886967
vertex -6.50000000000012 26.5000000000001 -76.1005869886967
endloop
endfacet
facet normal 3.05844048314844e-016 -1.56849013475366e-015 1.0
outer loop
vertex -6.50000000000012 26.5000000000001 -76.1005869886967
vertex -6.4231495016011 15.6492809520941 -76.1005869886967
vertex -6.50862896058019 15.0000000000002 -76.1005869886967
endloop
endfacet
facet normal 3.05844048314844e-016 -1.56849013475366e-015 1.0
outer loop
vertex -1.00000000000008 2.19419324309111 -76.1005869886967
vertex -1.37867965644048 24.3786796564405 -76.1005869886967
vertex -0.901923788646806 25.0000000000001 -76.1005869886967
endloop
endfacet
facet normal 3.05844048314844e-016 -1.56849013475366e-015 1.0
outer loop
vertex -1.37867965644048 24.3786796564405 -76.1005869886967
vertex -1.00000000000008 2.19419324309111 -76.1005869886967
vertex -1.15333378169927 3.35887894605245 -76.1005869886967
endloop
endfacet
facet normal 3.05844048314844e-016 -1.56849013475366e-015 1.0
outer loop
vertex -1.37867965644048 24.3786796564405 -76.1005869886967
vertex -1.15333378169927 3.35887894605245 -76.1005869886967
vertex -1.60288568297011 4.44419324309111 -76.1005869886967
endloop
endfacet
facet normal 3.05844048314844e-016 -1.56849013475366e-015 1.0
outer loop
vertex -1.37867965644048 24.3786796564405 -76.1005869886967
vertex -1.60288568297011 4.44419324309111 -76.1005869886967
vertex -1.49137103941988 15.0000000000002 -76.1005869886967
endloop
endfacet
facet normal 3.05844048314844e-016 -1.56849013475366e-015 1.0
outer loop
vertex -1.49137103941988 15.0000000000002 -76.1005869886967
vertex -1.60288568297011 4.44419324309111 -76.1005869886967
vertex -1.57685049839896 14.3507190479063 -76.1005869886967
endloop
endfacet
facet normal 3.05844048314844e-016 -1.56849013475366e-015 1.0
outer loop
vertex -1.57685049839896 14.3507190479063 -76.1005869886967
vertex -1.60288568297011 4.44419324309111 -76.1005869886967
vertex -1.82746359146828 13.7456855197101 -76.1005869886967
endloop
endfacet
facet normal 3.05844048314844e-016 -1.56849013475366e-015 1.0
outer loop
vertex -1.82746359146828 13.7456855197101 -76.1005869886967
vertex -1.60288568297011 4.44419324309111 -76.1005869886967
vertex -2.31801948466061 5.37617375843057 -76.1005869886967
endloop
endfacet
facet normal 3.05844048314844e-016 -1.56849013475366e-015 1.0
outer loop
vertex -1.82746359146828 13.7456855197101 -76.1005869886967
vertex -2.31801948466061 5.37617375843057 -76.1005869886967
vertex -2.22613145049285 13.226131450493 -76.1005869886967
endloop
endfacet
facet normal 3.05844048314844e-016 -1.56849013475366e-015 1.0
outer loop
vertex -2.22613145049285 13.226131450493 -76.1005869886967
vertex -2.31801948466061 5.37617375843057 -76.1005869886967
vertex -2.74568551970995 12.8274635914684 -76.1005869886967
endloop
endfacet
facet normal 3.05844048314844e-016 -1.56849013475366e-015 1.0
outer loop
vertex -2.74568551970995 12.8274635914684 -76.1005869886967
vertex -2.31801948466061 5.37617375843057 -76.1005869886967
vertex -3.25000000000008 6.09130756012109 -76.1005869886967
endloop
endfacet
facet normal 3.05844048314844e-016 -1.56849013475366e-015 1.0
outer loop
vertex -2.74568551970995 12.8274635914684 -76.1005869886967
vertex -3.25000000000008 6.09130756012109 -76.1005869886967
vertex -3.35071904790614 12.5768504983991 -76.1005869886967
endloop
endfacet
facet normal 3.05844048314844e-016 -1.56849013475366e-015 1.0
outer loop
vertex -3.35071904790614 12.5768504983991 -76.1005869886967
vertex -3.25000000000008 6.09130756012109 -76.1005869886967
vertex -4.33531429703873 6.54085946139192 -76.1005869886967
endloop
endfacet
facet normal 3.05844048314844e-016 -1.56849013475366e-015 1.0
outer loop
vertex -3.35071904790614 12.5768504983991 -76.1005869886967
vertex -4.33531429703873 6.54085946139192 -76.1005869886967
vertex -4.00000000000003 12.49137103942 -76.1005869886967
endloop
endfacet
facet normal 3.05844048314844e-016 -1.56849013475366e-015 1.0
outer loop
vertex -4.00000000000003 12.49137103942 -76.1005869886967
vertex -4.33531429703873 6.54085946139192 -76.1005869886967
vertex -4.64928095209392 12.5768504983991 -76.1005869886967
endloop
endfacet
facet normal 3.05844048314844e-016 -1.56849013475366e-015 1.0
outer loop
vertex -4.64928095209392 12.5768504983991 -76.1005869886967
vertex -4.33531429703873 6.54085946139192 -76.1005869886967
vertex -5.50000000000008 6.69419324309111 -76.1005869886967
endloop
endfacet
facet normal 3.05844048314844e-016 -1.56849013475366e-015 1.0
outer loop
vertex -4.64928095209392 12.5768504983991 -76.1005869886967
vertex -5.50000000000008 6.69419324309111 -76.1005869886967
vertex -5.25431448029011 12.8274635914684 -76.1005869886967
endloop
endfacet
facet normal 3.05844048314844e-016 -1.56849013475366e-015 1.0
outer loop
vertex -5.25431448029011 12.8274635914684 -76.1005869886967
vertex -5.50000000000008 6.69419324309111 -76.1005869886967
vertex -5.77386854950722 13.226131450493 -76.1005869886967
endloop
endfacet
facet normal 3.05844048314844e-016 -1.56849013475366e-015 1.0
outer loop
vertex -5.77386854950722 13.226131450493 -76.1005869886967
vertex -5.50000000000008 6.69419324309111 -76.1005869886967
vertex -6.66468570296142 6.54085946139192 -76.1005869886967
endloop
endfacet
facet normal 3.05844048314844e-016 -1.56849013475366e-015 1.0
outer loop
vertex -5.77386854950722 13.226131450493 -76.1005869886967
vertex -6.66468570296142 6.54085946139192 -76.1005869886967
vertex -6.17253640853179 13.7456855197101 -76.1005869886967
endloop
endfacet
facet normal 3.05844048314844e-016 -1.56849013475366e-015 1.0
outer loop
vertex -6.17253640853179 13.7456855197101 -76.1005869886967
vertex -6.66468570296142 6.54085946139192 -76.1005869886967
vertex -6.4231495016011 14.3507190479063 -76.1005869886967
endloop
endfacet
facet normal 3.05844048314844e-016 -1.56849013475366e-015 1.0
outer loop
vertex -6.4231495016011 14.3507190479063 -76.1005869886967
vertex -6.66468570296142 6.54085946139192 -76.1005869886967
vertex -6.50862896058019 15.0000000000002 -76.1005869886967
endloop
endfacet
facet normal 3.05844048314844e-016 -1.56849013475366e-015 1.0
outer loop
vertex 6.69999999999999 -3.49999999999988 -76.1005869886967
vertex -1.00000000000008 2.19419324309111 -76.1005869886967
vertex -0.500000000000123 26.5000000000001 -76.1005869886967
endloop
endfacet
facet normal 3.05844048314844e-016 -1.56849013475366e-015 1.0
outer loop
vertex -1.00000000000008 2.19419324309111 -76.1005869886967
vertex 6.69999999999999 -3.49999999999988 -76.1005869886967
vertex -1.50000000000001 -3.49999999999988 -76.1005869886967
endloop
endfacet
facet normal 3.05844048314844e-016 -1.56849013475366e-015 1.0
outer loop
vertex -0.500000000000123 26.5000000000001 -76.1005869886967
vertex -1.00000000000008 2.19419324309111 -76.1005869886967
vertex -0.602222521132918 25.7235428646925 -76.1005869886967
endloop
endfacet
facet normal 3.05844048314844e-016 -1.56849013475366e-015 1.0
outer loop
vertex -0.602222521132918 25.7235428646925 -76.1005869886967
vertex -1.00000000000008 2.19419324309111 -76.1005869886967
vertex -0.901923788646806 25.0000000000001 -76.1005869886967
endloop
endfacet
facet normal 3.05844048314844e-016 -1.56849013475366e-015 1.0
outer loop
vertex -1.00000000000008 2.19419324309111 -76.1005869886967
vertex -1.50000000000001 -3.49999999999988 -76.1005869886967
vertex -1.15333378169927 1.02950754012977 -76.1005869886967
endloop
endfacet
facet normal 3.05844048314844e-016 -1.56849013475366e-015 1.0
outer loop
vertex -1.15333378169927 1.02950754012977 -76.1005869886967
vertex -1.50000000000001 -3.49999999999988 -76.1005869886967
vertex -1.60288568297011 -0.0558067569088828 -76.1005869886967
endloop
endfacet
facet normal 3.05844048314844e-016 -1.56849013475366e-015 1.0
outer loop
vertex -1.60288568297011 -0.0558067569088828 -76.1005869886967
vertex -1.50000000000001 -3.49999999999988 -76.1005869886967
vertex -1.50000000000006 -9.88058067569075 -76.1005869886967
endloop
endfacet
facet normal 3.05844048314844e-016 -1.56849013475366e-015 1.0
outer loop
vertex -1.60288568297011 -0.0558067569088828 -76.1005869886967
vertex -1.50000000000006 -9.88058067569075 -76.1005869886967
vertex -3.1772799151033 -8.00300112644868 -76.1005869886967
endloop
endfacet
facet normal 3.05844048314844e-016 -1.56849013475366e-015 1.0
outer loop
vertex -1.60288568297011 -0.0558067569088828 -76.1005869886967
vertex -3.1772799151033 -8.00300112644868 -76.1005869886967
vertex -2.31801948466061 -0.987787272248348 -76.1005869886967
endloop
endfacet
facet normal 3.05844048314844e-016 -1.56849013475366e-015 1.0
outer loop
vertex -2.31801948466061 -0.987787272248348 -76.1005869886967
vertex -3.1772799151033 -8.00300112644868 -76.1005869886967
vertex -3.25000000000007 -1.70292107393886 -76.1005869886967
endloop
endfacet
facet normal 3.05844048314844e-016 -1.56849013475366e-015 1.0
outer loop
vertex -3.25000000000007 -1.70292107393886 -76.1005869886967
vertex -3.1772799151033 -8.00300112644868 -76.1005869886967
vertex -4.33531429703873 -2.15247297520969 -76.1005869886967
endloop
endfacet
facet normal 3.05844048314844e-016 -1.56849013475366e-015 1.0
outer loop
vertex -4.33531429703873 -2.15247297520969 -76.1005869886967
vertex -3.1772799151033 -8.00300112644868 -76.1005869886967
vertex -5.50000000000007 -2.30580675690889 -76.1005869886967
endloop
endfacet
facet normal 3.05844048314844e-016 -1.56849013475366e-015 1.0
outer loop
vertex -5.50000000000007 -2.30580675690889 -76.1005869886967
vertex -3.1772799151033 -8.00300112644868 -76.1005869886967
vertex -10.5000000000001 -2.80580675690888 -76.1005869886967
endloop
endfacet
facet normal 3.05844048314844e-016 -1.56849013475366e-015 1.0
outer loop
vertex -5.50000000000007 -2.30580675690889 -76.1005869886967
vertex -10.5000000000001 -2.80580675690888 -76.1005869886967
vertex -6.66468570296143 -2.15247297520969 -76.1005869886967
endloop
endfacet
facet normal 3.05844048314844e-016 -1.56849013475366e-015 1.0
outer loop
vertex -6.66468570296143 -2.15247297520969 -76.1005869886967
vertex -10.5000000000001 -2.80580675690888 -76.1005869886967
vertex -7.75000000000008 -1.70292107393886 -76.1005869886967
endloop
endfacet
facet normal 3.05844048314844e-016 -1.56849013475366e-015 1.0
outer loop
vertex -7.75000000000008 -1.70292107393886 -76.1005869886967
vertex -10.5000000000001 -2.80580675690888 -76.1005869886967
vertex -8.68198051533954 -0.98778727224835 -76.1005869886967
endloop
endfacet
facet normal 3.05844048314844e-016 -1.56849013475366e-015 1.0
outer loop
vertex -8.68198051533954 -0.98778727224835 -76.1005869886967
vertex -10.5000000000001 -2.80580675690888 -76.1005869886967
vertex -9.39711431703005 -0.0558067569088857 -76.1005869886967
endloop
endfacet
facet normal 3.05844048314844e-016 -1.56849013475366e-015 1.0
outer loop
vertex -9.39711431703005 -0.0558067569088857 -76.1005869886967
vertex -10.5000000000001 -2.80580675690888 -76.1005869886967
vertex -9.84666621830089 1.02950754012977 -76.1005869886967
endloop
endfacet
facet normal 3.05844048314844e-016 -1.56849013475366e-015 1.0
outer loop
vertex -9.84666621830089 1.02950754012977 -76.1005869886967
vertex -10.5000000000001 -2.80580675690888 -76.1005869886967
vertex -10.0000000000001 2.19419324309111 -76.1005869886967
endloop
endfacet
facet normal 3.05844048314844e-016 -1.56849013475366e-015 1.0
outer loop
vertex 45.5 -3.15290337845444 -76.1005869886967
vertex 42.5 31.8 -76.1005869886967
vertex 45.5026571650159 7.20442196312916 -76.1005869886967
endloop
endfacet
facet normal 3.05844048314844e-016 -1.56849013475366e-015 1.0
outer loop
vertex 42.5 31.8 -76.1005869886967
vertex 45.5 -3.15290337845444 -76.1005869886967
vertex 45.0 2.194193243091 -76.1005869886967
endloop
endfacet
facet normal 3.05844048314844e-016 -1.56849013475366e-015 1.0
outer loop
vertex 42.5 31.8 -76.1005869886967
vertex 45.0 2.194193243091 -76.1005869886967
vertex 44.8466662183008 3.35887894605234 -76.1005869886967
endloop
endfacet
facet normal 3.05844048314844e-016 -1.56849013475366e-015 1.0
outer loop
vertex 42.5 31.8 -76.1005869886967
vertex 44.8466662183008 3.35887894605234 -76.1005869886967
vertex 44.39711431703 4.444193243091 -76.1005869886967
endloop
endfacet
facet normal 3.05844048314844e-016 -1.56849013475366e-015 1.0
outer loop
vertex 42.5 31.8 -76.1005869886967
vertex 44.39711431703 4.444193243091 -76.1005869886967
vertex 43.6819805153395 5.37617375843046 -76.1005869886967
endloop
endfacet
facet normal 3.05844048314844e-016 -1.56849013475366e-015 1.0
outer loop
vertex 42.5 31.8 -76.1005869886967
vertex 43.6819805153395 5.37617375843046 -76.1005869886967
vertex 42.75 6.09130756012097 -76.1005869886967
endloop
endfacet
facet normal 3.05844048314844e-016 -1.56849013475366e-015 1.0
outer loop
vertex 42.5 31.8 -76.1005869886967
vertex 42.75 6.09130756012097 -76.1005869886967
vertex 41.6646857029614 6.54085946139181 -76.1005869886967
endloop
endfacet
facet normal 3.05844048314844e-016 -1.56849013475366e-015 1.0
outer loop
vertex 42.5 31.8 -76.1005869886967
vertex 41.6646857029614 6.54085946139181 -76.1005869886967
vertex 42.4572243068691 32.4526309611003 -76.1005869886967
endloop
endfacet
facet normal 3.05844048314844e-016 -1.56849013475366e-015 1.0
outer loop
vertex 42.4572243068691 32.4526309611003 -76.1005869886967
vertex 41.6646857029614 6.54085946139181 -76.1005869886967
vertex 42.3296291314454 33.0940952255126 -76.1005869886967
endloop
endfacet
facet normal 3.05844048314844e-016 -1.56849013475366e-015 1.0
outer loop
vertex 42.3296291314454 33.0940952255126 -76.1005869886967
vertex 41.6646857029614 6.54085946139181 -76.1005869886967
vertex 42.1193976625565 33.7134171618255 -76.1005869886967
endloop
endfacet
facet normal 3.05844048314844e-016 -1.56849013475366e-015 1.0
outer loop
vertex 42.1193976625565 33.7134171618255 -76.1005869886967
vertex 41.6646857029614 6.54085946139181 -76.1005869886967
vertex 41.8301270189222 34.3 -76.1005869886967
endloop
endfacet
facet normal 3.05844048314844e-016 -1.56849013475366e-015 1.0
outer loop
vertex 41.8301270189222 34.3 -76.1005869886967
vertex 41.6646857029614 6.54085946139181 -76.1005869886967
vertex 41.5425927171386 26.5000000000002 -76.1005869886967
endloop
endfacet
facet normal 3.05844048314844e-016 -1.56849013475366e-015 1.0
outer loop
vertex 41.8301270189222 34.3 -76.1005869886967
vertex 41.5425927171386 26.5000000000002 -76.1005869886967
vertex 41.4667667014562 34.8438071450436 -76.1005869886967
endloop
endfacet
facet normal 3.05844048314844e-016 -1.56849013475366e-015 1.0
outer loop
vertex 41.4667667014562 34.8438071450436 -76.1005869886967
vertex 41.5425927171386 26.5000000000002 -76.1005869886967
vertex 41.4403701960058 27.2764571353078 -76.1005869886967
endloop
endfacet
facet normal 3.05844048314844e-016 -1.56849013475366e-015 1.0
outer loop
vertex 41.4667667014562 34.8438071450436 -76.1005869886967
vertex 41.4403701960058 27.2764571353078 -76.1005869886967
vertex 41.0355339059328 35.3355339059328 -76.1005869886967
endloop
endfacet
facet normal 3.05844048314844e-016 -1.56849013475366e-015 1.0
outer loop
vertex 41.0355339059328 35.3355339059328 -76.1005869886967
vertex 41.4403701960058 27.2764571353078 -76.1005869886967
vertex 41.1406689284919 28.0000000000002 -76.1005869886967
endloop
endfacet
facet normal 3.05844048314844e-016 -1.56849013475366e-015 1.0
outer loop
vertex 41.0355339059328 35.3355339059328 -76.1005869886967
vertex 41.1406689284919 28.0000000000002 -76.1005869886967
vertex 40.6639130606982 28.6213203435598 -76.1005869886967
endloop
endfacet
facet normal 3.05844048314844e-016 -1.56849013475366e-015 1.0
outer loop
vertex 41.0355339059328 35.3355339059328 -76.1005869886967
vertex 40.6639130606982 28.6213203435598 -76.1005869886967
vertex 40.5438071450436 35.7667667014562 -76.1005869886967
endloop
endfacet
facet normal 3.05844048314844e-016 -1.56849013475366e-015 1.0
outer loop
vertex 40.5438071450436 35.7667667014562 -76.1005869886967
vertex 40.6639130606982 28.6213203435598 -76.1005869886967
vertex 40.0425927171386 29.0980762113535 -76.1005869886967
endloop
endfacet
facet normal 3.05844048314844e-016 -1.56849013475366e-015 1.0
outer loop
vertex 40.5438071450436 35.7667667014562 -76.1005869886967
vertex 40.0425927171386 29.0980762113535 -76.1005869886967
vertex 40.0 36.1301270189222 -76.1005869886967
endloop
endfacet
facet normal 3.05844048314844e-016 -1.56849013475366e-015 1.0
outer loop
vertex 40.0 36.1301270189222 -76.1005869886967
vertex 40.0425927171386 29.0980762113535 -76.1005869886967
vertex 39.3190498524462 29.3977774788674 -76.1005869886967
endloop
endfacet
facet normal 3.05844048314844e-016 -1.56849013475366e-015 1.0
outer loop
vertex 40.0 36.1301270189222 -76.1005869886967
vertex 39.3190498524462 29.3977774788674 -76.1005869886967
vertex 39.4134171618255 36.4193976625565 -76.1005869886967
endloop
endfacet
facet normal 3.05844048314844e-016 -1.56849013475366e-015 1.0
outer loop
vertex 39.4134171618255 36.4193976625565 -76.1005869886967
vertex 39.3190498524462 29.3977774788674 -76.1005869886967
vertex 38.7940952255126 36.6296291314454 -76.1005869886967
endloop
endfacet
facet normal 3.05844048314844e-016 -1.56849013475366e-015 1.0
outer loop
vertex 38.7940952255126 36.6296291314454 -76.1005869886967
vertex 39.3190498524462 29.3977774788674 -76.1005869886967
vertex 38.5425927171386 29.5000000000002 -76.1005869886967
endloop
endfacet
facet normal 3.05844048314844e-016 -1.56849013475366e-015 1.0
outer loop
vertex 38.7940952255126 36.6296291314454 -76.1005869886967
vertex 38.5425927171386 29.5000000000002 -76.1005869886967
vertex 38.1526309611003 36.7572243068691 -76.1005869886967
endloop
endfacet
facet normal 3.05844048314844e-016 -1.56849013475366e-015 1.0
outer loop
vertex 38.1526309611003 36.7572243068691 -76.1005869886967
vertex 38.5425927171386 29.5000000000002 -76.1005869886967
vertex 37.766135581831 29.3977774788674 -76.1005869886967
endloop
endfacet
facet normal 3.05844048314844e-016 -1.56849013475366e-015 1.0
outer loop
vertex 38.1526309611003 36.7572243068691 -76.1005869886967
vertex 37.766135581831 29.3977774788674 -76.1005869886967
vertex 37.5 36.8 -76.1005869886967
endloop
endfacet
facet normal 3.05844048314844e-016 -1.56849013475366e-015 1.0
outer loop
vertex 37.5 36.8 -76.1005869886967
vertex 37.766135581831 29.3977774788674 -76.1005869886967
vertex 37.0425927171386 29.0980762113535 -76.1005869886967
endloop
endfacet
facet normal 3.05844048314844e-016 -1.56849013475366e-015 1.0
outer loop
vertex 37.5 36.8 -76.1005869886967
vertex 37.0425927171386 29.0980762113535 -76.1005869886967
vertex 17.6552914270615 35.3795554957735 -76.1005869886967
endloop
endfacet
facet normal 3.05844048314844e-016 -1.56849013475366e-015 1.0
outer loop
vertex 37.5 36.8 -76.1005869886967
vertex 17.6552914270615 35.3795554957735 -76.1005869886967
vertex 17.5 35.4000000000001 -76.1005869886967
endloop
endfacet
facet normal 3.05844048314844e-016 -1.56849013475366e-015 1.0
outer loop
vertex 37.5 36.8 -76.1005869886967
vertex 17.5 35.4000000000001 -76.1005869886967
vertex -2.50000000000007 36.8000000000001 -76.1005869886967
endloop
endfacet
facet normal 3.05844048314844e-016 -1.56849013475366e-015 1.0
outer loop
vertex 17.6552914270615 35.3795554957735 -76.1005869886967
vertex 37.0425927171386 29.0980762113535 -76.1005869886967
vertex 36.421272373579 28.6213203435598 -76.1005869886967
endloop
endfacet
facet normal 3.05844048314844e-016 -1.56849013475366e-015 1.0
outer loop
vertex 17.6552914270615 35.3795554957735 -76.1005869886967
vertex 36.421272373579 28.6213203435598 -76.1005869886967
vertex 35.9445165057853 28.0000000000002 -76.1005869886967
endloop
endfacet
facet normal 3.05844048314844e-016 -1.56849013475366e-015 1.0
outer loop
vertex 17.6552914270615 35.3795554957735 -76.1005869886967
vertex 35.9445165057853 28.0000000000002 -76.1005869886967
vertex 17.8 35.3196152422707 -76.1005869886967
endloop
endfacet
facet normal 3.05844048314844e-016 -1.56849013475366e-015 1.0
outer loop
vertex 17.8 35.3196152422707 -76.1005869886967
vertex 35.9445165057853 28.0000000000002 -76.1005869886967
vertex 35.6448152382714 27.2764571353078 -76.1005869886967
endloop
endfacet
facet normal 3.05844048314844e-016 -1.56849013475366e-015 1.0
outer loop
vertex 17.8 35.3196152422707 -76.1005869886967
vertex 35.6448152382714 27.2764571353078 -76.1005869886967
vertex 35.5425927171386 26.5000000000002 -76.1005869886967
endloop
endfacet
facet normal 3.05844048314844e-016 -1.56849013475366e-015 1.0
outer loop
vertex 17.8 35.3196152422707 -76.1005869886967
vertex 35.5425927171386 26.5000000000002 -76.1005869886967
vertex 17.9242640687119 35.224264068712 -76.1005869886967
endloop
endfacet
facet normal 3.05844048314844e-016 -1.56849013475366e-015 1.0
outer loop
vertex 17.9242640687119 35.224264068712 -76.1005869886967
vertex 35.5425927171386 26.5000000000002 -76.1005869886967
vertex 18.0196152422706 35.1000000000001 -76.1005869886967
endloop
endfacet
facet normal 3.05844048314844e-016 -1.56849013475366e-015 1.0
outer loop
vertex 18.0196152422706 35.1000000000001 -76.1005869886967
vertex 35.5425927171386 26.5000000000002 -76.1005869886967
vertex 26.1602540378444 20.0000000000002 -76.1005869886967
endloop
endfacet
facet normal 3.05844048314844e-016 -1.56849013475366e-015 1.0
outer loop
vertex 26.1602540378444 20.0000000000002 -76.1005869886967
vertex 35.5425927171386 26.5000000000002 -76.1005869886967
vertex 27.1592582628906 17.5881904510254 -76.1005869886967
endloop
endfacet
facet normal 3.05844048314844e-016 -1.56849013475366e-015 1.0
outer loop
vertex 27.1592582628906 17.5881904510254 -76.1005869886967
vertex 35.5425927171386 26.5000000000002 -76.1005869886967
vertex 27.5 15.0000000000002 -76.1005869886967
endloop
endfacet
facet normal 3.05844048314844e-016 -1.56849013475366e-015 1.0
outer loop
vertex 18.0196152422706 35.1000000000001 -76.1005869886967
vertex 26.1602540378444 20.0000000000002 -76.1005869886967
vertex 24.5710678118654 22.0710678118657 -76.1005869886967
endloop
endfacet
facet normal 3.05844048314844e-016 -1.56849013475366e-015 1.0
outer loop
vertex 18.0196152422706 35.1000000000001 -76.1005869886967
vertex 24.5710678118654 22.0710678118657 -76.1005869886967
vertex 18.0795554957734 34.9552914270616 -76.1005869886967
endloop
endfacet
facet normal 3.05844048314844e-016 -1.56849013475366e-015 1.0
outer loop
vertex 18.0795554957734 34.9552914270616 -76.1005869886967
vertex 24.5710678118654 22.0710678118657 -76.1005869886967
vertex 22.5 23.6602540378446 -76.1005869886967
endloop
endfacet
facet normal 3.05844048314844e-016 -1.56849013475366e-015 1.0
outer loop
vertex 18.0795554957734 34.9552914270616 -76.1005869886967
vertex 22.5 23.6602540378446 -76.1005869886967
vertex 20.0881904510252 24.6592582628909 -76.1005869886967
endloop
endfacet
facet normal 3.05844048314844e-016 -1.56849013475366e-015 1.0
outer loop
vertex 18.0795554957734 34.9552914270616 -76.1005869886967
vertex 20.0881904510252 24.6592582628909 -76.1005869886967
vertex 18.1 34.8000000000001 -76.1005869886967
endloop
endfacet
facet normal 3.05844048314844e-016 -1.56849013475366e-015 1.0
outer loop
vertex 18.0196152422706 35.1000000000001 -76.1005869886967
vertex 18.0795554957734 34.9552914270616 -76.1005869886967
vertex 18.048031181922 35.0313978531062 -76.1005869886967
endloop
endfacet
facet normal 3.05844048314844e-016 -1.56849013475366e-015 1.0
outer loop
vertex -2.50000000000007 36.8000000000001 -76.1005869886967
vertex 17.5 35.4000000000001 -76.1005869886967
vertex 17.3447085729385 35.3795554957735 -76.1005869886967
endloop
endfacet
facet normal 3.05844048314844e-016 -1.56849013475366e-015 1.0
outer loop
vertex -2.50000000000007 36.8000000000001 -76.1005869886967
vertex 17.3447085729385 35.3795554957735 -76.1005869886967
vertex 17.2 35.3196152422707 -76.1005869886967
endloop
endfacet
facet normal 3.05844048314844e-016 -1.56849013475366e-015 1.0
outer loop
vertex -2.50000000000007 36.8000000000001 -76.1005869886967
vertex 17.2 35.3196152422707 -76.1005869886967
vertex 17.075735931288 35.224264068712 -76.1005869886967
endloop
endfacet
facet normal 3.05844048314844e-016 -1.56849013475366e-015 1.0
outer loop
vertex -2.50000000000007 36.8000000000001 -76.1005869886967
vertex 17.075735931288 35.224264068712 -76.1005869886967
vertex 16.9803847577293 35.1000000000001 -76.1005869886967
endloop
endfacet
facet normal 3.05844048314844e-016 -1.56849013475366e-015 1.0
outer loop
vertex -2.50000000000007 36.8000000000001 -76.1005869886967
vertex 16.9803847577293 35.1000000000001 -76.1005869886967
vertex 16.951968818078 35.0313978531062 -76.1005869886967
endloop
endfacet
facet normal 3.05844048314844e-016 -1.56849013475366e-015 1.0
outer loop
vertex -2.50000000000007 36.8000000000001 -76.1005869886967
vertex 16.951968818078 35.0313978531062 -76.1005869886967
vertex 16.9204445042265 34.9552914270616 -76.1005869886967
endloop
endfacet
facet normal 3.05844048314844e-016 -1.56849013475366e-015 1.0
outer loop
vertex -2.50000000000007 36.8000000000001 -76.1005869886967
vertex 16.9204445042265 34.9552914270616 -76.1005869886967
vertex 16.9 34.8000000000001 -76.1005869886967
endloop
endfacet
facet normal 3.05844048314844e-016 -1.56849013475366e-015 1.0
outer loop
vertex -2.50000000000007 36.8000000000001 -76.1005869886967
vertex 16.9 34.8000000000001 -76.1005869886967
vertex 14.9118095489747 24.6592582628909 -76.1005869886967
endloop
endfacet
facet normal 3.05844048314844e-016 -1.56849013475366e-015 1.0
outer loop
vertex -2.50000000000007 36.8000000000001 -76.1005869886967
vertex 14.9118095489747 24.6592582628909 -76.1005869886967
vertex 12.5 23.6602540378446 -76.1005869886967
endloop
endfacet
facet normal 3.05844048314844e-016 -1.56849013475366e-015 1.0
outer loop
vertex -2.50000000000007 36.8000000000001 -76.1005869886967
vertex 12.5 23.6602540378446 -76.1005869886967
vertex 10.4289321881345 22.0710678118656 -76.1005869886967
endloop
endfacet
facet normal 3.05844048314844e-016 -1.56849013475366e-015 1.0
outer loop
vertex -2.50000000000007 36.8000000000001 -76.1005869886967
vertex 10.4289321881345 22.0710678118656 -76.1005869886967
vertex 8.83974596215558 20.0000000000002 -76.1005869886967
endloop
endfacet
facet normal 3.05844048314844e-016 -1.56849013475366e-015 1.0
outer loop
vertex -2.50000000000007 36.8000000000001 -76.1005869886967
vertex 8.83974596215558 20.0000000000002 -76.1005869886967
vertex 7.84074173710928 17.5881904510254 -76.1005869886967
endloop
endfacet
facet normal 3.05844048314844e-016 -1.56849013475366e-015 1.0
outer loop
vertex -2.50000000000007 36.8000000000001 -76.1005869886967
vertex 7.84074173710928 17.5881904510254 -76.1005869886967
vertex 7.49999999999997 15.0000000000001 -76.1005869886967
endloop
endfacet
facet normal 3.05844048314844e-016 -1.56849013475366e-015 1.0
outer loop
vertex -2.50000000000007 36.8000000000001 -76.1005869886967
vertex 7.49999999999997 15.0000000000001 -76.1005869886967
vertex 6.69999999999999 -3.49999999999988 -76.1005869886967
endloop
endfacet
facet normal 3.05844048314844e-016 -1.56849013475366e-015 1.0
outer loop
vertex 6.69999999999999 -3.49999999999988 -76.1005869886967
vertex 7.49999999999997 15.0000000000001 -76.1005869886967
vertex 7.09999999999999 -5.49999999999989 -76.1005869886967
endloop
endfacet
facet normal 3.05844048314844e-016 -1.56849013475366e-015 1.0
outer loop
vertex 7.09999999999999 -5.49999999999989 -76.1005869886967
vertex 7.49999999999997 15.0000000000001 -76.1005869886967
vertex 7.09999999999999 -6.99999999999989 -76.1005869886967
endloop
endfacet
facet normal 3.05844048314844e-016 -1.56849013475366e-015 1.0
outer loop
vertex 6.69999999999999 -3.49999999999988 -76.1005869886967
vertex 7.09999999999999 -5.49999999999989 -76.1005869886967
vertex 6.69999999999999 -5.49999999999989 -76.1005869886967
endloop
endfacet
facet normal 3.05844048314844e-016 -1.56849013475366e-015 1.0
outer loop
vertex -2.50000000000007 36.8000000000001 -76.1005869886967
vertex 6.69999999999999 -3.49999999999988 -76.1005869886967
vertex -0.602222521132918 27.2764571353077 -76.1005869886967
endloop
endfacet
facet normal 3.05844048314844e-016 -1.56849013475366e-015 1.0
outer loop
vertex -0.602222521132918 27.2764571353077 -76.1005869886967
vertex 6.69999999999999 -3.49999999999988 -76.1005869886967
vertex -0.500000000000123 26.5000000000001 -76.1005869886967
endloop
endfacet
facet normal 3.05844048314844e-016 -1.56849013475366e-015 1.0
outer loop
vertex -2.50000000000007 36.8000000000001 -76.1005869886967
vertex -0.602222521132918 27.2764571353077 -76.1005869886967
vertex -0.901923788646806 28.0000000000001 -76.1005869886967
endloop
endfacet
facet normal 3.05844048314844e-016 -1.56849013475366e-015 1.0
outer loop
vertex -2.50000000000007 36.8000000000001 -76.1005869886967
vertex -0.901923788646806 28.0000000000001 -76.1005869886967
vertex -1.37867965644048 28.6213203435598 -76.1005869886967
endloop
endfacet
facet normal 3.05844048314844e-016 -1.56849013475366e-015 1.0
outer loop
vertex -2.50000000000007 36.8000000000001 -76.1005869886967
vertex -1.37867965644048 28.6213203435598 -76.1005869886967
vertex -2.00000000000012 29.0980762113534 -76.1005869886967
endloop
endfacet
facet normal 3.05844048314844e-016 -1.56849013475366e-015 1.0
outer loop
vertex -2.50000000000007 36.8000000000001 -76.1005869886967
vertex -2.00000000000012 29.0980762113534 -76.1005869886967
vertex -2.72354286469256 29.3977774788673 -76.1005869886967
endloop
endfacet
facet normal 3.05844048314844e-016 -1.56849013475366e-015 1.0
outer loop
vertex -2.50000000000007 36.8000000000001 -76.1005869886967
vertex -2.72354286469256 29.3977774788673 -76.1005869886967
vertex -3.15263096110033 36.7572243068692 -76.1005869886967
endloop
endfacet
facet normal 3.05844048314844e-016 -1.56849013475366e-015 1.0
outer loop
vertex -3.15263096110033 36.7572243068692 -76.1005869886967
vertex -2.72354286469256 29.3977774788673 -76.1005869886967
vertex -3.50000000000012 29.5000000000001 -76.1005869886967
endloop
endfacet
facet normal 3.05844048314844e-016 -1.56849013475366e-015 1.0
outer loop
vertex -3.15263096110033 36.7572243068692 -76.1005869886967
vertex -3.50000000000012 29.5000000000001 -76.1005869886967
vertex -3.79409522551268 36.6296291314455 -76.1005869886966
endloop
endfacet
facet normal 3.05844048314844e-016 -1.56849013475366e-015 1.0
outer loop
vertex -3.79409522551268 36.6296291314455 -76.1005869886966
vertex -3.50000000000012 29.5000000000001 -76.1005869886967
vertex -4.27645713530769 29.3977774788673 -76.1005869886967
endloop
endfacet
facet normal 3.05844048314844e-016 -1.56849013475366e-015 1.0
outer loop
vertex -3.79409522551268 36.6296291314455 -76.1005869886966
vertex -4.27645713530769 29.3977774788673 -76.1005869886967
vertex -4.41341716182553 36.4193976625566 -76.1005869886966
endloop
endfacet
facet normal 3.05844048314844e-016 -1.56849013475366e-015 1.0
outer loop
vertex -4.41341716182553 36.4193976625566 -76.1005869886966
vertex -4.27645713530769 29.3977774788673 -76.1005869886967
vertex -5.00000000000013 29.0980762113534 -76.1005869886967
endloop
endfacet
facet normal 3.05844048314844e-016 -1.56849013475366e-015 1.0
outer loop
vertex -4.41341716182553 36.4193976625566 -76.1005869886966
vertex -5.00000000000013 29.0980762113534 -76.1005869886967
vertex -5.00000000000008 36.1301270189223 -76.1005869886966
endloop
endfacet
facet normal 3.05844048314844e-016 -1.56849013475366e-015 1.0
outer loop
vertex -5.00000000000008 36.1301270189223 -76.1005869886966
vertex -5.00000000000013 29.0980762113534 -76.1005869886967
vertex -5.54380714504368 35.7667667014563 -76.1005869886966
endloop
endfacet
facet normal 3.05844048314844e-016 -1.56849013475366e-015 1.0
outer loop
vertex -5.54380714504368 35.7667667014563 -76.1005869886966
vertex -5.00000000000013 29.0980762113534 -76.1005869886967
vertex -5.62132034355977 28.6213203435598 -76.1005869886967
endloop
endfacet
facet normal 3.05844048314844e-016 -1.56849013475366e-015 1.0
outer loop
vertex -5.54380714504368 35.7667667014563 -76.1005869886966
vertex -5.62132034355977 28.6213203435598 -76.1005869886967
vertex -6.03553390593282 35.3355339059329 -76.1005869886966
endloop
endfacet
facet normal 3.05844048314844e-016 -1.56849013475366e-015 1.0
outer loop
vertex -6.03553390593282 35.3355339059329 -76.1005869886966
vertex -5.62132034355977 28.6213203435598 -76.1005869886967
vertex -6.09807621135344 28.0000000000001 -76.1005869886967
endloop
endfacet
facet normal 3.05844048314844e-016 -1.56849013475366e-015 1.0
outer loop
vertex -6.03553390593282 35.3355339059329 -76.1005869886966
vertex -6.09807621135344 28.0000000000001 -76.1005869886967
vertex -6.46676670145626 34.8438071450437 -76.1005869886966
endloop
endfacet
facet normal 3.05844048314844e-016 -1.56849013475366e-015 1.0
outer loop
vertex -6.46676670145626 34.8438071450437 -76.1005869886966
vertex -6.09807621135344 28.0000000000001 -76.1005869886967
vertex -6.39777747886733 27.2764571353077 -76.1005869886967
endloop
endfacet
facet normal 3.05844048314844e-016 -1.56849013475366e-015 1.0
outer loop
vertex -6.46676670145626 34.8438071450437 -76.1005869886966
vertex -6.39777747886733 27.2764571353077 -76.1005869886967
vertex -6.50000000000012 26.5000000000001 -76.1005869886967
endloop
endfacet
facet normal 3.05844048314844e-016 -1.56849013475366e-015 1.0
outer loop
vertex -6.46676670145626 34.8438071450437 -76.1005869886966
vertex -6.50000000000012 26.5000000000001 -76.1005869886967
vertex -6.83012701892228 34.3000000000001 -76.1005869886966
endloop
endfacet
facet normal 3.05844048314844e-016 -1.56849013475366e-015 1.0
outer loop
vertex -6.83012701892228 34.3000000000001 -76.1005869886966
vertex -6.50000000000012 26.5000000000001 -76.1005869886967
vertex -6.50862896058019 15.0000000000002 -76.1005869886967
endloop
endfacet
facet normal 3.05844048314844e-016 -1.56849013475366e-015 1.0
outer loop
vertex -6.83012701892228 34.3000000000001 -76.1005869886966
vertex -6.50862896058019 15.0000000000002 -76.1005869886967
vertex -6.66468570296142 6.54085946139192 -76.1005869886967
endloop
endfacet
facet normal 3.05844048314844e-016 -1.56849013475366e-015 1.0
outer loop
vertex -6.83012701892228 34.3000000000001 -76.1005869886966
vertex -6.66468570296142 6.54085946139192 -76.1005869886967
vertex -7.75000000000008 6.09130756012109 -76.1005869886967
endloop
endfacet
facet normal 3.05844048314844e-016 -1.56849013475366e-015 1.0
outer loop
vertex -6.83012701892228 34.3000000000001 -76.1005869886966
vertex -7.75000000000008 6.09130756012109 -76.1005869886967
vertex -7.11939766255651 33.7134171618256 -76.1005869886966
endloop
endfacet
facet normal 3.05844048314844e-016 -1.56849013475366e-015 1.0
outer loop
vertex -7.11939766255651 33.7134171618256 -76.1005869886966
vertex -7.75000000000008 6.09130756012109 -76.1005869886967
vertex -7.32962913144542 33.0940952255127 -76.1005869886966
endloop
endfacet
facet normal 3.05844048314844e-016 -1.56849013475366e-015 1.0
outer loop
vertex -7.32962913144542 33.0940952255127 -76.1005869886966
vertex -7.75000000000008 6.09130756012109 -76.1005869886967
vertex -7.45722430686913 32.4526309611004 -76.1005869886967
endloop
endfacet
facet normal 3.05844048314844e-016 -1.56849013475366e-015 1.0
outer loop
vertex -7.45722430686913 32.4526309611004 -76.1005869886967
vertex -7.75000000000008 6.09130756012109 -76.1005869886967
vertex -7.50000000000008 31.8000000000001 -76.1005869886967
endloop
endfacet
facet normal 3.05844048314844e-016 -1.56849013475366e-015 1.0
outer loop
vertex -7.50000000000008 31.8000000000001 -76.1005869886967
vertex -7.75000000000008 6.09130756012109 -76.1005869886967
vertex -10.5000000000001 7.19419324309113 -76.1005869886967
endloop
endfacet
facet normal 3.05844048314844e-016 -1.56849013475366e-015 1.0
outer loop
vertex -10.5000000000001 7.19419324309113 -76.1005869886967
vertex -7.75000000000008 6.09130756012109 -76.1005869886967
vertex -8.68198051533954 5.37617375843058 -76.1005869886967
endloop
endfacet
facet normal 3.05844048314844e-016 -1.56849013475366e-015 1.0
outer loop
vertex -10.5000000000001 7.19419324309113 -76.1005869886967
vertex -8.68198051533954 5.37617375843058 -76.1005869886967
vertex -9.39711431703005 4.44419324309111 -76.1005869886967
endloop
endfacet
facet normal 3.05844048314844e-016 -1.56849013475366e-015 1.0
outer loop
vertex -10.5000000000001 7.19419324309113 -76.1005869886967
vertex -9.39711431703005 4.44419324309111 -76.1005869886967
vertex -9.84666621830089 3.35887894605245 -76.1005869886967
endloop
endfacet
facet normal 3.05844048314844e-016 -1.56849013475366e-015 1.0
outer loop
vertex -10.5000000000001 7.19419324309113 -76.1005869886967
vertex -9.84666621830089 3.35887894605245 -76.1005869886967
vertex -10.0000000000001 2.19419324309111 -76.1005869886967
endloop
endfacet
facet normal 3.05844048314844e-016 -1.56849013475366e-015 1.0
outer loop
vertex -10.5000000000001 7.19419324309113 -76.1005869886967
vertex -10.0000000000001 2.19419324309111 -76.1005869886967
vertex -10.5000000000001 -2.80580675690888 -76.1005869886967
endloop
endfacet
facet normal 3.05844048314844e-016 -1.56849013475366e-015 1.0
outer loop
vertex -10.5000000000001 7.19419324309113 -76.1005869886967
vertex -10.5000000000001 -2.80580675690888 -76.1005869886967
vertex -10.5000000000001 2.19419324309112 -76.1005869886967
endloop
endfacet
facet normal 3.05844048314844e-016 -1.56849013475366e-015 1.0
outer loop
vertex 17.5 25.0000000000002 -76.1005869886967
vertex 18.1 34.8000000000001 -76.1005869886967
vertex 20.0881904510252 24.6592582628909 -76.1005869886967
endloop
endfacet
facet normal 3.05844048314844e-016 -1.56849013475366e-015 1.0
outer loop
vertex 18.1 34.8000000000001 -76.1005869886967
vertex 17.5 25.0000000000002 -76.1005869886967
vertex 18.0795554957734 34.6447085729386 -76.1005869886967
endloop
endfacet
facet normal 3.05844048314844e-016 -1.56849013475366e-015 1.0
outer loop
vertex 18.0795554957734 34.6447085729386 -76.1005869886967
vertex 17.5 25.0000000000002 -76.1005869886967
vertex 18.0196152422706 34.5000000000001 -76.1005869886967
endloop
endfacet
facet normal 3.05844048314844e-016 -1.56849013475366e-015 1.0
outer loop
vertex 18.0196152422706 34.5000000000001 -76.1005869886967
vertex 17.5 25.0000000000002 -76.1005869886967
vertex 17.9242640687119 34.3757359312881 -76.1005869886967
endloop
endfacet
facet normal 3.05844048314844e-016 -1.56849013475366e-015 1.0
outer loop
vertex 17.9242640687119 34.3757359312881 -76.1005869886967
vertex 17.5 25.0000000000002 -76.1005869886967
vertex 17.8 34.2803847577294 -76.1005869886967
endloop
endfacet
facet normal 3.05844048314844e-016 -1.56849013475366e-015 1.0
outer loop
vertex 17.8 34.2803847577294 -76.1005869886967
vertex 17.5 25.0000000000002 -76.1005869886967
vertex 17.6552914270615 34.2204445042266 -76.1005869886967
endloop
endfacet
facet normal 3.05844048314844e-016 -1.56849013475366e-015 1.0
outer loop
vertex 17.6552914270615 34.2204445042266 -76.1005869886967
vertex 17.5 25.0000000000002 -76.1005869886967
vertex 17.5 34.2000000000001 -76.1005869886967
endloop
endfacet
facet normal 3.05844048314844e-016 -1.56849013475366e-015 1.0
outer loop
vertex 17.5 34.2000000000001 -76.1005869886967
vertex 17.5 25.0000000000002 -76.1005869886967
vertex 17.3447085729385 34.2204445042266 -76.1005869886967
endloop
endfacet
facet normal 3.05844048314844e-016 -1.56849013475366e-015 1.0
outer loop
vertex 17.3447085729385 34.2204445042266 -76.1005869886967
vertex 17.5 25.0000000000002 -76.1005869886967
vertex 14.9118095489747 24.6592582628909 -76.1005869886967
endloop
endfacet
facet normal 3.05844048314844e-016 -1.56849013475366e-015 1.0
outer loop
vertex 17.3447085729385 34.2204445042266 -76.1005869886967
vertex 14.9118095489747 24.6592582628909 -76.1005869886967
vertex 17.2 34.2803847577294 -76.1005869886967
endloop
endfacet
facet normal 3.05844048314844e-016 -1.56849013475366e-015 1.0
outer loop
vertex 17.2 34.2803847577294 -76.1005869886967
vertex 14.9118095489747 24.6592582628909 -76.1005869886967
vertex 17.075735931288 34.3757359312881 -76.1005869886967
endloop
endfacet
facet normal 3.05844048314844e-016 -1.56849013475366e-015 1.0
outer loop
vertex 17.075735931288 34.3757359312881 -76.1005869886967
vertex 14.9118095489747 24.6592582628909 -76.1005869886967
vertex 16.9803847577293 34.5000000000001 -76.1005869886967
endloop
endfacet
facet normal 3.05844048314844e-016 -1.56849013475366e-015 1.0
outer loop
vertex 16.9803847577293 34.5000000000001 -76.1005869886967
vertex 14.9118095489747 24.6592582628909 -76.1005869886967
vertex 16.9204445042265 34.6447085729386 -76.1005869886967
endloop
endfacet
facet normal 3.05844048314844e-016 -1.56849013475366e-015 1.0
outer loop
vertex 16.9204445042265 34.6447085729386 -76.1005869886967
vertex 14.9118095489747 24.6592582628909 -76.1005869886967
vertex 16.9 34.8000000000001 -76.1005869886967
endloop
endfacet
facet normal 3.05844048314844e-016 -1.56849013475366e-015 1.0
outer loop
vertex 7.09999999999999 -6.99999999999989 -76.1005869886967
vertex 25.9 -3.49999999999989 -76.1005869886967
vertex 25.9 -6.99999999999989 -76.1005869886967
endloop
endfacet
facet normal 3.05844048314844e-016 -1.56849013475366e-015 1.0
outer loop
vertex 25.9 -3.49999999999989 -76.1005869886967
vertex 7.09999999999999 -6.99999999999989 -76.1005869886967
vertex 24.5710678118654 7.9289321881347 -76.1005869886967
endloop
endfacet
facet normal 3.05844048314844e-016 -1.56849013475366e-015 1.0
outer loop
vertex 24.5710678118654 7.9289321881347 -76.1005869886967
vertex 7.09999999999999 -6.99999999999989 -76.1005869886967
vertex 22.5 6.33974596215579 -76.1005869886967
endloop
endfacet
facet normal 3.05844048314844e-016 -1.56849013475366e-015 1.0
outer loop
vertex 22.5 6.33974596215579 -76.1005869886967
vertex 7.09999999999999 -6.99999999999989 -76.1005869886967
vertex 20.0881904510252 5.34074173710949 -76.1005869886967
endloop
endfacet
facet normal 3.05844048314844e-016 -1.56849013475366e-015 1.0
outer loop
vertex 20.0881904510252 5.34074173710949 -76.1005869886967
vertex 7.09999999999999 -6.99999999999989 -76.1005869886967
vertex 17.5 5.00000000000018 -76.1005869886967
endloop
endfacet
facet normal 3.05844048314844e-016 -1.56849013475366e-015 1.0
outer loop
vertex 17.5 5.00000000000018 -76.1005869886967
vertex 7.09999999999999 -6.99999999999989 -76.1005869886967
vertex 14.9118095489748 5.34074173710949 -76.1005869886967
endloop
endfacet
facet normal 3.05844048314844e-016 -1.56849013475366e-015 1.0
outer loop
vertex 14.9118095489748 5.34074173710949 -76.1005869886967
vertex 7.09999999999999 -6.99999999999989 -76.1005869886967
vertex 12.5 6.33974596215578 -76.1005869886967
endloop
endfacet
facet normal 3.05844048314844e-016 -1.56849013475366e-015 1.0
outer loop
vertex 12.5 6.33974596215578 -76.1005869886967
vertex 7.09999999999999 -6.99999999999989 -76.1005869886967
vertex 10.4289321881345 7.92893218813469 -76.1005869886967
endloop
endfacet
facet normal 3.05844048314844e-016 -1.56849013475366e-015 1.0
outer loop
vertex 10.4289321881345 7.92893218813469 -76.1005869886967
vertex 7.09999999999999 -6.99999999999989 -76.1005869886967
vertex 8.83974596215559 10.0000000000002 -76.1005869886967
endloop
endfacet
facet normal 3.05844048314844e-016 -1.56849013475366e-015 1.0
outer loop
vertex 8.83974596215559 10.0000000000002 -76.1005869886967
vertex 7.09999999999999 -6.99999999999989 -76.1005869886967
vertex 7.84074173710929 12.4118095489749 -76.1005869886967
endloop
endfacet
facet normal 3.05844048314844e-016 -1.56849013475366e-015 1.0
outer loop
vertex 7.84074173710929 12.4118095489749 -76.1005869886967
vertex 7.09999999999999 -6.99999999999989 -76.1005869886967
vertex 7.49999999999997 15.0000000000001 -76.1005869886967
endloop
endfacet
facet normal 3.05844048314844e-016 -1.56849013475366e-015 1.0
outer loop
vertex 45.5 -3.15290337845444 -76.1005869886967
vertex 44.8466662183008 1.02950754012965 -76.1005869886967
vertex 45.0 2.194193243091 -76.1005869886967
endloop
endfacet
facet normal 3.05844048314844e-016 -1.56849013475366e-015 1.0
outer loop
vertex 44.8466662183008 1.02950754012965 -76.1005869886967
vertex 45.5 -3.15290337845444 -76.1005869886967
vertex 44.39711431703 -0.0558067569090013 -76.1005869886967
endloop
endfacet
facet normal 3.05844048314844e-016 -1.56849013475366e-015 1.0
outer loop
vertex 44.39711431703 -0.0558067569090013 -76.1005869886967
vertex 45.5 -3.15290337845444 -76.1005869886967
vertex 43.6819805153395 -0.987787272248466 -76.1005869886967
endloop
endfacet
facet normal 3.05844048314844e-016 -1.56849013475366e-015 1.0
outer loop
vertex 43.6819805153395 -0.987787272248466 -76.1005869886967
vertex 45.5 -3.15290337845444 -76.1005869886967
vertex 36.5 -10.2152903378453 -76.1005869886967
endloop
endfacet
facet normal 3.05844048314844e-016 -1.56849013475366e-015 1.0
outer loop
vertex 43.6819805153395 -0.987787272248466 -76.1005869886967
vertex 36.5 -10.2152903378453 -76.1005869886967
vertex 42.75 -1.70292107393897 -76.1005869886967
endloop
endfacet
facet normal 3.05844048314844e-016 -1.56849013475366e-015 1.0
outer loop
vertex 42.75 -1.70292107393897 -76.1005869886967
vertex 36.5 -10.2152903378453 -76.1005869886967
vertex 41.6646857029614 -2.15247297520981 -76.1005869886967
endloop
endfacet
facet normal 3.05844048314844e-016 -1.56849013475366e-015 1.0
outer loop
vertex 41.6646857029614 -2.15247297520981 -76.1005869886967
vertex 36.5 -10.2152903378453 -76.1005869886967
vertex 40.5 -2.305806756909 -76.1005869886967
endloop
endfacet
facet normal 3.05844048314844e-016 -1.56849013475366e-015 1.0
outer loop
vertex 40.5 -2.305806756909 -76.1005869886967
vertex 36.5 -10.2152903378453 -76.1005869886967
vertex 39.3353142970387 -2.15247297520981 -76.1005869886967
endloop
endfacet
facet normal 3.05844048314844e-016 -1.56849013475366e-015 1.0
outer loop
vertex 39.3353142970387 -2.15247297520981 -76.1005869886967
vertex 36.5 -10.2152903378453 -76.1005869886967
vertex 38.25 -1.70292107393898 -76.1005869886967
endloop
endfacet
facet normal 3.05844048314844e-016 -1.56849013475366e-015 1.0
outer loop
vertex 38.25 -1.70292107393898 -76.1005869886967
vertex 36.5 -10.2152903378453 -76.1005869886967
vertex 37.3180194846606 -0.987787272248466 -76.1005869886967
endloop
endfacet
facet normal 3.05844048314844e-016 -1.56849013475366e-015 1.0
outer loop
vertex 37.3180194846606 -0.987787272248466 -76.1005869886967
vertex 36.5 -10.2152903378453 -76.1005869886967
vertex 36.60288568297 -0.0558067569090069 -76.1005869886967
endloop
endfacet
facet normal 3.05844048314844e-016 -1.56849013475366e-015 1.0
outer loop
vertex 36.60288568297 -0.0558067569090069 -76.1005869886967
vertex 36.5 -10.2152903378453 -76.1005869886967
vertex 36.4999999999999 -3.49999999999989 -76.1005869886967
endloop
endfacet
facet normal 3.05844048314844e-016 -1.56849013475366e-015 1.0
outer loop
vertex 36.60288568297 -0.0558067569090069 -76.1005869886967
vertex 36.4999999999999 -3.49999999999989 -76.1005869886967
vertex 36.1533337816992 1.02950754012965 -76.1005869886967
endloop
endfacet
facet normal 3.05844048314844e-016 -1.56849013475366e-015 1.0
outer loop
vertex 36.1533337816992 1.02950754012965 -76.1005869886967
vertex 36.4999999999999 -3.49999999999989 -76.1005869886967
vertex 25.9 -3.49999999999989 -76.1005869886967
endloop
endfacet
facet normal 3.05844048314844e-016 -1.56849013475366e-015 1.0
outer loop
vertex 36.1533337816992 1.02950754012965 -76.1005869886967
vertex 25.9 -3.49999999999989 -76.1005869886967
vertex 36.0 2.19419324309099 -76.1005869886967
endloop
endfacet
facet normal 3.05844048314844e-016 -1.56849013475366e-015 1.0
outer loop
vertex 36.0 2.19419324309099 -76.1005869886967
vertex 25.9 -3.49999999999989 -76.1005869886967
vertex 35.9445165057853 25.0000000000002 -76.1005869886967
endloop
endfacet
facet normal 3.05844048314844e-016 -1.56849013475366e-015 1.0
outer loop
vertex 35.9445165057853 25.0000000000002 -76.1005869886967
vertex 25.9 -3.49999999999989 -76.1005869886967
vertex 35.6448152382714 25.7235428646926 -76.1005869886967
endloop
endfacet
facet normal 3.05844048314844e-016 -1.56849013475366e-015 1.0
outer loop
vertex 35.6448152382714 25.7235428646926 -76.1005869886967
vertex 25.9 -3.49999999999989 -76.1005869886967
vertex 35.5425927171386 26.5000000000002 -76.1005869886967
endloop
endfacet
facet normal 3.05844048314844e-016 -1.56849013475366e-015 1.0
outer loop
vertex 35.5425927171386 26.5000000000002 -76.1005869886967
vertex 25.9 -3.49999999999989 -76.1005869886967
vertex 27.5 15.0000000000002 -76.1005869886967
endloop
endfacet
facet normal 3.05844048314844e-016 -1.56849013475366e-015 1.0
outer loop
vertex 27.5 15.0000000000002 -76.1005869886967
vertex 25.9 -3.49999999999989 -76.1005869886967
vertex 27.1592582628907 12.411809548975 -76.1005869886967
endloop
endfacet
facet normal 3.05844048314844e-016 -1.56849013475366e-015 1.0
outer loop
vertex 27.1592582628907 12.411809548975 -76.1005869886967
vertex 25.9 -3.49999999999989 -76.1005869886967
vertex 26.1602540378444 10.0000000000002 -76.1005869886967
endloop
endfacet
facet normal 3.05844048314844e-016 -1.56849013475366e-015 1.0
outer loop
vertex 26.1602540378444 10.0000000000002 -76.1005869886967
vertex 25.9 -3.49999999999989 -76.1005869886967
vertex 24.5710678118654 7.9289321881347 -76.1005869886967
endloop
endfacet
facet normal 3.05844048314844e-016 -1.56849013475366e-015 1.0
outer loop
vertex 41.6646857029614 6.54085946139181 -76.1005869886967
vertex 41.5 15.0000000000002 -76.1005869886967
vertex 41.5425927171386 26.5000000000002 -76.1005869886967
endloop
endfacet
facet normal 3.05844048314844e-016 -1.56849013475366e-015 1.0
outer loop
vertex 41.5 15.0000000000002 -76.1005869886967
vertex 41.6646857029614 6.54085946139181 -76.1005869886967
vertex 40.5 6.694193243091 -76.1005869886967
endloop
endfacet
facet normal 3.05844048314844e-016 -1.56849013475366e-015 1.0
outer loop
vertex 41.5 15.0000000000002 -76.1005869886967
vertex 40.5 6.694193243091 -76.1005869886967
vertex 41.4148145657226 14.3529523872439 -76.1005869886967
endloop
endfacet
facet normal 3.05844048314844e-016 -1.56849013475366e-015 1.0
outer loop
vertex 41.4148145657226 14.3529523872439 -76.1005869886967
vertex 40.5 6.694193243091 -76.1005869886967
vertex 41.1650635094611 13.7500000000002 -76.1005869886967
endloop
endfacet
facet normal 3.05844048314844e-016 -1.56849013475366e-015 1.0
outer loop
vertex 41.1650635094611 13.7500000000002 -76.1005869886967
vertex 40.5 6.694193243091 -76.1005869886967
vertex 40.7677669529663 13.2322330470338 -76.1005869886967
endloop
endfacet
facet normal 3.05844048314844e-016 -1.56849013475366e-015 1.0
outer loop
vertex 40.7677669529663 13.2322330470338 -76.1005869886967
vertex 40.5 6.694193243091 -76.1005869886967
vertex 40.25 12.8349364905391 -76.1005869886967
endloop
endfacet
facet normal 3.05844048314844e-016 -1.56849013475366e-015 1.0
outer loop
vertex 40.25 12.8349364905391 -76.1005869886967
vertex 40.5 6.694193243091 -76.1005869886967
vertex 39.3353142970387 6.54085946139181 -76.1005869886967
endloop
endfacet
facet normal 3.05844048314844e-016 -1.56849013475366e-015 1.0
outer loop
vertex 40.25 12.8349364905391 -76.1005869886967
vertex 39.3353142970387 6.54085946139181 -76.1005869886967
vertex 39.6470476127563 12.5851854342775 -76.1005869886967
endloop
endfacet
facet normal 3.05844048314844e-016 -1.56849013475366e-015 1.0
outer loop
vertex 39.6470476127563 12.5851854342775 -76.1005869886967
vertex 39.3353142970387 6.54085946139181 -76.1005869886967
vertex 39.0 12.5000000000002 -76.1005869886967
endloop
endfacet
facet normal 3.05844048314844e-016 -1.56849013475366e-015 1.0
outer loop
vertex 39.0 12.5000000000002 -76.1005869886967
vertex 39.3353142970387 6.54085946139181 -76.1005869886967
vertex 38.25 6.09130756012097 -76.1005869886967
endloop
endfacet
facet normal 3.05844048314844e-016 -1.56849013475366e-015 1.0
outer loop
vertex 39.0 12.5000000000002 -76.1005869886967
vertex 38.25 6.09130756012097 -76.1005869886967
vertex 38.3529523872437 12.5851854342775 -76.1005869886967
endloop
endfacet
facet normal 3.05844048314844e-016 -1.56849013475366e-015 1.0
outer loop
vertex 38.3529523872437 12.5851854342775 -76.1005869886967
vertex 38.25 6.09130756012097 -76.1005869886967
vertex 37.75 12.8349364905391 -76.1005869886967
endloop
endfacet
facet normal 3.05844048314844e-016 -1.56849013475366e-015 1.0
outer loop
vertex 37.75 12.8349364905391 -76.1005869886967
vertex 38.25 6.09130756012097 -76.1005869886967
vertex 37.3180194846606 5.37617375843046 -76.1005869886967
endloop
endfacet
facet normal 3.05844048314844e-016 -1.56849013475366e-015 1.0
outer loop
vertex 37.75 12.8349364905391 -76.1005869886967
vertex 37.3180194846606 5.37617375843046 -76.1005869886967
vertex 37.2322330470336 13.2322330470338 -76.1005869886967
endloop
endfacet
facet normal 3.05844048314844e-016 -1.56849013475366e-015 1.0
outer loop
vertex 37.2322330470336 13.2322330470338 -76.1005869886967
vertex 37.3180194846606 5.37617375843046 -76.1005869886967
vertex 36.60288568297 4.444193243091 -76.1005869886967
endloop
endfacet
facet normal 3.05844048314844e-016 -1.56849013475366e-015 1.0
outer loop
vertex 37.2322330470336 13.2322330470338 -76.1005869886967
vertex 36.60288568297 4.444193243091 -76.1005869886967
vertex 36.8349364905389 13.7500000000002 -76.1005869886967
endloop
endfacet
facet normal 3.05844048314844e-016 -1.56849013475366e-015 1.0
outer loop
vertex 36.8349364905389 13.7500000000002 -76.1005869886967
vertex 36.60288568297 4.444193243091 -76.1005869886967
vertex 36.5851854342773 14.3529523872439 -76.1005869886967
endloop
endfacet
facet normal 3.05844048314844e-016 -1.56849013475366e-015 1.0
outer loop
vertex 36.5851854342773 14.3529523872439 -76.1005869886967
vertex 36.60288568297 4.444193243091 -76.1005869886967
vertex 36.1533337816992 3.35887894605234 -76.1005869886967
endloop
endfacet
facet normal 3.05844048314844e-016 -1.56849013475366e-015 1.0
outer loop
vertex 36.5851854342773 14.3529523872439 -76.1005869886967
vertex 36.1533337816992 3.35887894605234 -76.1005869886967
vertex 36.5 15.0000000000002 -76.1005869886967
endloop
endfacet
facet normal 3.05844048314844e-016 -1.56849013475366e-015 1.0
outer loop
vertex 36.5 15.0000000000002 -76.1005869886967
vertex 36.1533337816992 3.35887894605234 -76.1005869886967
vertex 36.421272373579 24.3786796564406 -76.1005869886967
endloop
endfacet
facet normal 3.05844048314844e-016 -1.56849013475366e-015 1.0
outer loop
vertex 36.421272373579 24.3786796564406 -76.1005869886967
vertex 36.1533337816992 3.35887894605234 -76.1005869886967
vertex 35.9445165057853 25.0000000000002 -76.1005869886967
endloop
endfacet
facet normal 3.05844048314844e-016 -1.56849013475366e-015 1.0
outer loop
vertex 35.9445165057853 25.0000000000002 -76.1005869886967
vertex 36.1533337816992 3.35887894605234 -76.1005869886967
vertex 36.0 2.19419324309099 -76.1005869886967
endloop
endfacet
facet normal 3.05844048314844e-016 -1.56849013475366e-015 1.0
outer loop
vertex 41.5 15.0000000000002 -76.1005869886967
vertex 41.4403701960058 25.7235428646926 -76.1005869886967
vertex 41.5425927171386 26.5000000000002 -76.1005869886967
endloop
endfacet
facet normal 3.05844048314844e-016 -1.56849013475366e-015 1.0
outer loop
vertex 41.4403701960058 25.7235428646926 -76.1005869886967
vertex 41.5 15.0000000000002 -76.1005869886967
vertex 41.4148145657226 15.6470476127565 -76.1005869886967
endloop
endfacet
facet normal 3.05844048314844e-016 -1.56849013475366e-015 1.0
outer loop
vertex 41.4403701960058 25.7235428646926 -76.1005869886967
vertex 41.4148145657226 15.6470476127565 -76.1005869886967
vertex 41.1406689284919 25.0000000000002 -76.1005869886967
endloop
endfacet
facet normal 3.05844048314844e-016 -1.56849013475366e-015 1.0
outer loop
vertex 41.1406689284919 25.0000000000002 -76.1005869886967
vertex 41.4148145657226 15.6470476127565 -76.1005869886967
vertex 41.1650635094611 16.2500000000002 -76.1005869886967
endloop
endfacet
facet normal 3.05844048314844e-016 -1.56849013475366e-015 1.0
outer loop
vertex 41.1406689284919 25.0000000000002 -76.1005869886967
vertex 41.1650635094611 16.2500000000002 -76.1005869886967
vertex 40.7677669529663 16.7677669529666 -76.1005869886967
endloop
endfacet
facet normal 3.05844048314844e-016 -1.56849013475366e-015 1.0
outer loop
vertex 41.1406689284919 25.0000000000002 -76.1005869886967
vertex 40.7677669529663 16.7677669529666 -76.1005869886967
vertex 40.6639130606982 24.3786796564406 -76.1005869886967
endloop
endfacet
facet normal 3.05844048314844e-016 -1.56849013475366e-015 1.0
outer loop
vertex 40.6639130606982 24.3786796564406 -76.1005869886967
vertex 40.7677669529663 16.7677669529666 -76.1005869886967
vertex 40.25 17.1650635094613 -76.1005869886967
endloop
endfacet
facet normal 3.05844048314844e-016 -1.56849013475366e-015 1.0
outer loop
vertex 40.6639130606982 24.3786796564406 -76.1005869886967
vertex 40.25 17.1650635094613 -76.1005869886967
vertex 40.0425927171386 23.9019237886469 -76.1005869886967
endloop
endfacet
facet normal 3.05844048314844e-016 -1.56849013475366e-015 1.0
outer loop
vertex 40.0425927171386 23.9019237886469 -76.1005869886967
vertex 40.25 17.1650635094613 -76.1005869886967
vertex 39.6470476127563 17.4148145657229 -76.1005869886967
endloop
endfacet
facet normal 3.05844048314844e-016 -1.56849013475366e-015 1.0
outer loop
vertex 40.0425927171386 23.9019237886469 -76.1005869886967
vertex 39.6470476127563 17.4148145657229 -76.1005869886967
vertex 39.3190498524462 23.602222521133 -76.1005869886967
endloop
endfacet
facet normal 3.05844048314844e-016 -1.56849013475366e-015 1.0
outer loop
vertex 39.3190498524462 23.602222521133 -76.1005869886967
vertex 39.6470476127563 17.4148145657229 -76.1005869886967
vertex 39.0 17.5000000000002 -76.1005869886967
endloop
endfacet
facet normal 3.05844048314844e-016 -1.56849013475366e-015 1.0
outer loop
vertex 39.3190498524462 23.602222521133 -76.1005869886967
vertex 39.0 17.5000000000002 -76.1005869886967
vertex 38.5425927171386 23.5000000000002 -76.1005869886967
endloop
endfacet
facet normal 3.05844048314844e-016 -1.56849013475366e-015 1.0
outer loop
vertex 38.5425927171386 23.5000000000002 -76.1005869886967
vertex 39.0 17.5000000000002 -76.1005869886967
vertex 38.3529523872437 17.4148145657229 -76.1005869886967
endloop
endfacet
facet normal 3.05844048314844e-016 -1.56849013475366e-015 1.0
outer loop
vertex 38.5425927171386 23.5000000000002 -76.1005869886967
vertex 38.3529523872437 17.4148145657229 -76.1005869886967
vertex 37.766135581831 23.602222521133 -76.1005869886967
endloop
endfacet
facet normal 3.05844048314844e-016 -1.56849013475366e-015 1.0
outer loop
vertex 37.766135581831 23.602222521133 -76.1005869886967
vertex 38.3529523872437 17.4148145657229 -76.1005869886967
vertex 37.75 17.1650635094613 -76.1005869886967
endloop
endfacet
facet normal 3.05844048314844e-016 -1.56849013475366e-015 1.0
outer loop
vertex 37.766135581831 23.602222521133 -76.1005869886967
vertex 37.75 17.1650635094613 -76.1005869886967
vertex 37.0425927171386 23.9019237886469 -76.1005869886967
endloop
endfacet
facet normal 3.05844048314844e-016 -1.56849013475366e-015 1.0
outer loop
vertex 37.0425927171386 23.9019237886469 -76.1005869886967
vertex 37.75 17.1650635094613 -76.1005869886967
vertex 37.2322330470336 16.7677669529666 -76.1005869886967
endloop
endfacet
facet normal 3.05844048314844e-016 -1.56849013475366e-015 1.0
outer loop
vertex 37.0425927171386 23.9019237886469 -76.1005869886967
vertex 37.2322330470336 16.7677669529666 -76.1005869886967
vertex 36.8349364905389 16.2500000000002 -76.1005869886967
endloop
endfacet
facet normal 3.05844048314844e-016 -1.56849013475366e-015 1.0
outer loop
vertex 37.0425927171386 23.9019237886469 -76.1005869886967
vertex 36.8349364905389 16.2500000000002 -76.1005869886967
vertex 36.421272373579 24.3786796564406 -76.1005869886967
endloop
endfacet
facet normal 3.05844048314844e-016 -1.56849013475366e-015 1.0
outer loop
vertex 36.421272373579 24.3786796564406 -76.1005869886967
vertex 36.8349364905389 16.2500000000002 -76.1005869886967
vertex 36.5851854342773 15.6470476127565 -76.1005869886967
endloop
endfacet
facet normal 3.05844048314844e-016 -1.56849013475366e-015 1.0
outer loop
vertex 36.421272373579 24.3786796564406 -76.1005869886967
vertex 36.5851854342773 15.6470476127565 -76.1005869886967
vertex 36.5 15.0000000000002 -76.1005869886967
endloop
endfacet
facet normal -6.66552158072894e-016 2.68152541108777e-015 1.0
outer loop
vertex 0.499999999999988 -8.00260624138963 -77.1005869886967
vertex 7.09999999999999 -5.49999999999989 -77.1005869886967
vertex 7.09999999999999 -7.99999999999991 -77.1005869886967
endloop
endfacet
facet normal -6.66552158072894e-016 2.68152541108777e-015 1.0
outer loop
vertex 7.09999999999999 -5.49999999999989 -77.1005869886967
vertex 0.499999999999988 -8.00260624138963 -77.1005869886967
vertex 0.499999999999988 -5.49999999999989 -77.1005869886967
endloop
endfacet
facet normal 1.74241408290186e-016 -1.0 -1.64305034701336e-016
outer loop
vertex 0.499999999999988 -5.49999999999989 -77.1005869886967
vertex 3.04999999999997 -5.49999999999989 -75.0996250943734
vertex 7.09999999999999 -5.49999999999989 -77.1005869886967
endloop
endfacet
facet normal 1.74241408290186e-016 -1.0 -1.64305034701336e-016
outer loop
vertex 3.04999999999997 -5.49999999999989 -75.0996250943734
vertex 0.499999999999988 -5.49999999999989 -77.1005869886967
vertex 2.73933982822015 -5.49999999999989 -74.8612471604765
endloop
endfacet
facet normal 1.74241408290186e-016 -1.0 -1.64305034701336e-016
outer loop
vertex 2.73933982822015 -5.49999999999989 -74.8612471604765
vertex 0.499999999999988 -5.49999999999989 -77.1005869886967
vertex 2.50096189432331 -5.49999999999989 -74.5505869886967
endloop
endfacet
facet normal 1.74241408290186e-016 -1.0 -1.64305034701336e-016
outer loop
vertex 2.50096189432331 -5.49999999999989 -74.5505869886967
vertex 0.499999999999988 -5.49999999999989 -77.1005869886967
vertex 0.499999999999982 -5.49999999999989 -70.1005869886967
endloop
endfacet
facet normal 1.74241408290186e-016 -1.0 -1.64305034701336e-016
outer loop
vertex 7.09999999999999 -5.49999999999989 -77.1005869886967
vertex 3.04999999999997 -5.49999999999989 -75.0996250943734
vertex 3.41177143234619 -5.49999999999989 -75.2494757281303
endloop
endfacet
facet normal 1.74241408290186e-016 -1.0 -1.64305034701336e-016
outer loop
vertex 7.09999999999999 -5.49999999999989 -77.1005869886967
vertex 3.41177143234619 -5.49999999999989 -75.2494757281303
vertex 6.69999999999999 -5.49999999999989 -76.1005869886967
endloop
endfacet
facet normal 1.74241408290186e-016 -1.0 -1.64305034701336e-016
outer loop
vertex 6.69999999999999 -5.49999999999989 -76.1005869886967
vertex 3.41177143234619 -5.49999999999989 -75.2494757281303
vertex 3.79999999999997 -5.49999999999989 -75.3005869886967
endloop
endfacet
facet normal 1.74241408290186e-016 -1.0 -1.64305034701336e-016
outer loop
vertex 2.50096189432331 -5.49999999999989 -74.5505869886967
vertex 0.499999999999982 -5.49999999999989 -70.1005869886967
vertex 2.35111126056637 -5.49999999999989 -74.1888155563505
endloop
endfacet
facet normal 1.74241408290186e-016 -1.0 -1.64305034701336e-016
outer loop
vertex 2.35111126056637 -5.49999999999989 -74.1888155563505
vertex 0.499999999999982 -5.49999999999989 -70.1005869886967
vertex 2.29999999999997 -5.49999999999989 -73.8005869886967
endloop
endfacet
facet normal 1.74241408290186e-016 -1.0 -1.64305034701336e-016
outer loop
vertex 2.29999999999997 -5.49999999999989 -73.8005869886967
vertex 0.499999999999982 -5.49999999999989 -70.1005869886967
vertex 2.35111126056637 -5.49999999999989 -73.4123584210429
endloop
endfacet
facet normal 1.74241408290186e-016 -1.0 -1.64305034701336e-016
outer loop
vertex 2.35111126056637 -5.49999999999989 -73.4123584210429
vertex 0.499999999999982 -5.49999999999989 -70.1005869886967
vertex 2.50096189432331 -5.49999999999989 -73.0505869886967
endloop
endfacet
facet normal 1.74241408290186e-016 -1.0 -1.64305034701336e-016
outer loop
vertex 2.50096189432331 -5.49999999999989 -73.0505869886967
vertex 0.499999999999982 -5.49999999999989 -70.1005869886967
vertex 2.73933982822015 -5.49999999999989 -72.7399268169169
endloop
endfacet
facet normal 1.74241408290186e-016 -1.0 -1.64305034701336e-016
outer loop
vertex 2.73933982822015 -5.49999999999989 -72.7399268169169
vertex 0.499999999999982 -5.49999999999989 -70.1005869886967
vertex 3.04999999999997 -5.49999999999989 -72.5015488830201
endloop
endfacet
facet normal 1.74241408290186e-016 -1.0 -1.64305034701336e-016
outer loop
vertex 3.04999999999997 -5.49999999999989 -72.5015488830201
vertex 0.499999999999982 -5.49999999999989 -70.1005869886967
vertex 3.41177143234619 -5.49999999999989 -72.3516982492631
endloop
endfacet
facet normal 1.74241408290186e-016 -1.0 -1.64305034701336e-016
outer loop
vertex 3.41177143234619 -5.49999999999989 -72.3516982492631
vertex 0.499999999999982 -5.49999999999989 -70.1005869886967
vertex 3.79999999999997 -5.49999999999989 -72.3005869886967
endloop
endfacet
facet normal 1.74241408290186e-016 -1.0 -1.64305034701336e-016
outer loop
vertex 6.69999999999999 -5.49999999999989 -76.1005869886967
vertex 5.24888873943357 -5.49999999999989 -74.1888155563505
vertex 6.69999999999999 -5.49999999999989 -70.1005869886967
endloop
endfacet
facet normal 1.74241408290186e-016 -1.0 -1.64305034701336e-016
outer loop
vertex 5.24888873943357 -5.49999999999989 -74.1888155563505
vertex 6.69999999999999 -5.49999999999989 -76.1005869886967
vertex 5.09903810567663 -5.49999999999989 -74.5505869886967
endloop
endfacet
facet normal 1.74241408290186e-016 -1.0 -1.64305034701336e-016
outer loop
vertex 5.09903810567663 -5.49999999999989 -74.5505869886967
vertex 6.69999999999999 -5.49999999999989 -76.1005869886967
vertex 4.86066017177979 -5.49999999999989 -74.8612471604765
endloop
endfacet
facet normal 1.74241408290186e-016 -1.0 -1.64305034701336e-016
outer loop
vertex 4.86066017177979 -5.49999999999989 -74.8612471604765
vertex 6.69999999999999 -5.49999999999989 -76.1005869886967
vertex 4.54999999999997 -5.49999999999989 -75.0996250943734
endloop
endfacet
facet normal 1.74241408290186e-016 -1.0 -1.64305034701336e-016
outer loop
vertex 4.54999999999997 -5.49999999999989 -75.0996250943734
vertex 6.69999999999999 -5.49999999999989 -76.1005869886967
vertex 4.18822856765375 -5.49999999999989 -75.2494757281303
endloop
endfacet
facet normal 1.74241408290186e-016 -1.0 -1.64305034701336e-016
outer loop
vertex 4.18822856765375 -5.49999999999989 -75.2494757281303
vertex 6.69999999999999 -5.49999999999989 -76.1005869886967
vertex 3.79999999999997 -5.49999999999989 -75.3005869886967
endloop
endfacet
facet normal 1.74241408290186e-016 -1.0 -1.64305034701336e-016
outer loop
vertex 6.69999999999999 -5.49999999999989 -70.1005869886967
vertex 5.24888873943357 -5.49999999999989 -74.1888155563505
vertex 5.29999999999997 -5.49999999999989 -73.8005869886967
endloop
endfacet
facet normal 1.74241408290186e-016 -1.0 -1.64305034701336e-016
outer loop
vertex 6.69999999999999 -5.49999999999989 -70.1005869886967
vertex 5.29999999999997 -5.49999999999989 -73.8005869886967
vertex 5.24888873943357 -5.49999999999989 -73.4123584210429
endloop
endfacet
facet normal 1.74241408290186e-016 -1.0 -1.64305034701336e-016
outer loop
vertex 6.69999999999999 -5.49999999999989 -70.1005869886967
vertex 5.24888873943357 -5.49999999999989 -73.4123584210429
vertex 5.09903810567663 -5.49999999999989 -73.0505869886967
endloop
endfacet
facet normal 1.74241408290186e-016 -1.0 -1.64305034701336e-016
outer loop
vertex 6.69999999999999 -5.49999999999989 -70.1005869886967
vertex 5.09903810567663 -5.49999999999989 -73.0505869886967
vertex 4.86066017177979 -5.49999999999989 -72.7399268169169
endloop
endfacet
facet normal 1.74241408290186e-016 -1.0 -1.64305034701336e-016
outer loop
vertex 6.69999999999999 -5.49999999999989 -70.1005869886967
vertex 4.86066017177979 -5.49999999999989 -72.7399268169169
vertex 4.54999999999997 -5.49999999999989 -72.5015488830201
endloop
endfacet
facet normal 1.74241408290186e-016 -1.0 -1.64305034701336e-016
outer loop
vertex 6.69999999999999 -5.49999999999989 -70.1005869886967
vertex 4.54999999999997 -5.49999999999989 -72.5015488830201
vertex 4.18822856765375 -5.49999999999989 -72.3516982492631
endloop
endfacet
facet normal 1.74241408290186e-016 -1.0 -1.64305034701336e-016
outer loop
vertex 6.69999999999999 -5.49999999999989 -70.1005869886967
vertex 4.18822856765375 -5.49999999999989 -72.3516982492631
vertex 3.79999999999997 -5.49999999999989 -72.3005869886967
endloop
endfacet
facet normal 1.74241408290186e-016 -1.0 -1.64305034701336e-016
outer loop
vertex 6.69999999999999 -5.49999999999989 -70.1005869886967
vertex 3.79999999999997 -5.49999999999989 -72.3005869886967
vertex 0.499999999999982 -5.49999999999989 -70.1005869886967
endloop
endfacet
facet normal 1.74241408290186e-016 -1.0 -1.64305034701336e-016
outer loop
vertex 7.09999999999999 -5.49999999999989 -76.1005869886967
vertex 7.09999999999999 -5.49999999999989 -77.1005869886967
vertex 6.69999999999999 -5.49999999999989 -76.1005869886967
endloop
endfacet
facet normal 1.0 0.0 0.0
outer loop
vertex 37.8 15.0000000000002 -77.1005869886967
vertex 37.8511112605664 14.6117714323464 -79.1005869886967
vertex 37.8511112605664 14.6117714323464 -77.1005869886967
endloop
endfacet
facet normal 0.965925826289069 0.25881904510252 0.0
outer loop
vertex 37.8511112605664 14.6117714323464 -79.1005869886967
vertex 37.8 15.0000000000002 -77.1005869886967
vertex 37.8 15.0000000000002 -79.1005869886967
endloop
endfacet
facet normal 0.965925826289069 -0.258819045102519 0.0
outer loop
vertex 37.8511112605664 15.388228567654 -77.1005869886967
vertex 37.8 15.0000000000002 -79.1005869886967
vertex 37.8 15.0000000000002 -77.1005869886967
endloop
endfacet
facet normal 1.0 0.0 0.0
outer loop
vertex 37.8 15.0000000000002 -79.1005869886967
vertex 37.8511112605664 15.388228567654 -77.1005869886967
vertex 37.8511112605664 15.388228567654 -79.1005869886967
endloop
endfacet
facet normal 0.866025403784437 -0.500000000000004 0.0
outer loop
vertex 38.0009618943233 15.7500000000002 -77.1005869886967
vertex 37.8511112605664 15.388228567654 -79.1005869886967
vertex 37.8511112605664 15.388228567654 -77.1005869886967
endloop
endfacet
facet normal 0.965925826289069 -0.258819045102519 0.0
outer loop
vertex 37.8511112605664 15.388228567654 -79.1005869886967
vertex 38.0009618943233 15.7500000000002 -77.1005869886967
vertex 38.0009618943233 15.7500000000002 -79.1005869886967
endloop
endfacet
facet normal 0.707106781186548 -0.707106781186548 0.0
outer loop
vertex 38.2393398282201 16.06066017178 -77.1005869886967
vertex 38.0009618943233 15.7500000000002 -79.1005869886967
vertex 38.0009618943233 15.7500000000002 -77.1005869886967
endloop
endfacet
facet normal 0.866025403784437 -0.500000000000004 0.0
outer loop
vertex 38.0009618943233 15.7500000000002 -79.1005869886967
vertex 38.2393398282201 16.06066017178 -77.1005869886967
vertex 38.2393398282201 16.06066017178 -79.1005869886967
endloop
endfacet
facet normal 0.707106781186548 -0.707106781186548 0.0
outer loop
vertex 38.2393398282201 16.06066017178 -77.1005869886967
vertex 38.55 16.2990381056769 -79.1005869886967
vertex 38.2393398282201 16.06066017178 -79.1005869886967
endloop
endfacet
facet normal 0.500000000000001 -0.866025403784438 0.0
outer loop
vertex 38.55 16.2990381056769 -79.1005869886967
vertex 38.2393398282201 16.06066017178 -77.1005869886967
vertex 38.55 16.2990381056769 -77.1005869886967
endloop
endfacet
facet normal 0.500000000000001 -0.866025403784438 0.0
outer loop
vertex 38.55 16.2990381056769 -77.1005869886967
vertex 38.9117714323462 16.4488887394338 -79.1005869886967
vertex 38.55 16.2990381056769 -79.1005869886967
endloop
endfacet
facet normal 0.25881904510252 -0.965925826289069 0.0
outer loop
vertex 38.9117714323462 16.4488887394338 -79.1005869886967
vertex 38.55 16.2990381056769 -77.1005869886967
vertex 38.9117714323462 16.4488887394338 -77.1005869886967
endloop
endfacet
facet normal 0.25881904510252 -0.965925826289069 0.0
outer loop
vertex 38.9117714323462 16.4488887394338 -77.1005869886967
vertex 39.3 16.5000000000002 -79.1005869886967
vertex 38.9117714323462 16.4488887394338 -79.1005869886967
endloop
endfacet
facet normal 9.53488758834219e-016 -1.0 0.0
outer loop
vertex 39.3 16.5000000000002 -79.1005869886967
vertex 38.9117714323462 16.4488887394338 -77.1005869886967
vertex 39.3 16.5000000000002 -77.1005869886967
endloop
endfacet
facet normal 9.53488758834219e-016 -1.0 0.0
outer loop
vertex 39.3 16.5000000000002 -77.1005869886967
vertex 39.6882285676538 16.4488887394338 -79.1005869886967
vertex 39.3 16.5000000000002 -79.1005869886967
endloop
endfacet
facet normal -0.258819045102522 -0.965925826289068 0.0
outer loop
vertex 39.6882285676538 16.4488887394338 -79.1005869886967
vertex 39.3 16.5000000000002 -77.1005869886967
vertex 39.6882285676538 16.4488887394338 -77.1005869886967
endloop
endfacet
facet normal -0.258819045102522 -0.965925826289068 0.0
outer loop
vertex 39.6882285676538 16.4488887394338 -77.1005869886967
vertex 40.05 16.2990381056769 -79.1005869886967
vertex 39.6882285676538 16.4488887394338 -79.1005869886967
endloop
endfacet
facet normal -0.499999999999999 -0.866025403784439 0.0
outer loop
vertex 40.05 16.2990381056769 -79.1005869886967
vertex 39.6882285676538 16.4488887394338 -77.1005869886967
vertex 40.05 16.2990381056769 -77.1005869886967
endloop
endfacet
facet normal -0.499999999999999 -0.866025403784439 0.0
outer loop
vertex 40.05 16.2990381056769 -77.1005869886967
vertex 40.3606601717798 16.06066017178 -79.1005869886967
vertex 40.05 16.2990381056769 -79.1005869886967
endloop
endfacet
facet normal -0.70710678118655 -0.707106781186545 0.0
outer loop
vertex 40.3606601717798 16.06066017178 -79.1005869886967
vertex 40.05 16.2990381056769 -77.1005869886967
vertex 40.3606601717798 16.06066017178 -77.1005869886967
endloop
endfacet
facet normal -0.70710678118655 -0.707106781186545 0.0
outer loop
vertex 40.3606601717798 16.06066017178 -79.1005869886967
vertex 40.5990381056766 15.7500000000002 -77.1005869886967
vertex 40.5990381056766 15.7500000000002 -79.1005869886967
endloop
endfacet
facet normal -0.86602540378444 -0.499999999999998 0.0
outer loop
vertex 40.5990381056766 15.7500000000002 -77.1005869886967
vertex 40.3606601717798 16.06066017178 -79.1005869886967
vertex 40.3606601717798 16.06066017178 -77.1005869886967
endloop
endfacet
facet normal -0.86602540378444 -0.499999999999998 0.0
outer loop
vertex 40.5990381056766 15.7500000000002 -79.1005869886967
vertex 40.7488887394336 15.388228567654 -77.1005869886967
vertex 40.7488887394336 15.388228567654 -79.1005869886967
endloop
endfacet
facet normal -0.965925826289069 -0.25881904510252 0.0
outer loop
vertex 40.7488887394336 15.388228567654 -77.1005869886967
vertex 40.5990381056766 15.7500000000002 -79.1005869886967
vertex 40.5990381056766 15.7500000000002 -77.1005869886967
endloop
endfacet
facet normal -0.965925826289069 -0.25881904510252 0.0
outer loop
vertex 40.7488887394336 15.388228567654 -79.1005869886967
vertex 40.8 15.0000000000002 -77.1005869886967
vertex 40.8 15.0000000000002 -79.1005869886967
endloop
endfacet
facet normal -1.0 0.0 0.0
outer loop
vertex 40.8 15.0000000000002 -77.1005869886967
vertex 40.7488887394336 15.388228567654 -79.1005869886967
vertex 40.7488887394336 15.388228567654 -77.1005869886967
endloop
endfacet
facet normal -1.0 0.0 0.0
outer loop
vertex 40.8 15.0000000000002 -79.1005869886967
vertex 40.7488887394336 14.6117714323464 -77.1005869886967
vertex 40.7488887394336 14.6117714323464 -79.1005869886967
endloop
endfacet
facet normal -0.965925826289069 0.258819045102519 0.0
outer loop
vertex 40.7488887394336 14.6117714323464 -77.1005869886967
vertex 40.8 15.0000000000002 -79.1005869886967
vertex 40.8 15.0000000000002 -77.1005869886967
endloop
endfacet
facet normal -0.965925826289069 0.258819045102519 0.0
outer loop
vertex 40.7488887394336 14.6117714323464 -79.1005869886967
vertex 40.5990381056766 14.2500000000002 -77.1005869886967
vertex 40.5990381056766 14.2500000000002 -79.1005869886967
endloop
endfacet
facet normal -0.866025403784437 0.500000000000004 0.0
outer loop
vertex 40.5990381056766 14.2500000000002 -77.1005869886967
vertex 40.7488887394336 14.6117714323464 -79.1005869886967
vertex 40.7488887394336 14.6117714323464 -77.1005869886967
endloop
endfacet
facet normal -0.866025403784437 0.500000000000004 0.0
outer loop
vertex 40.5990381056766 14.2500000000002 -79.1005869886967
vertex 40.3606601717798 13.9393398282204 -77.1005869886967
vertex 40.3606601717798 13.9393398282204 -79.1005869886967
endloop
endfacet
facet normal -0.707106781186548 0.707106781186548 0.0
outer loop
vertex 40.3606601717798 13.9393398282204 -77.1005869886967
vertex 40.5990381056766 14.2500000000002 -79.1005869886967
vertex 40.5990381056766 14.2500000000002 -77.1005869886967
endloop
endfacet
facet normal -0.707106781186548 0.707106781186548 0.0
outer loop
vertex 40.3606601717798 13.9393398282204 -77.1005869886967
vertex 40.05 13.7009618943235 -79.1005869886967
vertex 40.3606601717798 13.9393398282204 -79.1005869886967
endloop
endfacet
facet normal -0.500000000000001 0.866025403784438 0.0
outer loop
vertex 40.05 13.7009618943235 -79.1005869886967
vertex 40.3606601717798 13.9393398282204 -77.1005869886967
vertex 40.05 13.7009618943235 -77.1005869886967
endloop
endfacet
facet normal -0.500000000000001 0.866025403784438 0.0
outer loop
vertex 40.05 13.7009618943235 -77.1005869886967
vertex 39.6882285676537 13.5511112605666 -79.1005869886967
vertex 40.05 13.7009618943235 -79.1005869886967
endloop
endfacet
facet normal -0.25881904510252 0.965925826289069 0.0
outer loop
vertex 39.6882285676537 13.5511112605666 -79.1005869886967
vertex 40.05 13.7009618943235 -77.1005869886967
vertex 39.6882285676537 13.5511112605666 -77.1005869886967
endloop
endfacet
facet normal -0.25881904510252 0.965925826289069 0.0
outer loop
vertex 39.6882285676537 13.5511112605666 -77.1005869886967
vertex 39.3 13.5000000000002 -79.1005869886967
vertex 39.6882285676537 13.5511112605666 -79.1005869886967
endloop
endfacet
facet normal -9.53488758834219e-016 1.0 0.0
outer loop
vertex 39.3 13.5000000000002 -79.1005869886967
vertex 39.6882285676537 13.5511112605666 -77.1005869886967
vertex 39.3 13.5000000000002 -77.1005869886967
endloop
endfacet
facet normal -9.53488758834219e-016 1.0 0.0
outer loop
vertex 39.3 13.5000000000002 -77.1005869886967
vertex 38.9117714323462 13.5511112605666 -79.1005869886967
vertex 39.3 13.5000000000002 -79.1005869886967
endloop
endfacet
facet normal 0.258819045102522 0.965925826289068 0.0
outer loop
vertex 38.9117714323462 13.5511112605666 -79.1005869886967
vertex 39.3 13.5000000000002 -77.1005869886967
vertex 38.9117714323462 13.5511112605666 -77.1005869886967
endloop
endfacet
facet normal 0.258819045102522 0.965925826289068 0.0
outer loop
vertex 38.9117714323462 13.5511112605666 -77.1005869886967
vertex 38.55 13.7009618943235 -79.1005869886967
vertex 38.9117714323462 13.5511112605666 -79.1005869886967
endloop
endfacet
facet normal 0.499999999999999 0.866025403784439 0.0
outer loop
vertex 38.55 13.7009618943235 -79.1005869886967
vertex 38.9117714323462 13.5511112605666 -77.1005869886967
vertex 38.55 13.7009618943235 -77.1005869886967
endloop
endfacet
facet normal 0.499999999999999 0.866025403784439 0.0
outer loop
vertex 38.55 13.7009618943235 -77.1005869886967
vertex 38.2393398282201 13.9393398282204 -79.1005869886967
vertex 38.55 13.7009618943235 -79.1005869886967
endloop
endfacet
facet normal 0.70710678118655 0.707106781186545 0.0
outer loop
vertex 38.2393398282201 13.9393398282204 -79.1005869886967
vertex 38.55 13.7009618943235 -77.1005869886967
vertex 38.2393398282201 13.9393398282204 -77.1005869886967
endloop
endfacet
facet normal 0.86602540378444 0.499999999999998 0.0
outer loop
vertex 38.0009618943233 14.2500000000002 -77.1005869886967
vertex 38.2393398282201 13.9393398282204 -79.1005869886967
vertex 38.2393398282201 13.9393398282204 -77.1005869886967
endloop
endfacet
facet normal 0.70710678118655 0.707106781186545 0.0
outer loop
vertex 38.2393398282201 13.9393398282204 -79.1005869886967
vertex 38.0009618943233 14.2500000000002 -77.1005869886967
vertex 38.0009618943233 14.2500000000002 -79.1005869886967
endloop
endfacet
facet normal 0.965925826289069 0.25881904510252 0.0
outer loop
vertex 37.8511112605664 14.6117714323464 -77.1005869886967
vertex 38.0009618943233 14.2500000000002 -79.1005869886967
vertex 38.0009618943233 14.2500000000002 -77.1005869886967
endloop
endfacet
facet normal 0.86602540378444 0.499999999999998 0.0
outer loop
vertex 38.0009618943233 14.2500000000002 -79.1005869886967
vertex 37.8511112605664 14.6117714323464 -77.1005869886967
vertex 37.8511112605664 14.6117714323464 -79.1005869886967
endloop
endfacet
facet normal -0.965925826289068 -0.258819045102521 0.0
outer loop
vertex -2.85111126056643 15.388228567654 -79.1005869886967
vertex -2.80000000000003 15.0000000000002 -77.1005869886967
vertex -2.80000000000003 15.0000000000002 -79.1005869886967
endloop
endfacet
facet normal -1.0 0.0 0.0
outer loop
vertex -2.80000000000003 15.0000000000002 -77.1005869886967
vertex -2.85111126056643 15.388228567654 -79.1005869886967
vertex -2.85111126056643 15.388228567654 -77.1005869886967
endloop
endfacet
facet normal -1.0 0.0 0.0
outer loop
vertex -2.80000000000003 15.0000000000002 -79.1005869886967
vertex -2.85111126056643 14.6117714323464 -77.1005869886967
vertex -2.85111126056643 14.6117714323464 -79.1005869886967
endloop
endfacet
facet normal -0.965925826289068 0.25881904510252 0.0
outer loop
vertex -2.85111126056643 14.6117714323464 -77.1005869886967
vertex -2.80000000000003 15.0000000000002 -79.1005869886967
vertex -2.80000000000003 15.0000000000002 -77.1005869886967
endloop
endfacet
facet normal -0.965925826289068 0.25881904510252 0.0
outer loop
vertex -2.85111126056643 14.6117714323464 -79.1005869886967
vertex -3.00096189432338 14.2500000000002 -77.1005869886967
vertex -3.00096189432338 14.2500000000002 -79.1005869886967
endloop
endfacet
facet normal -0.866025403784438 0.500000000000001 0.0
outer loop
vertex -3.00096189432338 14.2500000000002 -77.1005869886967
vertex -2.85111126056643 14.6117714323464 -79.1005869886967
vertex -2.85111126056643 14.6117714323464 -77.1005869886967
endloop
endfacet
facet normal -0.866025403784438 0.500000000000001 0.0
outer loop
vertex -3.00096189432338 14.2500000000002 -79.1005869886967
vertex -3.23933982822021 13.9393398282204 -77.1005869886967
vertex -3.23933982822021 13.9393398282204 -79.1005869886967
endloop
endfacet
facet normal -0.707106781186547 0.707106781186548 0.0
outer loop
vertex -3.23933982822021 13.9393398282204 -77.1005869886967
vertex -3.00096189432338 14.2500000000002 -79.1005869886967
vertex -3.00096189432338 14.2500000000002 -77.1005869886967
endloop
endfacet
facet normal -0.707106781186547 0.707106781186548 0.0
outer loop
vertex -3.23933982822021 13.9393398282204 -77.1005869886967
vertex -3.55000000000003 13.7009618943235 -79.1005869886967
vertex -3.23933982822021 13.9393398282204 -79.1005869886967
endloop
endfacet
facet normal -0.5 0.866025403784439 0.0
outer loop
vertex -3.55000000000003 13.7009618943235 -79.1005869886967
vertex -3.23933982822021 13.9393398282204 -77.1005869886967
vertex -3.55000000000003 13.7009618943235 -77.1005869886967
endloop
endfacet
facet normal -0.5 0.866025403784439 0.0
outer loop
vertex -3.55000000000003 13.7009618943235 -77.1005869886967
vertex -3.91177143234625 13.5511112605666 -79.1005869886967
vertex -3.55000000000003 13.7009618943235 -79.1005869886967
endloop
endfacet
facet normal -0.25881904510252 0.965925826289069 0.0
outer loop
vertex -3.91177143234625 13.5511112605666 -79.1005869886967
vertex -3.55000000000003 13.7009618943235 -77.1005869886967
vertex -3.91177143234625 13.5511112605666 -77.1005869886967
endloop
endfacet
facet normal -0.25881904510252 0.965925826289069 0.0
outer loop
vertex -3.91177143234625 13.5511112605666 -77.1005869886967
vertex -4.30000000000003 13.5000000000002 -79.1005869886967
vertex -3.91177143234625 13.5511112605666 -79.1005869886967
endloop
endfacet
facet normal 0.0 1.0 0.0
outer loop
vertex -4.30000000000003 13.5000000000002 -79.1005869886967
vertex -3.91177143234625 13.5511112605666 -77.1005869886967
vertex -4.30000000000003 13.5000000000002 -77.1005869886967
endloop
endfacet
facet normal 0.0 1.0 0.0
outer loop
vertex -4.30000000000003 13.5000000000002 -77.1005869886967
vertex -4.68822856765382 13.5511112605666 -79.1005869886967
vertex -4.30000000000003 13.5000000000002 -79.1005869886967
endloop
endfacet
facet normal 0.25881904510252 0.965925826289069 0.0
outer loop
vertex -4.68822856765382 13.5511112605666 -79.1005869886967
vertex -4.30000000000003 13.5000000000002 -77.1005869886967
vertex -4.68822856765382 13.5511112605666 -77.1005869886967
endloop
endfacet
facet normal 0.25881904510252 0.965925826289069 0.0
outer loop
vertex -4.68822856765382 13.5511112605666 -77.1005869886967
vertex -5.05000000000003 13.7009618943235 -79.1005869886967
vertex -4.68822856765382 13.5511112605666 -79.1005869886967
endloop
endfacet
facet normal 0.5 0.866025403784439 0.0
outer loop
vertex -5.05000000000003 13.7009618943235 -79.1005869886967
vertex -4.68822856765382 13.5511112605666 -77.1005869886967
vertex -5.05000000000003 13.7009618943235 -77.1005869886967
endloop
endfacet
facet normal 0.5 0.866025403784439 0.0
outer loop
vertex -5.05000000000003 13.7009618943235 -77.1005869886967
vertex -5.36066017177985 13.9393398282204 -79.1005869886967
vertex -5.05000000000003 13.7009618943235 -79.1005869886967
endloop
endfacet
facet normal 0.707106781186549 0.707106781186546 0.0
outer loop
vertex -5.36066017177985 13.9393398282204 -79.1005869886967
vertex -5.05000000000003 13.7009618943235 -77.1005869886967
vertex -5.36066017177985 13.9393398282204 -77.1005869886967
endloop
endfacet
facet normal 0.866025403784439 0.5 0.0
outer loop
vertex -5.59903810567669 14.2500000000002 -77.1005869886967
vertex -5.36066017177985 13.9393398282204 -79.1005869886967
vertex -5.36066017177985 13.9393398282204 -77.1005869886967
endloop
endfacet
facet normal 0.707106781186549 0.707106781186546 0.0
outer loop
vertex -5.36066017177985 13.9393398282204 -79.1005869886967
vertex -5.59903810567669 14.2500000000002 -77.1005869886967
vertex -5.59903810567669 14.2500000000002 -79.1005869886967
endloop
endfacet
facet normal 0.965925826289068 0.258819045102521 0.0
outer loop
vertex -5.74888873943363 14.6117714323464 -77.1005869886967
vertex -5.59903810567669 14.2500000000002 -79.1005869886967
vertex -5.59903810567669 14.2500000000002 -77.1005869886967
endloop
endfacet
facet normal 0.866025403784439 0.5 0.0
outer loop
vertex -5.59903810567669 14.2500000000002 -79.1005869886967
vertex -5.74888873943363 14.6117714323464 -77.1005869886967
vertex -5.74888873943363 14.6117714323464 -79.1005869886967
endloop
endfacet
facet normal 1.0 0.0 0.0
outer loop
vertex -5.80000000000003 15.0000000000002 -77.1005869886967
vertex -5.74888873943363 14.6117714323464 -79.1005869886967
vertex -5.74888873943363 14.6117714323464 -77.1005869886967
endloop
endfacet
facet normal 0.965925826289068 0.258819045102521 0.0
outer loop
vertex -5.74888873943363 14.6117714323464 -79.1005869886967
vertex -5.80000000000003 15.0000000000002 -77.1005869886967
vertex -5.80000000000003 15.0000000000002 -79.1005869886967
endloop
endfacet
facet normal 0.965925826289068 -0.258819045102521 0.0
outer loop
vertex -5.74888873943363 15.388228567654 -77.1005869886967
vertex -5.80000000000003 15.0000000000002 -79.1005869886967
vertex -5.80000000000003 15.0000000000002 -77.1005869886967
endloop
endfacet
facet normal 1.0 0.0 0.0
outer loop
vertex -5.80000000000003 15.0000000000002 -79.1005869886967
vertex -5.74888873943363 15.388228567654 -77.1005869886967
vertex -5.74888873943363 15.388228567654 -79.1005869886967
endloop
endfacet
facet normal 0.866025403784438 -0.500000000000001 0.0
outer loop
vertex -5.59903810567669 15.7500000000002 -77.1005869886967
vertex -5.74888873943363 15.388228567654 -79.1005869886967
vertex -5.74888873943363 15.388228567654 -77.1005869886967
endloop
endfacet
facet normal 0.965925826289069 -0.25881904510252 0.0
outer loop
vertex -5.74888873943363 15.388228567654 -79.1005869886967
vertex -5.59903810567669 15.7500000000002 -77.1005869886967
vertex -5.59903810567669 15.7500000000002 -79.1005869886967
endloop
endfacet
facet normal 0.707106781186547 -0.707106781186548 0.0
outer loop
vertex -5.36066017177985 16.06066017178 -77.1005869886967
vertex -5.59903810567669 15.7500000000002 -79.1005869886967
vertex -5.59903810567669 15.7500000000002 -77.1005869886967
endloop
endfacet
facet normal 0.866025403784439 -0.5 0.0
outer loop
vertex -5.59903810567669 15.7500000000002 -79.1005869886967
vertex -5.36066017177985 16.06066017178 -77.1005869886967
vertex -5.36066017177985 16.06066017178 -79.1005869886967
endloop
endfacet
facet normal 0.707106781186547 -0.707106781186548 0.0
outer loop
vertex -5.36066017177985 16.06066017178 -77.1005869886967
vertex -5.05000000000003 16.2990381056769 -79.1005869886967
vertex -5.36066017177985 16.06066017178 -79.1005869886967
endloop
endfacet
facet normal 0.5 -0.866025403784439 0.0
outer loop
vertex -5.05000000000003 16.2990381056769 -79.1005869886967
vertex -5.36066017177985 16.06066017178 -77.1005869886967
vertex -5.05000000000003 16.2990381056769 -77.1005869886967
endloop
endfacet
facet normal 0.5 -0.866025403784439 0.0
outer loop
vertex -5.05000000000003 16.2990381056769 -77.1005869886967
vertex -4.68822856765381 16.4488887394338 -79.1005869886967
vertex -5.05000000000003 16.2990381056769 -79.1005869886967
endloop
endfacet
facet normal 0.25881904510252 -0.965925826289068 0.0
outer loop
vertex -4.68822856765381 16.4488887394338 -79.1005869886967
vertex -5.05000000000003 16.2990381056769 -77.1005869886967
vertex -4.68822856765381 16.4488887394338 -77.1005869886967
endloop
endfacet
facet normal 0.25881904510252 -0.965925826289068 0.0
outer loop
vertex -4.68822856765381 16.4488887394338 -77.1005869886967
vertex -4.30000000000003 16.5000000000002 -79.1005869886967
vertex -4.68822856765381 16.4488887394338 -79.1005869886967
endloop
endfacet
facet normal 2.22777747391173e-016 -1.0 0.0
outer loop
vertex -4.30000000000003 16.5000000000002 -79.1005869886967
vertex -4.68822856765381 16.4488887394338 -77.1005869886967
vertex -4.30000000000003 16.5000000000002 -77.1005869886967
endloop
endfacet
facet normal 2.22777747391173e-016 -1.0 0.0
outer loop
vertex -4.30000000000003 16.5000000000002 -77.1005869886967
vertex -3.91177143234625 16.4488887394338 -79.1005869886967
vertex -4.30000000000003 16.5000000000002 -79.1005869886967
endloop
endfacet
facet normal -0.25881904510252 -0.965925826289069 0.0
outer loop
vertex -3.91177143234625 16.4488887394338 -79.1005869886967
vertex -4.30000000000003 16.5000000000002 -77.1005869886967
vertex -3.91177143234625 16.4488887394338 -77.1005869886967
endloop
endfacet
facet normal -0.25881904510252 -0.965925826289069 0.0
outer loop
vertex -3.91177143234625 16.4488887394338 -77.1005869886967
vertex -3.55000000000003 16.2990381056769 -79.1005869886967
vertex -3.91177143234625 16.4488887394338 -79.1005869886967
endloop
endfacet
facet normal -0.5 -0.866025403784439 0.0
outer loop
vertex -3.55000000000003 16.2990381056769 -79.1005869886967
vertex -3.91177143234625 16.4488887394338 -77.1005869886967
vertex -3.55000000000003 16.2990381056769 -77.1005869886967
endloop
endfacet
facet normal -0.5 -0.866025403784439 0.0
outer loop
vertex -3.55000000000003 16.2990381056769 -77.1005869886967
vertex -3.23933982822021 16.06066017178 -79.1005869886967
vertex -3.55000000000003 16.2990381056769 -79.1005869886967
endloop
endfacet
facet normal -0.70710678118655 -0.707106781186545 0.0
outer loop
vertex -3.23933982822021 16.06066017178 -79.1005869886967
vertex -3.55000000000003 16.2990381056769 -77.1005869886967
vertex -3.23933982822021 16.06066017178 -77.1005869886967
endloop
endfacet
facet normal -0.70710678118655 -0.707106781186545 0.0
outer loop
vertex -3.23933982822021 16.06066017178 -79.1005869886967
vertex -3.00096189432338 15.7500000000002 -77.1005869886967
vertex -3.00096189432338 15.7500000000002 -79.1005869886967
endloop
endfacet
facet normal -0.866025403784439 -0.499999999999999 0.0
outer loop
vertex -3.00096189432338 15.7500000000002 -77.1005869886967
vertex -3.23933982822021 16.06066017178 -79.1005869886967
vertex -3.23933982822021 16.06066017178 -77.1005869886967
endloop
endfacet
facet normal -0.86602540378444 -0.499999999999998 0.0
outer loop
vertex -3.00096189432338 15.7500000000002 -79.1005869886967
vertex -2.85111126056643 15.388228567654 -77.1005869886967
vertex -2.85111126056643 15.388228567654 -79.1005869886967
endloop
endfacet
facet normal -0.965925826289068 -0.258819045102521 0.0
outer loop
vertex -2.85111126056643 15.388228567654 -77.1005869886967
vertex -3.00096189432338 15.7500000000002 -79.1005869886967
vertex -3.00096189432338 15.7500000000002 -77.1005869886967
endloop
endfacet
facet normal 0.0 0.0 1.0
outer loop
vertex 41.4148145657226 14.3529523872439 -77.1005869886967
vertex 41.4148145657226 15.6470476127565 -77.1005869886967
vertex 41.5 15.0000000000002 -77.1005869886967
endloop
endfacet
facet normal 0.0 0.0 1.0
outer loop
vertex 41.4148145657226 15.6470476127565 -77.1005869886967
vertex 41.4148145657226 14.3529523872439 -77.1005869886967
vertex 41.1650635094611 13.7500000000002 -77.1005869886967
endloop
endfacet
facet normal 0.0 0.0 1.0
outer loop
vertex 41.4148145657226 15.6470476127565 -77.1005869886967
vertex 41.1650635094611 13.7500000000002 -77.1005869886967
vertex 41.1650635094611 16.2500000000002 -77.1005869886967
endloop
endfacet
facet normal 0.0 0.0 1.0
outer loop
vertex 41.1650635094611 16.2500000000002 -77.1005869886967
vertex 41.1650635094611 13.7500000000002 -77.1005869886967
vertex 40.7677669529663 13.2322330470338 -77.1005869886967
endloop
endfacet
facet normal 0.0 0.0 1.0
outer loop
vertex 41.1650635094611 16.2500000000002 -77.1005869886967
vertex 40.7677669529663 13.2322330470338 -77.1005869886967
vertex 40.8 15.0000000000002 -77.1005869886967
endloop
endfacet
facet normal 0.0 0.0 1.0
outer loop
vertex 40.8 15.0000000000002 -77.1005869886967
vertex 40.7677669529663 13.2322330470338 -77.1005869886967
vertex 40.7488887394336 14.6117714323464 -77.1005869886967
endloop
endfacet
facet normal 0.0 0.0 1.0
outer loop
vertex 40.7488887394336 14.6117714323464 -77.1005869886967
vertex 40.7677669529663 13.2322330470338 -77.1005869886967
vertex 40.25 12.8349364905391 -77.1005869886967
endloop
endfacet
facet normal 0.0 0.0 1.0
outer loop
vertex 40.7488887394336 14.6117714323464 -77.1005869886967
vertex 40.25 12.8349364905391 -77.1005869886967
vertex 40.5990381056766 14.2500000000002 -77.1005869886967
endloop
endfacet
facet normal 0.0 0.0 1.0
outer loop
vertex 40.5990381056766 14.2500000000002 -77.1005869886967
vertex 40.25 12.8349364905391 -77.1005869886967
vertex 40.3606601717798 13.9393398282204 -77.1005869886967
endloop
endfacet
facet normal 0.0 0.0 1.0
outer loop
vertex 40.3606601717798 13.9393398282204 -77.1005869886967
vertex 40.25 12.8349364905391 -77.1005869886967
vertex 40.05 13.7009618943235 -77.1005869886967
endloop
endfacet
facet normal 0.0 0.0 1.0
outer loop
vertex 40.05 13.7009618943235 -77.1005869886967
vertex 40.25 12.8349364905391 -77.1005869886967
vertex 39.6470476127563 12.5851854342775 -77.1005869886967
endloop
endfacet
facet normal 0.0 0.0 1.0
outer loop
vertex 40.05 13.7009618943235 -77.1005869886967
vertex 39.6470476127563 12.5851854342775 -77.1005869886967
vertex 39.6882285676537 13.5511112605666 -77.1005869886967
endloop
endfacet
facet normal 0.0 0.0 1.0
outer loop
vertex 39.6882285676537 13.5511112605666 -77.1005869886967
vertex 39.6470476127563 12.5851854342775 -77.1005869886967
vertex 39.3 13.5000000000002 -77.1005869886967
endloop
endfacet
facet normal 0.0 0.0 1.0
outer loop
vertex 39.3 13.5000000000002 -77.1005869886967
vertex 39.6470476127563 12.5851854342775 -77.1005869886967
vertex 39.0 12.5000000000002 -77.1005869886967
endloop
endfacet
facet normal 0.0 0.0 1.0
outer loop
vertex 39.3 13.5000000000002 -77.1005869886967
vertex 39.0 12.5000000000002 -77.1005869886967
vertex 38.9117714323462 13.5511112605666 -77.1005869886967
endloop
endfacet
facet normal 0.0 0.0 1.0
outer loop
vertex 38.9117714323462 13.5511112605666 -77.1005869886967
vertex 39.0 12.5000000000002 -77.1005869886967
vertex 38.3529523872437 12.5851854342775 -77.1005869886967
endloop
endfacet
facet normal 0.0 0.0 1.0
outer loop
vertex 38.9117714323462 13.5511112605666 -77.1005869886967
vertex 38.3529523872437 12.5851854342775 -77.1005869886967
vertex 38.55 13.7009618943235 -77.1005869886967
endloop
endfacet
facet normal 0.0 0.0 1.0
outer loop
vertex 38.55 13.7009618943235 -77.1005869886967
vertex 38.3529523872437 12.5851854342775 -77.1005869886967
vertex 38.2393398282201 13.9393398282204 -77.1005869886967
endloop
endfacet
facet normal 0.0 0.0 1.0
outer loop
vertex 38.2393398282201 13.9393398282204 -77.1005869886967
vertex 38.3529523872437 12.5851854342775 -77.1005869886967
vertex 37.75 12.8349364905391 -77.1005869886967
endloop
endfacet
facet normal 0.0 0.0 1.0
outer loop
vertex 38.2393398282201 13.9393398282204 -77.1005869886967
vertex 37.75 12.8349364905391 -77.1005869886967
vertex 38.0009618943233 14.2500000000002 -77.1005869886967
endloop
endfacet
facet normal 0.0 0.0 1.0
outer loop
vertex 38.0009618943233 14.2500000000002 -77.1005869886967
vertex 37.75 12.8349364905391 -77.1005869886967
vertex 37.8511112605664 14.6117714323464 -77.1005869886967
endloop
endfacet
facet normal 0.0 0.0 1.0
outer loop
vertex 37.8511112605664 14.6117714323464 -77.1005869886967
vertex 37.75 12.8349364905391 -77.1005869886967
vertex 37.8 15.0000000000002 -77.1005869886967
endloop
endfacet
facet normal 0.0 0.0 1.0
outer loop
vertex 40.8 15.0000000000002 -77.1005869886967
vertex 40.7677669529663 16.7677669529666 -77.1005869886967
vertex 41.1650635094611 16.2500000000002 -77.1005869886967
endloop
endfacet
facet normal 0.0 0.0 1.0
outer loop
vertex 40.7677669529663 16.7677669529666 -77.1005869886967
vertex 40.8 15.0000000000002 -77.1005869886967
vertex 40.7488887394336 15.388228567654 -77.1005869886967
endloop
endfacet
facet normal 0.0 0.0 1.0
outer loop
vertex 40.7677669529663 16.7677669529666 -77.1005869886967
vertex 40.7488887394336 15.388228567654 -77.1005869886967
vertex 40.25 17.1650635094613 -77.1005869886967
endloop
endfacet
facet normal 0.0 0.0 1.0
outer loop
vertex 40.25 17.1650635094613 -77.1005869886967
vertex 40.7488887394336 15.388228567654 -77.1005869886967
vertex 40.5990381056766 15.7500000000002 -77.1005869886967
endloop
endfacet
facet normal 0.0 0.0 1.0
outer loop
vertex 40.25 17.1650635094613 -77.1005869886967
vertex 40.5990381056766 15.7500000000002 -77.1005869886967
vertex 40.3606601717798 16.06066017178 -77.1005869886967
endloop
endfacet
facet normal 0.0 0.0 1.0
outer loop
vertex 40.25 17.1650635094613 -77.1005869886967
vertex 40.3606601717798 16.06066017178 -77.1005869886967
vertex 40.05 16.2990381056769 -77.1005869886967
endloop
endfacet
facet normal 0.0 0.0 1.0
outer loop
vertex 40.25 17.1650635094613 -77.1005869886967
vertex 40.05 16.2990381056769 -77.1005869886967
vertex 39.6470476127563 17.4148145657229 -77.1005869886967
endloop
endfacet
facet normal 0.0 0.0 1.0
outer loop
vertex 39.6470476127563 17.4148145657229 -77.1005869886967
vertex 40.05 16.2990381056769 -77.1005869886967
vertex 39.6882285676538 16.4488887394338 -77.1005869886967
endloop
endfacet
facet normal 0.0 0.0 1.0
outer loop
vertex 39.6470476127563 17.4148145657229 -77.1005869886967
vertex 39.6882285676538 16.4488887394338 -77.1005869886967
vertex 39.3 16.5000000000002 -77.1005869886967
endloop
endfacet
facet normal 0.0 0.0 1.0
outer loop
vertex 39.6470476127563 17.4148145657229 -77.1005869886967
vertex 39.3 16.5000000000002 -77.1005869886967
vertex 39.0 17.5000000000002 -77.1005869886967
endloop
endfacet
facet normal 0.0 0.0 1.0
outer loop
vertex 39.0 17.5000000000002 -77.1005869886967
vertex 39.3 16.5000000000002 -77.1005869886967
vertex 38.9117714323462 16.4488887394338 -77.1005869886967
endloop
endfacet
facet normal 0.0 0.0 1.0
outer loop
vertex 39.0 17.5000000000002 -77.1005869886967
vertex 38.9117714323462 16.4488887394338 -77.1005869886967
vertex 38.3529523872437 17.4148145657229 -77.1005869886967
endloop
endfacet
facet normal 0.0 0.0 1.0
outer loop
vertex 38.3529523872437 17.4148145657229 -77.1005869886967
vertex 38.9117714323462 16.4488887394338 -77.1005869886967
vertex 38.55 16.2990381056769 -77.1005869886967
endloop
endfacet
facet normal 0.0 0.0 1.0
outer loop
vertex 38.3529523872437 17.4148145657229 -77.1005869886967
vertex 38.55 16.2990381056769 -77.1005869886967
vertex 38.2393398282201 16.06066017178 -77.1005869886967
endloop
endfacet
facet normal 0.0 0.0 1.0
outer loop
vertex 38.3529523872437 17.4148145657229 -77.1005869886967
vertex 38.2393398282201 16.06066017178 -77.1005869886967
vertex 37.75 17.1650635094613 -77.1005869886967
endloop
endfacet
facet normal 0.0 0.0 1.0
outer loop
vertex 37.75 17.1650635094613 -77.1005869886967
vertex 38.2393398282201 16.06066017178 -77.1005869886967
vertex 38.0009618943233 15.7500000000002 -77.1005869886967
endloop
endfacet
facet normal 0.0 0.0 1.0
outer loop
vertex 37.75 17.1650635094613 -77.1005869886967
vertex 38.0009618943233 15.7500000000002 -77.1005869886967
vertex 37.8511112605664 15.388228567654 -77.1005869886967
endloop
endfacet
facet normal 0.0 0.0 1.0
outer loop
vertex 37.75 17.1650635094613 -77.1005869886967
vertex 37.8511112605664 15.388228567654 -77.1005869886967
vertex 37.8 15.0000000000002 -77.1005869886967
endloop
endfacet
facet normal 0.0 0.0 1.0
outer loop
vertex 37.75 17.1650635094613 -77.1005869886967
vertex 37.8 15.0000000000002 -77.1005869886967
vertex 37.75 12.8349364905391 -77.1005869886967
endloop
endfacet
facet normal 0.0 0.0 1.0
outer loop
vertex 37.75 17.1650635094613 -77.1005869886967
vertex 37.75 12.8349364905391 -77.1005869886967
vertex 37.2322330470336 13.2322330470338 -77.1005869886967
endloop
endfacet
facet normal 0.0 0.0 1.0
outer loop
vertex 37.75 17.1650635094613 -77.1005869886967
vertex 37.2322330470336 13.2322330470338 -77.1005869886967
vertex 37.2322330470336 16.7677669529666 -77.1005869886967
endloop
endfacet
facet normal 0.0 0.0 1.0
outer loop
vertex 37.2322330470336 16.7677669529666 -77.1005869886967
vertex 37.2322330470336 13.2322330470338 -77.1005869886967
vertex 36.8349364905389 13.7500000000002 -77.1005869886967
endloop
endfacet
facet normal 0.0 0.0 1.0
outer loop
vertex 37.2322330470336 16.7677669529666 -77.1005869886967
vertex 36.8349364905389 13.7500000000002 -77.1005869886967
vertex 36.8349364905389 16.2500000000002 -77.1005869886967
endloop
endfacet
facet normal 0.0 0.0 1.0
outer loop
vertex 36.8349364905389 16.2500000000002 -77.1005869886967
vertex 36.8349364905389 13.7500000000002 -77.1005869886967
vertex 36.5851854342773 14.3529523872439 -77.1005869886967
endloop
endfacet
facet normal 0.0 0.0 1.0
outer loop
vertex 36.8349364905389 16.2500000000002 -77.1005869886967
vertex 36.5851854342773 14.3529523872439 -77.1005869886967
vertex 36.5851854342773 15.6470476127565 -77.1005869886967
endloop
endfacet
facet normal 0.0 0.0 1.0
outer loop
vertex 36.5851854342773 15.6470476127565 -77.1005869886967
vertex 36.5851854342773 14.3529523872439 -77.1005869886967
vertex 36.5 15.0000000000002 -77.1005869886967
endloop
endfacet
facet normal 1.0 -5.61399923425755e-016 0.0
outer loop
vertex 36.5 15.0000000000002 -76.1005869886967
vertex 36.5851854342773 14.3529523872439 -77.1005869886967
vertex 36.5851854342773 14.3529523872439 -76.1005869886967
endloop
endfacet
facet normal 0.965925826289068 0.258819045102521 0.0
outer loop
vertex 36.5851854342773 14.3529523872439 -77.1005869886967
vertex 36.5 15.0000000000002 -76.1005869886967
vertex 36.5 15.0000000000002 -77.1005869886967
endloop
endfacet
facet normal 0.965925826289068 0.258819045102521 0.0
outer loop
vertex 36.5851854342773 14.3529523872439 -76.1005869886967
vertex 36.8349364905389 13.7500000000002 -77.1005869886967
vertex 36.8349364905389 13.7500000000002 -76.1005869886967
endloop
endfacet
facet normal 0.866025403784438 0.5 0.0
outer loop
vertex 36.8349364905389 13.7500000000002 -77.1005869886967
vertex 36.5851854342773 14.3529523872439 -76.1005869886967
vertex 36.5851854342773 14.3529523872439 -77.1005869886967
endloop
endfacet
facet normal 0.866025403784438 0.5 0.0
outer loop
vertex 36.8349364905389 13.7500000000002 -76.1005869886967
vertex 37.2322330470336 13.2322330470338 -77.1005869886967
vertex 37.2322330470336 13.2322330470338 -76.1005869886967
endloop
endfacet
facet normal 0.707106781186546 0.707106781186549 0.0
outer loop
vertex 37.2322330470336 13.2322330470338 -77.1005869886967
vertex 36.8349364905389 13.7500000000002 -76.1005869886967
vertex 36.8349364905389 13.7500000000002 -77.1005869886967
endloop
endfacet
facet normal 0.5 0.866025403784439 0.0
outer loop
vertex 37.75 12.8349364905391 -76.1005869886967
vertex 37.2322330470336 13.2322330470338 -77.1005869886967
vertex 37.75 12.8349364905391 -77.1005869886967
endloop
endfacet
facet normal 0.707106781186546 0.707106781186549 0.0
outer loop
vertex 37.2322330470336 13.2322330470338 -77.1005869886967
vertex 37.75 12.8349364905391 -76.1005869886967
vertex 37.2322330470336 13.2322330470338 -76.1005869886967
endloop
endfacet
facet normal 0.258819045102523 0.965925826289068 0.0
outer loop
vertex 38.3529523872437 12.5851854342775 -76.1005869886967
vertex 37.75 12.8349364905391 -77.1005869886967
vertex 38.3529523872437 12.5851854342775 -77.1005869886967
endloop
endfacet
facet normal 0.5 0.866025403784439 0.0
outer loop
vertex 37.75 12.8349364905391 -77.1005869886967
vertex 38.3529523872437 12.5851854342775 -76.1005869886967
vertex 37.75 12.8349364905391 -76.1005869886967
endloop
endfacet
facet normal 2.13866637495526e-015 1.0 0.0
outer loop
vertex 39.0 12.5000000000002 -76.1005869886967
vertex 38.3529523872437 12.5851854342775 -77.1005869886967
vertex 39.0 12.5000000000002 -77.1005869886967
endloop
endfacet
facet normal 0.258819045102523 0.965925826289068 0.0
outer loop
vertex 38.3529523872437 12.5851854342775 -77.1005869886967
vertex 39.0 12.5000000000002 -76.1005869886967
vertex 38.3529523872437 12.5851854342775 -76.1005869886967
endloop
endfacet
facet normal -0.258819045102521 0.965925826289068 0.0
outer loop
vertex 39.6470476127563 12.5851854342775 -76.1005869886967
vertex 39.0 12.5000000000002 -77.1005869886967
vertex 39.6470476127563 12.5851854342775 -77.1005869886967
endloop
endfacet
facet normal 2.13866637495526e-015 1.0 0.0
outer loop
vertex 39.0 12.5000000000002 -77.1005869886967
vertex 39.6470476127563 12.5851854342775 -76.1005869886967
vertex 39.0 12.5000000000002 -76.1005869886967
endloop
endfacet
facet normal -0.500000000000001 0.866025403784438 0.0
outer loop
vertex 40.25 12.8349364905391 -76.1005869886967
vertex 39.6470476127563 12.5851854342775 -77.1005869886967
vertex 40.25 12.8349364905391 -77.1005869886967
endloop
endfacet
facet normal -0.258819045102521 0.965925826289068 0.0
outer loop
vertex 39.6470476127563 12.5851854342775 -77.1005869886967
vertex 40.25 12.8349364905391 -76.1005869886967
vertex 39.6470476127563 12.5851854342775 -76.1005869886967
endloop
endfacet
facet normal -0.707106781186547 0.707106781186548 0.0
outer loop
vertex 40.7677669529663 13.2322330470338 -76.1005869886967
vertex 40.25 12.8349364905391 -77.1005869886967
vertex 40.7677669529663 13.2322330470338 -77.1005869886967
endloop
endfacet
facet normal -0.500000000000001 0.866025403784438 0.0
outer loop
vertex 40.25 12.8349364905391 -77.1005869886967
vertex 40.7677669529663 13.2322330470338 -76.1005869886967
vertex 40.25 12.8349364905391 -76.1005869886967
endloop
endfacet
facet normal -0.866025403784438 0.5 0.0
outer loop
vertex 41.1650635094611 13.7500000000002 -77.1005869886967
vertex 40.7677669529663 13.2322330470338 -76.1005869886967
vertex 40.7677669529663 13.2322330470338 -77.1005869886967
endloop
endfacet
facet normal -0.707106781186547 0.707106781186548 0.0
outer loop
vertex 40.7677669529663 13.2322330470338 -76.1005869886967
vertex 41.1650635094611 13.7500000000002 -77.1005869886967
vertex 41.1650635094611 13.7500000000002 -76.1005869886967
endloop
endfacet
facet normal -0.965925826289068 0.258819045102522 0.0
outer loop
vertex 41.4148145657226 14.3529523872439 -77.1005869886967
vertex 41.1650635094611 13.7500000000002 -76.1005869886967
vertex 41.1650635094611 13.7500000000002 -77.1005869886967
endloop
endfacet
facet normal -0.866025403784438 0.5 0.0
outer loop
vertex 41.1650635094611 13.7500000000002 -76.1005869886967
vertex 41.4148145657226 14.3529523872439 -77.1005869886967
vertex 41.4148145657226 14.3529523872439 -76.1005869886967
endloop
endfacet
facet normal -1.0 5.61399923425755e-016 0.0
outer loop
vertex 41.5 15.0000000000002 -77.1005869886967
vertex 41.4148145657226 14.3529523872439 -76.1005869886967
vertex 41.4148145657226 14.3529523872439 -77.1005869886967
endloop
endfacet
facet normal -0.965925826289068 0.258819045102522 0.0
outer loop
vertex 41.4148145657226 14.3529523872439 -76.1005869886967
vertex 41.5 15.0000000000002 -77.1005869886967
vertex 41.5 15.0000000000002 -76.1005869886967
endloop
endfacet
facet normal -0.965925826289068 -0.258819045102523 0.0
outer loop
vertex 41.4148145657226 15.6470476127565 -77.1005869886967
vertex 41.5 15.0000000000002 -76.1005869886967
vertex 41.5 15.0000000000002 -77.1005869886967
endloop
endfacet
facet normal -1.0 5.61399923425755e-016 0.0
outer loop
vertex 41.5 15.0000000000002 -76.1005869886967
vertex 41.4148145657226 15.6470476127565 -77.1005869886967
vertex 41.4148145657226 15.6470476127565 -76.1005869886967
endloop
endfacet
facet normal -0.866025403784438 -0.500000000000002 0.0
outer loop
vertex 41.1650635094611 16.2500000000002 -77.1005869886967
vertex 41.4148145657226 15.6470476127565 -76.1005869886967
vertex 41.4148145657226 15.6470476127565 -77.1005869886967
endloop
endfacet
facet normal -0.965925826289068 -0.258819045102523 0.0
outer loop
vertex 41.4148145657226 15.6470476127565 -76.1005869886967
vertex 41.1650635094611 16.2500000000002 -77.1005869886967
vertex 41.1650635094611 16.2500000000002 -76.1005869886967
endloop
endfacet
facet normal -0.707106781186548 -0.707106781186547 0.0
outer loop
vertex 40.7677669529663 16.7677669529666 -77.1005869886967
vertex 41.1650635094611 16.2500000000002 -76.1005869886967
vertex 41.1650635094611 16.2500000000002 -77.1005869886967
endloop
endfacet
facet normal -0.866025403784438 -0.500000000000002 0.0
outer loop
vertex 41.1650635094611 16.2500000000002 -76.1005869886967
vertex 40.7677669529663 16.7677669529666 -77.1005869886967
vertex 40.7677669529663 16.7677669529666 -76.1005869886967
endloop
endfacet
facet normal -0.499999999999999 -0.866025403784439 0.0
outer loop
vertex 40.25 17.1650635094613 -76.1005869886967
vertex 40.7677669529663 16.7677669529666 -77.1005869886967
vertex 40.25 17.1650635094613 -77.1005869886967
endloop
endfacet
facet normal -0.707106781186548 -0.707106781186547 0.0
outer loop
vertex 40.7677669529663 16.7677669529666 -77.1005869886967
vertex 40.25 17.1650635094613 -76.1005869886967
vertex 40.7677669529663 16.7677669529666 -76.1005869886967
endloop
endfacet
facet normal -0.258819045102519 -0.965925826289069 0.0
outer loop
vertex 39.6470476127563 17.4148145657229 -76.1005869886967
vertex 40.25 17.1650635094613 -77.1005869886967
vertex 39.6470476127563 17.4148145657229 -77.1005869886967
endloop
endfacet
facet normal -0.499999999999999 -0.866025403784439 0.0
outer loop
vertex 40.25 17.1650635094613 -77.1005869886967
vertex 39.6470476127563 17.4148145657229 -76.1005869886967
vertex 40.25 17.1650635094613 -76.1005869886967
endloop
endfacet
facet normal 0.0 -1.0 0.0
outer loop
vertex 39.0 17.5000000000002 -76.1005869886967
vertex 39.6470476127563 17.4148145657229 -77.1005869886967
vertex 39.0 17.5000000000002 -77.1005869886967
endloop
endfacet
facet normal -0.258819045102519 -0.965925826289069 0.0
outer loop
vertex 39.6470476127563 17.4148145657229 -77.1005869886967
vertex 39.0 17.5000000000002 -76.1005869886967
vertex 39.6470476127563 17.4148145657229 -76.1005869886967
endloop
endfacet
facet normal 0.258819045102519 -0.965925826289069 0.0
outer loop
vertex 38.3529523872437 17.4148145657229 -76.1005869886967
vertex 39.0 17.5000000000002 -77.1005869886967
vertex 38.3529523872437 17.4148145657229 -77.1005869886967
endloop
endfacet
facet normal 0.0 -1.0 0.0
outer loop
vertex 39.0 17.5000000000002 -77.1005869886967
vertex 38.3529523872437 17.4148145657229 -76.1005869886967
vertex 39.0 17.5000000000002 -76.1005869886967
endloop
endfacet
facet normal 0.499999999999999 -0.866025403784439 0.0
outer loop
vertex 37.75 17.1650635094613 -76.1005869886967
vertex 38.3529523872437 17.4148145657229 -77.1005869886967
vertex 37.75 17.1650635094613 -77.1005869886967
endloop
endfacet
facet normal 0.258819045102519 -0.965925826289069 0.0
outer loop
vertex 38.3529523872437 17.4148145657229 -77.1005869886967
vertex 37.75 17.1650635094613 -76.1005869886967
vertex 38.3529523872437 17.4148145657229 -76.1005869886967
endloop
endfacet
facet normal 0.707106781186548 -0.707106781186547 0.0
outer loop
vertex 37.2322330470336 16.7677669529666 -76.1005869886967
vertex 37.75 17.1650635094613 -77.1005869886967
vertex 37.2322330470336 16.7677669529666 -77.1005869886967
endloop
endfacet
facet normal 0.499999999999999 -0.866025403784439 0.0
outer loop
vertex 37.75 17.1650635094613 -77.1005869886967
vertex 37.2322330470336 16.7677669529666 -76.1005869886967
vertex 37.75 17.1650635094613 -76.1005869886967
endloop
endfacet
facet normal 0.707106781186548 -0.707106781186547 0.0
outer loop
vertex 37.2322330470336 16.7677669529666 -76.1005869886967
vertex 36.8349364905389 16.2500000000002 -77.1005869886967
vertex 36.8349364905389 16.2500000000002 -76.1005869886967
endloop
endfacet
facet normal 0.866025403784438 -0.500000000000002 0.0
outer loop
vertex 36.8349364905389 16.2500000000002 -77.1005869886967
vertex 37.2322330470336 16.7677669529666 -76.1005869886967
vertex 37.2322330470336 16.7677669529666 -77.1005869886967
endloop
endfacet
facet normal 0.866025403784438 -0.500000000000002 0.0
outer loop
vertex 36.8349364905389 16.2500000000002 -76.1005869886967
vertex 36.5851854342773 15.6470476127565 -77.1005869886967
vertex 36.5851854342773 15.6470476127565 -76.1005869886967
endloop
endfacet
facet normal 0.965925826289068 -0.258819045102523 0.0
outer loop
vertex 36.5851854342773 15.6470476127565 -77.1005869886967
vertex 36.8349364905389 16.2500000000002 -76.1005869886967
vertex 36.8349364905389 16.2500000000002 -77.1005869886967
endloop
endfacet
facet normal 0.965925826289068 -0.258819045102523 0.0
outer loop
vertex 36.5851854342773 15.6470476127565 -76.1005869886967
vertex 36.5 15.0000000000002 -77.1005869886967
vertex 36.5 15.0000000000002 -76.1005869886967
endloop
endfacet
facet normal 1.0 -5.61399923425755e-016 0.0
outer loop
vertex 36.5 15.0000000000002 -77.1005869886967
vertex 36.5851854342773 15.6470476127565 -76.1005869886967
vertex 36.5851854342773 15.6470476127565 -77.1005869886967
endloop
endfacet
facet normal 0.0 0.0 1.0
outer loop
vertex -1.57685049839896 14.3507190479063 -77.1005869886967
vertex -1.57685049839896 15.6492809520941 -77.1005869886967
vertex -1.49137103941988 15.0000000000002 -77.1005869886967
endloop
endfacet
facet normal 0.0 0.0 1.0
outer loop
vertex -1.57685049839896 15.6492809520941 -77.1005869886967
vertex -1.57685049839896 14.3507190479063 -77.1005869886967
vertex -1.82746359146828 13.7456855197101 -77.1005869886967
endloop
endfacet
facet normal 0.0 0.0 1.0
outer loop
vertex -1.57685049839896 15.6492809520941 -77.1005869886967
vertex -1.82746359146828 13.7456855197101 -77.1005869886967
vertex -1.82746359146827 16.2543144802903 -77.1005869886967
endloop
endfacet
facet normal 0.0 0.0 1.0
outer loop
vertex -1.82746359146827 16.2543144802903 -77.1005869886967
vertex -1.82746359146828 13.7456855197101 -77.1005869886967
vertex -2.22613145049285 16.7738685495074 -77.1005869886967
endloop
endfacet
facet normal 0.0 0.0 1.0
outer loop
vertex -2.22613145049285 16.7738685495074 -77.1005869886967
vertex -1.82746359146828 13.7456855197101 -77.1005869886967
vertex -2.22613145049285 13.226131450493 -77.1005869886967
endloop
endfacet
facet normal 0.0 0.0 1.0
outer loop
vertex -2.22613145049285 16.7738685495074 -77.1005869886967
vertex -2.22613145049285 13.226131450493 -77.1005869886967
vertex -2.74568551970995 17.172536408532 -77.1005869886967
endloop
endfacet
facet normal 0.0 0.0 1.0
outer loop
vertex -2.74568551970995 17.172536408532 -77.1005869886967
vertex -2.22613145049285 13.226131450493 -77.1005869886967
vertex -2.74568551970995 12.8274635914684 -77.1005869886967
endloop
endfacet
facet normal 0.0 0.0 1.0
outer loop
vertex -2.74568551970995 17.172536408532 -77.1005869886967
vertex -2.74568551970995 12.8274635914684 -77.1005869886967
vertex -2.80000000000003 15.0000000000002 -77.1005869886967
endloop
endfacet
facet normal 0.0 0.0 1.0
outer loop
vertex -2.80000000000003 15.0000000000002 -77.1005869886967
vertex -2.74568551970995 12.8274635914684 -77.1005869886967
vertex -2.85111126056643 14.6117714323464 -77.1005869886967
endloop
endfacet
facet normal 0.0 0.0 1.0
outer loop
vertex -2.85111126056643 14.6117714323464 -77.1005869886967
vertex -2.74568551970995 12.8274635914684 -77.1005869886967
vertex -3.35071904790614 12.5768504983991 -77.1005869886967
endloop
endfacet
facet normal 0.0 0.0 1.0
outer loop
vertex -2.85111126056643 14.6117714323464 -77.1005869886967
vertex -3.35071904790614 12.5768504983991 -77.1005869886967
vertex -3.00096189432338 14.2500000000002 -77.1005869886967
endloop
endfacet
facet normal 0.0 0.0 1.0
outer loop
vertex -3.00096189432338 14.2500000000002 -77.1005869886967
vertex -3.35071904790614 12.5768504983991 -77.1005869886967
vertex -3.23933982822021 13.9393398282204 -77.1005869886967
endloop
endfacet
facet normal 0.0 0.0 1.0
outer loop
vertex -3.23933982822021 13.9393398282204 -77.1005869886967
vertex -3.35071904790614 12.5768504983991 -77.1005869886967
vertex -3.55000000000003 13.7009618943235 -77.1005869886967
endloop
endfacet
facet normal 0.0 0.0 1.0
outer loop
vertex -3.55000000000003 13.7009618943235 -77.1005869886967
vertex -3.35071904790614 12.5768504983991 -77.1005869886967
vertex -4.00000000000003 12.49137103942 -77.1005869886967
endloop
endfacet
facet normal 0.0 0.0 1.0
outer loop
vertex -3.55000000000003 13.7009618943235 -77.1005869886967
vertex -4.00000000000003 12.49137103942 -77.1005869886967
vertex -3.91177143234625 13.5511112605666 -77.1005869886967
endloop
endfacet
facet normal 0.0 0.0 1.0
outer loop
vertex -3.91177143234625 13.5511112605666 -77.1005869886967
vertex -4.00000000000003 12.49137103942 -77.1005869886967
vertex -4.30000000000003 13.5000000000002 -77.1005869886967
endloop
endfacet
facet normal 0.0 0.0 1.0
outer loop
vertex -4.30000000000003 13.5000000000002 -77.1005869886967
vertex -4.00000000000003 12.49137103942 -77.1005869886967
vertex -4.64928095209392 12.5768504983991 -77.1005869886967
endloop
endfacet
facet normal 0.0 0.0 1.0
outer loop
vertex -4.30000000000003 13.5000000000002 -77.1005869886967
vertex -4.64928095209392 12.5768504983991 -77.1005869886967
vertex -4.68822856765382 13.5511112605666 -77.1005869886967
endloop
endfacet
facet normal 0.0 0.0 1.0
outer loop
vertex -4.68822856765382 13.5511112605666 -77.1005869886967
vertex -4.64928095209392 12.5768504983991 -77.1005869886967
vertex -5.25431448029011 12.8274635914684 -77.1005869886967
endloop
endfacet
facet normal 0.0 0.0 1.0
outer loop
vertex -4.68822856765382 13.5511112605666 -77.1005869886967
vertex -5.25431448029011 12.8274635914684 -77.1005869886967
vertex -5.05000000000003 13.7009618943235 -77.1005869886967
endloop
endfacet
facet normal 0.0 0.0 1.0
outer loop
vertex -5.05000000000003 13.7009618943235 -77.1005869886967
vertex -5.25431448029011 12.8274635914684 -77.1005869886967
vertex -5.36066017177985 13.9393398282204 -77.1005869886967
endloop
endfacet
facet normal 0.0 0.0 1.0
outer loop
vertex -5.36066017177985 13.9393398282204 -77.1005869886967
vertex -5.25431448029011 12.8274635914684 -77.1005869886967
vertex -5.77386854950722 13.226131450493 -77.1005869886967
endloop
endfacet
facet normal 0.0 0.0 1.0
outer loop
vertex -5.36066017177985 13.9393398282204 -77.1005869886967
vertex -5.77386854950722 13.226131450493 -77.1005869886967
vertex -5.59903810567669 14.2500000000002 -77.1005869886967
endloop
endfacet
facet normal 0.0 0.0 1.0
outer loop
vertex -5.59903810567669 14.2500000000002 -77.1005869886967
vertex -5.77386854950722 13.226131450493 -77.1005869886967
vertex -5.74888873943363 14.6117714323464 -77.1005869886967
endloop
endfacet
facet normal 0.0 0.0 1.0
outer loop
vertex -5.74888873943363 14.6117714323464 -77.1005869886967
vertex -5.77386854950722 13.226131450493 -77.1005869886967
vertex -5.80000000000003 15.0000000000002 -77.1005869886967
endloop
endfacet
facet normal 0.0 0.0 1.0
outer loop
vertex -5.80000000000003 15.0000000000002 -77.1005869886967
vertex -5.77386854950722 13.226131450493 -77.1005869886967
vertex -6.17253640853179 13.7456855197101 -77.1005869886967
endloop
endfacet
facet normal 0.0 0.0 1.0
outer loop
vertex -2.74568551970995 17.172536408532 -77.1005869886967
vertex -2.85111126056643 15.388228567654 -77.1005869886967
vertex -3.35071904790614 17.4231495016013 -77.1005869886967
endloop
endfacet
facet normal 0.0 0.0 1.0
outer loop
vertex -2.85111126056643 15.388228567654 -77.1005869886967
vertex -2.74568551970995 17.172536408532 -77.1005869886967
vertex -2.80000000000003 15.0000000000002 -77.1005869886967
endloop
endfacet
facet normal 0.0 0.0 1.0
outer loop
vertex -3.35071904790614 17.4231495016013 -77.1005869886967
vertex -2.85111126056643 15.388228567654 -77.1005869886967
vertex -3.00096189432338 15.7500000000002 -77.1005869886967
endloop
endfacet
facet normal 0.0 0.0 1.0
outer loop
vertex -3.35071904790614 17.4231495016013 -77.1005869886967
vertex -3.00096189432338 15.7500000000002 -77.1005869886967
vertex -3.23933982822021 16.06066017178 -77.1005869886967
endloop
endfacet
facet normal 0.0 0.0 1.0
outer loop
vertex -3.35071904790614 17.4231495016013 -77.1005869886967
vertex -3.23933982822021 16.06066017178 -77.1005869886967
vertex -3.55000000000003 16.2990381056769 -77.1005869886967
endloop
endfacet
facet normal 0.0 0.0 1.0
outer loop
vertex -3.35071904790614 17.4231495016013 -77.1005869886967
vertex -3.55000000000003 16.2990381056769 -77.1005869886967
vertex -4.00000000000003 17.5086289605804 -77.1005869886967
endloop
endfacet
facet normal 0.0 0.0 1.0
outer loop
vertex -4.00000000000003 17.5086289605804 -77.1005869886967
vertex -3.55000000000003 16.2990381056769 -77.1005869886967
vertex -3.91177143234625 16.4488887394338 -77.1005869886967
endloop
endfacet
facet normal 0.0 0.0 1.0
outer loop
vertex -4.00000000000003 17.5086289605804 -77.1005869886967
vertex -3.91177143234625 16.4488887394338 -77.1005869886967
vertex -4.30000000000003 16.5000000000002 -77.1005869886967
endloop
endfacet
facet normal 0.0 0.0 1.0
outer loop
vertex -4.00000000000003 17.5086289605804 -77.1005869886967
vertex -4.30000000000003 16.5000000000002 -77.1005869886967
vertex -4.64928095209391 17.4231495016013 -77.1005869886967
endloop
endfacet
facet normal 0.0 0.0 1.0
outer loop
vertex -4.64928095209391 17.4231495016013 -77.1005869886967
vertex -4.30000000000003 16.5000000000002 -77.1005869886967
vertex -4.68822856765381 16.4488887394338 -77.1005869886967
endloop
endfacet
facet normal 0.0 0.0 1.0
outer loop
vertex -4.64928095209391 17.4231495016013 -77.1005869886967
vertex -4.68822856765381 16.4488887394338 -77.1005869886967
vertex -5.25431448029012 17.172536408532 -77.1005869886967
endloop
endfacet
facet normal 0.0 0.0 1.0
outer loop
vertex -5.25431448029012 17.172536408532 -77.1005869886967
vertex -4.68822856765381 16.4488887394338 -77.1005869886967
vertex -5.05000000000003 16.2990381056769 -77.1005869886967
endloop
endfacet
facet normal 0.0 0.0 1.0
outer loop
vertex -5.25431448029012 17.172536408532 -77.1005869886967
vertex -5.05000000000003 16.2990381056769 -77.1005869886967
vertex -5.36066017177985 16.06066017178 -77.1005869886967
endloop
endfacet
facet normal 0.0 0.0 1.0
outer loop
vertex -5.25431448029012 17.172536408532 -77.1005869886967
vertex -5.36066017177985 16.06066017178 -77.1005869886967
vertex -5.77386854950721 16.7738685495074 -77.1005869886967
endloop
endfacet
facet normal 0.0 0.0 1.0
outer loop
vertex -5.77386854950721 16.7738685495074 -77.1005869886967
vertex -5.36066017177985 16.06066017178 -77.1005869886967
vertex -5.59903810567669 15.7500000000002 -77.1005869886967
endloop
endfacet
facet normal 0.0 0.0 1.0
outer loop
vertex -5.77386854950721 16.7738685495074 -77.1005869886967
vertex -5.59903810567669 15.7500000000002 -77.1005869886967
vertex -5.74888873943363 15.388228567654 -77.1005869886967
endloop
endfacet
facet normal 0.0 0.0 1.0
outer loop
vertex -5.77386854950721 16.7738685495074 -77.1005869886967
vertex -5.74888873943363 15.388228567654 -77.1005869886967
vertex -5.80000000000003 15.0000000000002 -77.1005869886967
endloop
endfacet
facet normal 0.0 0.0 1.0
outer loop
vertex -5.77386854950721 16.7738685495074 -77.1005869886967
vertex -5.80000000000003 15.0000000000002 -77.1005869886967
vertex -6.1725364085318 16.2543144802903 -77.1005869886967
endloop
endfacet
facet normal 0.0 0.0 1.0
outer loop
vertex -6.1725364085318 16.2543144802903 -77.1005869886967
vertex -5.80000000000003 15.0000000000002 -77.1005869886967
vertex -6.17253640853179 13.7456855197101 -77.1005869886967
endloop
endfacet
facet normal 0.0 0.0 1.0
outer loop
vertex -6.1725364085318 16.2543144802903 -77.1005869886967
vertex -6.17253640853179 13.7456855197101 -77.1005869886967
vertex -6.4231495016011 14.3507190479063 -77.1005869886967
endloop
endfacet
facet normal 0.0 0.0 1.0
outer loop
vertex -6.1725364085318 16.2543144802903 -77.1005869886967
vertex -6.4231495016011 14.3507190479063 -77.1005869886967
vertex -6.4231495016011 15.6492809520941 -77.1005869886967
endloop
endfacet
facet normal 0.0 0.0 1.0
outer loop
vertex -6.4231495016011 15.6492809520941 -77.1005869886967
vertex -6.4231495016011 14.3507190479063 -77.1005869886967
vertex -6.50862896058019 15.0000000000002 -77.1005869886967
endloop
endfacet
facet normal -0.258819045102529 -0.965925826289066 0.0
outer loop
vertex -3.35071904790614 17.4231495016013 -76.1005869886967
vertex -2.74568551970995 17.172536408532 -77.1005869886967
vertex -3.35071904790614 17.4231495016013 -77.1005869886967
endloop
endfacet
facet normal -0.500000000000003 -0.866025403784437 0.0
outer loop
vertex -2.74568551970995 17.172536408532 -77.1005869886967
vertex -3.35071904790614 17.4231495016013 -76.1005869886967
vertex -2.74568551970995 17.172536408532 -76.1005869886967
endloop
endfacet
facet normal 1.76439975933809e-015 -1.0 0.0
outer loop
vertex -4.00000000000003 17.5086289605804 -76.1005869886967
vertex -3.35071904790614 17.4231495016013 -77.1005869886967
vertex -4.00000000000003 17.5086289605804 -77.1005869886967
endloop
endfacet
facet normal -0.258819045102529 -0.965925826289066 0.0
outer loop
vertex -3.35071904790614 17.4231495016013 -77.1005869886967
vertex -4.00000000000003 17.5086289605804 -76.1005869886967
vertex -3.35071904790614 17.4231495016013 -76.1005869886967
endloop
endfacet
facet normal 0.258819045102527 -0.965925826289067 0.0
outer loop
vertex -4.64928095209391 17.4231495016013 -76.1005869886967
vertex -4.00000000000003 17.5086289605804 -77.1005869886967
vertex -4.64928095209391 17.4231495016013 -77.1005869886967
endloop
endfacet
facet normal 1.76439975933809e-015 -1.0 0.0
outer loop
vertex -4.00000000000003 17.5086289605804 -77.1005869886967
vertex -4.64928095209391 17.4231495016013 -76.1005869886967
vertex -4.00000000000003 17.5086289605804 -76.1005869886967
endloop
endfacet
facet normal 0.500000000000004 -0.866025403784437 0.0
outer loop
vertex -5.25431448029012 17.172536408532 -76.1005869886967
vertex -4.64928095209391 17.4231495016013 -77.1005869886967
vertex -5.25431448029012 17.172536408532 -77.1005869886967
endloop
endfacet
facet normal 0.258819045102527 -0.965925826289067 0.0
outer loop
vertex -4.64928095209391 17.4231495016013 -77.1005869886967
vertex -5.25431448029012 17.172536408532 -76.1005869886967
vertex -4.64928095209391 17.4231495016013 -76.1005869886967
endloop
endfacet
facet normal 0.707106781186544 -0.707106781186551 0.0
outer loop
vertex -5.77386854950721 16.7738685495074 -76.1005869886967
vertex -5.25431448029012 17.172536408532 -77.1005869886967
vertex -5.77386854950721 16.7738685495074 -77.1005869886967
endloop
endfacet
facet normal 0.500000000000004 -0.866025403784437 0.0
outer loop
vertex -5.25431448029012 17.172536408532 -77.1005869886967
vertex -5.77386854950721 16.7738685495074 -76.1005869886967
vertex -5.25431448029012 17.172536408532 -76.1005869886967
endloop
endfacet
facet normal 0.707106781186544 -0.707106781186551 0.0
outer loop
vertex -5.77386854950721 16.7738685495074 -76.1005869886967
vertex -6.1725364085318 16.2543144802903 -77.1005869886967
vertex -6.1725364085318 16.2543144802903 -76.1005869886967
endloop
endfacet
facet normal 0.866025403784435 -0.500000000000007 0.0
outer loop
vertex -6.1725364085318 16.2543144802903 -77.1005869886967
vertex -5.77386854950721 16.7738685495074 -76.1005869886967
vertex -5.77386854950721 16.7738685495074 -77.1005869886967
endloop
endfacet
facet normal 0.866025403784435 -0.500000000000007 0.0
outer loop
vertex -6.1725364085318 16.2543144802903 -76.1005869886967
vertex -6.4231495016011 15.6492809520941 -77.1005869886967
vertex -6.4231495016011 15.6492809520941 -76.1005869886967
endloop
endfacet
facet normal 0.965925826289067 -0.258819045102525 0.0
outer loop
vertex -6.4231495016011 15.6492809520941 -77.1005869886967
vertex -6.1725364085318 16.2543144802903 -76.1005869886967
vertex -6.1725364085318 16.2543144802903 -77.1005869886967
endloop
endfacet
facet normal 0.965925826289067 -0.258819045102525 0.0
outer loop
vertex -6.4231495016011 15.6492809520941 -76.1005869886967
vertex -6.50862896058019 15.0000000000002 -77.1005869886967
vertex -6.50862896058019 15.0000000000002 -76.1005869886967
endloop
endfacet
facet normal 1.0 -2.85155516660701e-016 0.0
outer loop
vertex -6.50862896058019 15.0000000000002 -77.1005869886967
vertex -6.4231495016011 15.6492809520941 -76.1005869886967
vertex -6.4231495016011 15.6492809520941 -77.1005869886967
endloop
endfacet
facet normal 1.0 -2.85155516660701e-016 0.0
outer loop
vertex -6.50862896058019 15.0000000000002 -76.1005869886967
vertex -6.4231495016011 14.3507190479063 -77.1005869886967
vertex -6.4231495016011 14.3507190479063 -76.1005869886967
endloop
endfacet
facet normal 0.965925826289066 0.258819045102529 0.0
outer loop
vertex -6.4231495016011 14.3507190479063 -77.1005869886967
vertex -6.50862896058019 15.0000000000002 -76.1005869886967
vertex -6.50862896058019 15.0000000000002 -77.1005869886967
endloop
endfacet
facet normal 0.965925826289066 0.258819045102529 0.0
outer loop
vertex -6.4231495016011 14.3507190479063 -76.1005869886967
vertex -6.17253640853179 13.7456855197101 -77.1005869886967
vertex -6.17253640853179 13.7456855197101 -76.1005869886967
endloop
endfacet
facet normal 0.866025403784435 0.500000000000006 0.0
outer loop
vertex -6.17253640853179 13.7456855197101 -77.1005869886967
vertex -6.4231495016011 14.3507190479063 -76.1005869886967
vertex -6.4231495016011 14.3507190479063 -77.1005869886967
endloop
endfacet
facet normal 0.866025403784435 0.500000000000006 0.0
outer loop
vertex -6.17253640853179 13.7456855197101 -76.1005869886967
vertex -5.77386854950722 13.226131450493 -77.1005869886967
vertex -5.77386854950722 13.226131450493 -76.1005869886967
endloop
endfacet
facet normal 0.707106781186548 0.707106781186547 0.0
outer loop
vertex -5.77386854950722 13.226131450493 -77.1005869886967
vertex -6.17253640853179 13.7456855197101 -76.1005869886967
vertex -6.17253640853179 13.7456855197101 -77.1005869886967
endloop
endfacet
facet normal 0.500000000000005 0.866025403784436 0.0
outer loop
vertex -5.25431448029011 12.8274635914684 -76.1005869886967
vertex -5.77386854950722 13.226131450493 -77.1005869886967
vertex -5.25431448029011 12.8274635914684 -77.1005869886967
endloop
endfacet
facet normal 0.707106781186548 0.707106781186547 0.0
outer loop
vertex -5.77386854950722 13.226131450493 -77.1005869886967
vertex -5.25431448029011 12.8274635914684 -76.1005869886967
vertex -5.77386854950722 13.226131450493 -76.1005869886967
endloop
endfacet
facet normal 0.258819045102527 0.965925826289067 0.0
outer loop
vertex -4.64928095209392 12.5768504983991 -76.1005869886967
vertex -5.25431448029011 12.8274635914684 -77.1005869886967
vertex -4.64928095209392 12.5768504983991 -77.1005869886967
endloop
endfacet
facet normal 0.500000000000005 0.866025403784436 0.0
outer loop
vertex -5.25431448029011 12.8274635914684 -77.1005869886967
vertex -4.64928095209392 12.5768504983991 -76.1005869886967
vertex -5.25431448029011 12.8274635914684 -76.1005869886967
endloop
endfacet
facet normal 7.84177670816928e-016 1.0 0.0
outer loop
vertex -4.00000000000003 12.49137103942 -76.1005869886967
vertex -4.64928095209392 12.5768504983991 -77.1005869886967
vertex -4.00000000000003 12.49137103942 -77.1005869886967
endloop
endfacet
facet normal 0.258819045102527 0.965925826289067 0.0
outer loop
vertex -4.64928095209392 12.5768504983991 -77.1005869886967
vertex -4.00000000000003 12.49137103942 -76.1005869886967
vertex -4.64928095209392 12.5768504983991 -76.1005869886967
endloop
endfacet
facet normal -0.258819045102529 0.965925826289066 0.0
outer loop
vertex -3.35071904790614 12.5768504983991 -76.1005869886967
vertex -4.00000000000003 12.49137103942 -77.1005869886967
vertex -3.35071904790614 12.5768504983991 -77.1005869886967
endloop
endfacet
facet normal 7.84177670816928e-016 1.0 0.0
outer loop
vertex -4.00000000000003 12.49137103942 -77.1005869886967
vertex -3.35071904790614 12.5768504983991 -76.1005869886967
vertex -4.00000000000003 12.49137103942 -76.1005869886967
endloop
endfacet
facet normal -0.500000000000006 0.866025403784435 0.0
outer loop
vertex -2.74568551970995 12.8274635914684 -76.1005869886967
vertex -3.35071904790614 12.5768504983991 -77.1005869886967
vertex -2.74568551970995 12.8274635914684 -77.1005869886967
endloop
endfacet
facet normal -0.258819045102529 0.965925826289066 0.0
outer loop
vertex -3.35071904790614 12.5768504983991 -77.1005869886967
vertex -2.74568551970995 12.8274635914684 -76.1005869886967
vertex -3.35071904790614 12.5768504983991 -76.1005869886967
endloop
endfacet
facet normal -0.707106781186544 0.707106781186552 0.0
outer loop
vertex -2.22613145049285 13.226131450493 -76.1005869886967
vertex -2.74568551970995 12.8274635914684 -77.1005869886967
vertex -2.22613145049285 13.226131450493 -77.1005869886967
endloop
endfacet
facet normal -0.500000000000006 0.866025403784435 0.0
outer loop
vertex -2.74568551970995 12.8274635914684 -77.1005869886967
vertex -2.22613145049285 13.226131450493 -76.1005869886967
vertex -2.74568551970995 12.8274635914684 -76.1005869886967
endloop
endfacet
facet normal -0.866025403784435 0.500000000000007 0.0
outer loop
vertex -1.82746359146828 13.7456855197101 -77.1005869886967
vertex -2.22613145049285 13.226131450493 -76.1005869886967
vertex -2.22613145049285 13.226131450493 -77.1005869886967
endloop
endfacet
facet normal -0.707106781186544 0.707106781186552 0.0
outer loop
vertex -2.22613145049285 13.226131450493 -76.1005869886967
vertex -1.82746359146828 13.7456855197101 -77.1005869886967
vertex -1.82746359146828 13.7456855197101 -76.1005869886967
endloop
endfacet
facet normal -0.965925826289067 0.258819045102526 0.0
outer loop
vertex -1.57685049839896 14.3507190479063 -77.1005869886967
vertex -1.82746359146828 13.7456855197101 -76.1005869886967
vertex -1.82746359146828 13.7456855197101 -77.1005869886967
endloop
endfacet
facet normal -0.866025403784435 0.500000000000007 0.0
outer loop
vertex -1.82746359146828 13.7456855197101 -76.1005869886967
vertex -1.57685049839896 14.3507190479063 -77.1005869886967
vertex -1.57685049839896 14.3507190479063 -76.1005869886967
endloop
endfacet
facet normal -1.0 0.0 0.0
outer loop
vertex -1.49137103941988 15.0000000000002 -77.1005869886967
vertex -1.57685049839896 14.3507190479063 -76.1005869886967
vertex -1.57685049839896 14.3507190479063 -77.1005869886967
endloop
endfacet
facet normal -0.965925826289067 0.258819045102526 0.0
outer loop
vertex -1.57685049839896 14.3507190479063 -76.1005869886967
vertex -1.49137103941988 15.0000000000002 -77.1005869886967
vertex -1.49137103941988 15.0000000000002 -76.1005869886967
endloop
endfacet
facet normal -0.965925826289066 -0.258819045102529 0.0
outer loop
vertex -1.57685049839896 15.6492809520941 -77.1005869886967
vertex -1.49137103941988 15.0000000000002 -76.1005869886967
vertex -1.49137103941988 15.0000000000002 -77.1005869886967
endloop
endfacet
facet normal -1.0 0.0 0.0
outer loop
vertex -1.49137103941988 15.0000000000002 -76.1005869886967
vertex -1.57685049839896 15.6492809520941 -77.1005869886967
vertex -1.57685049839896 15.6492809520941 -76.1005869886967
endloop
endfacet
facet normal -0.866025403784438 -0.500000000000001 0.0
outer loop
vertex -1.82746359146827 16.2543144802903 -77.1005869886967
vertex -1.57685049839896 15.6492809520941 -76.1005869886967
vertex -1.57685049839896 15.6492809520941 -77.1005869886967
endloop
endfacet
facet normal -0.965925826289066 -0.258819045102529 0.0
outer loop
vertex -1.57685049839896 15.6492809520941 -76.1005869886967
vertex -1.82746359146827 16.2543144802903 -77.1005869886967
vertex -1.82746359146827 16.2543144802903 -76.1005869886967
endloop
endfacet
facet normal -0.707106781186548 -0.707106781186547 0.0
outer loop
vertex -2.22613145049285 16.7738685495074 -77.1005869886967
vertex -1.82746359146827 16.2543144802903 -76.1005869886967
vertex -1.82746359146827 16.2543144802903 -77.1005869886967
endloop
endfacet
facet normal -0.866025403784438 -0.500000000000001 0.0
outer loop
vertex -1.82746359146827 16.2543144802903 -76.1005869886967
vertex -2.22613145049285 16.7738685495074 -77.1005869886967
vertex -2.22613145049285 16.7738685495074 -76.1005869886967
endloop
endfacet
facet normal -0.500000000000003 -0.866025403784437 0.0
outer loop
vertex -2.74568551970995 17.172536408532 -76.1005869886967
vertex -2.22613145049285 16.7738685495074 -77.1005869886967
vertex -2.74568551970995 17.172536408532 -77.1005869886967
endloop
endfacet
facet normal -0.707106781186548 -0.707106781186547 0.0
outer loop
vertex -2.22613145049285 16.7738685495074 -77.1005869886967
vertex -2.74568551970995 17.172536408532 -76.1005869886967
vertex -2.22613145049285 16.7738685495074 -76.1005869886967
endloop
endfacet
endsolid horizontal-hub
